task,model,epoch,train_loss,val_mse,train_loss_q25,val_mse_q25,train_loss_q75,val_mse_q75
delay,qlstm,1,0.34047464694295604,0.3320310286113194,0.3332534506065505,0.3294236401149205,0.347020178096635,0.3361878715242658
delay,qlstm,2,0.32889715382031026,0.3250883218220302,0.32473838716745373,0.31717839888163973,0.3335176049811499,0.332357770715441
delay,qlstm,3,0.3138508452687945,0.3044229105540684,0.3009766332592283,0.286033958026341,0.3317012799211911,0.3307513427734375
delay,qlstm,4,0.28810175129345483,0.2814275789260864,0.2787177025846072,0.2771113290105547,0.3250398415327072,0.31549043519156317
delay,qlstm,5,0.27736788707120075,0.27934202466692243,0.2756192879165922,0.27460751669747485,0.30213830317769724,0.28588685103825157
delay,qlstm,6,0.2764327577182224,0.2775297607694353,0.2744860975231443,0.2731737043176378,0.2803205276812825,0.2795356464385986
delay,qlstm,7,0.27548386360917765,0.27619944299970345,0.2738669013977051,0.2721285731451852,0.2769351951565061,0.2785540805544172
delay,qlstm,8,0.27480881222656794,0.27498773268290927,0.27280951955488747,0.27124383500644134,0.27613473985876347,0.27768687111990786
delay,qlstm,9,0.2741015185628618,0.2740526662554059,0.2714857218520981,0.27029626948492863,0.27577396201235904,0.2773670319148472
delay,qlstm,10,0.273370874268668,0.2729038231713431,0.26964127208505356,0.2691828737940107,0.27492857383830205,0.2771304300853184
delay,qlstm,11,0.2726882593972342,0.2719943489347185,0.26825221938746313,0.26819598078727713,0.27433972056422906,0.2769016129629952
delay,qlstm,12,0.27193982865129196,0.27085135902677265,0.26702166974544517,0.2664963572365897,0.2739220901897975,0.276613506930215
delay,qlstm,13,0.27099794813564837,0.26982865571975706,0.2659690408195768,0.2646924883978707,0.27360159363065445,0.27603602170944214
delay,qlstm,14,0.2700658014842442,0.2688160416058132,0.26486869113785877,0.26270659787314277,0.27304723628929684,0.27546806250299727
delay,qlstm,15,0.2691703147547585,0.26823429618562966,0.26279090063912525,0.26124826005526947,0.272301829286984,0.2750685998371669
delay,qlstm,16,0.26800811367375504,0.26723563534872874,0.2607667171103613,0.26046169757843013,0.2715779871174267,0.27472644584519523
delay,qlstm,17,0.26688631108828953,0.2660485519681658,0.2590497928857803,0.2611079542977469,0.2708449648107801,0.27413167715072634
delay,qlstm,18,0.26576032536370414,0.26464434010641913,0.25779390582016537,0.25929880874497546,0.2702993428707122,0.27359749300139286
delay,qlstm,19,0.26461823437895093,0.26333539383752,0.2564975464344024,0.2589412432057517,0.2699661067553929,0.27298957313810074
delay,qlstm,20,0.26330548950604027,0.2618969110080174,0.25555447546499116,0.2575458715643201,0.26931490063667296,0.27231525625501357
delay,qlstm,21,0.26227682211569375,0.2613161104066031,0.25470382977809225,0.2550850713253021,0.2687681389280728,0.2713433558600289
delay,qlstm,22,0.2614459858621869,0.2610435441562108,0.2539030108281544,0.25388016462326046,0.2683049410155841,0.27009153928075513
delay,qlstm,23,0.26081543394497464,0.26079515729631697,0.2532669639800276,0.25313958031790595,0.26746527739933557,0.2686084037167685
delay,qlstm,24,0.2604723788159234,0.260266956942422,0.252615027810846,0.2526301068919045,0.26615069150924686,0.2668674746581486
delay,qlstm,25,0.2600941343818392,0.2598764736311776,0.2519777818024158,0.2521864787169865,0.26505497736590244,0.26602119343621383
delay,qlstm,26,0.2600107253449304,0.2596477096421378,0.2515912185609341,0.2520561143330165,0.2636326813272067,0.26593101790973117
delay,qlstm,27,0.25895061663218905,0.25885634592601225,0.2510731190443039,0.25155912722860063,0.2631397808449609,0.2652929541042872
delay,qlstm,28,0.2577709260157176,0.2582773501532418,0.250676050292594,0.251232727425439,0.2624634876421519,0.2649804026739938
delay,qlstm,29,0.2575233478205544,0.25799460104533606,0.25034118309617037,0.25082209297588887,0.2619604848538126,0.26456901618412565
delay,qlstm,30,0.2572334455592291,0.2578286491121564,0.25006285062858036,0.25050013354846407,0.26142957440444403,0.264256340265274
delay,qlstm,31,0.2566997065714427,0.25762348004749847,0.24985499520386967,0.2503854428018842,0.2610133470807756,0.26422798803874425
delay,qlstm,32,0.25645372424806867,0.25745631592614304,0.24945004837853565,0.2500050592422485,0.2607313685544899,0.2638114983694894
delay,qlstm,33,0.25608915235315044,0.25736594404493063,0.24921608324561795,0.24968872989927016,0.26037933877536223,0.26319452047348013
delay,qlstm,34,0.2558452358416149,0.2570118791716439,0.24875145927071568,0.24986267021724148,0.2598128416495663,0.26249933038439066
delay,qlstm,35,0.25550185782568796,0.25691216026033675,0.2485591293019907,0.24882700136729646,0.25944318220019336,0.2621708398205893
delay,qlstm,36,0.2547001817822456,0.25657711574009484,0.24833710061652317,0.24802818604878019,0.2592194731746401,0.2615895509719849
delay,qlstm,37,0.2541638197217668,0.2563369907651629,0.24807432072503222,0.24833058340208866,0.25894139779465536,0.26129359057971413
delay,qlstm,38,0.2537123078959329,0.25611436571393686,0.2479228096136025,0.24756560478891643,0.2587624561360904,0.26124703969274243
delay,qlstm,39,0.2530911576747894,0.2560196508680071,0.24769765123724938,0.24722782799175802,0.2587306788137981,0.2605707274164472
delay,qlstm,40,0.2525643810204097,0.2558355849129813,0.24760613109384255,0.24686076947620933,0.25853220909833907,0.26080268144607544
delay,qlstm,41,0.2522527026278632,0.2556510744776045,0.24728772582752362,0.2467030433246067,0.25833979082959035,0.2601388042313712
delay,qlstm,42,0.2519756544913564,0.2554853786740984,0.2472069166174956,0.24659393089158194,0.25797362229653764,0.2602118529592241
delay,qlstm,43,0.25147403768130705,0.25562917402812413,0.24703347810677118,0.24644738742283406,0.2579630751694952,0.2600556138583592
delay,qlstm,44,0.25117001133305683,0.2550307607650757,0.24684296090688018,0.2464410655839102,0.2577803866778101,0.25956552829061236
delay,qlstm,45,0.25089187647615163,0.2548880236489432,0.2467146706581115,0.2463278230598994,0.257512660409723,0.2595471251010894
delay,qlstm,46,0.2506635072401592,0.2546094209807259,0.24653312976871217,0.24603722521236962,0.2573761569602148,0.25953887241227286
delay,qlstm,47,0.2504343368325914,0.25461189065660744,0.2466290800273418,0.24609554988997323,0.2572086558384555,0.25942985534667967
delay,qlstm,48,0.2504760853307587,0.2547157073020935,0.24639813614743095,0.24607635021209712,0.25714553424290243,0.259317627123424
delay,qlstm,49,0.25010852754116053,0.25422641958509173,0.2461562683113983,0.2457505873271397,0.25716233127883503,0.2592623441559927
delay,qlstm,50,0.24990054466894696,0.25401873622621807,0.24602862115417207,0.24569037471498756,0.25685475066304203,0.2587739087854113
delay,qlstm,51,0.24981228794370375,0.2540704332079206,0.24592945997204096,0.2455154950278145,0.2568503527981894,0.2587621394225529
delay,qlstm,52,0.249633586193834,0.2543098987851824,0.24617409254823414,0.24537678752626693,0.25678346606237545,0.25857032128742763
delay,qlstm,53,0.24938887319394515,0.25387626409530634,0.2458378170856407,0.24534362724849154,0.2566103769625936,0.25888983998979836
delay,qlstm,54,0.2494298411267144,0.25348676306860785,0.24579153731465334,0.2452347191742488,0.2564520711558206,0.25829937117440355
delay,qlstm,55,0.2492437000785555,0.25362988131386893,0.24558862224221226,0.2451022090230669,0.2563534274697304,0.25827035018375943
delay,qlstm,56,0.24910427063703533,0.25380593742643087,0.2454272318099226,0.24499672293663016,0.2562384710141591,0.25830408947808403
delay,qlstm,57,0.24903337308338708,0.25372000626155305,0.24535319426230023,0.24523764235632756,0.2561393693302359,0.25799147163118635
delay,qlstm,58,0.24904843973261964,0.2531504494803293,0.24528238575373373,0.24483899593353267,0.2561273355143411,0.2579933530943734
delay,qlstm,59,0.2488175307001386,0.25313391174588884,0.24524913619671548,0.24462791391781397,0.25587918079325134,0.25800551721027914
delay,qlstm,60,0.24875765506710318,0.25307592255728584,0.24522619605064389,0.2445956628663199,0.25590593433805875,0.2578705140522548
delay,qslstm,1,0.3394737807341984,0.33281509399414055,0.3332808139068739,0.3278351899555751,0.3444638268862451,0.33561997652053827
delay,qslstm,2,0.32898137475763045,0.32728405543736044,0.3223219105601311,0.320929126058306,0.33398056392158776,0.3322248336247035
delay,qslstm,3,0.3214170616865158,0.3193907240458897,0.3135325582538332,0.30494066204343523,0.33097211394991194,0.3304962621416364
delay,qslstm,4,0.3133966796738761,0.3129244422912597,0.29751601193632393,0.29129335335322787,0.32650610902479715,0.3225633502006531
delay,qslstm,5,0.3034126706634248,0.298935375894819,0.2865402486494609,0.28378933531897405,0.31694793905530655,0.3138882831164769
delay,qslstm,6,0.2908246817759105,0.2896323919296264,0.28045604377985,0.2800712364060538,0.3091156557202339,0.3057817477839334
delay,qslstm,7,0.2843150260618754,0.2860003696169172,0.27821643825088227,0.27728081635066437,0.303683633335999,0.3012719893455505
delay,qslstm,8,0.28285122283867425,0.28352267912455964,0.27655259272881916,0.27698972821235657,0.2985905133400645,0.29541107586451937
delay,qslstm,9,0.27961065871374946,0.28016727583748957,0.27538467368909286,0.2753261738164084,0.29151624896696626,0.29078087534223285
delay,qslstm,10,0.27750146508216855,0.27885225772857664,0.2746594365579741,0.2746018426758902,0.2872811835578509,0.2870088836124965
delay,qslstm,11,0.275653389777456,0.2781705464635576,0.27422040896756306,0.27252777440207343,0.2841626222644533,0.28507690225328713
delay,qslstm,12,0.27434964069298334,0.27641240937369205,0.27284787952899936,0.2705595980371748,0.2820725943786757,0.2833213983263288
delay,qslstm,13,0.2737361260822841,0.275168548311506,0.270572826053415,0.2681920993328094,0.27986737528017586,0.2810450826372418
delay,qslstm,14,0.2735239961317607,0.27448791435786646,0.26904298552445005,0.26756749476705277,0.27793801563126697,0.2794830816132682
delay,qslstm,15,0.27258829602173396,0.2731960609980992,0.2684093282478196,0.26679351074354984,0.2762718106593404,0.2777226839746747
delay,qslstm,16,0.27163916519709996,0.27316600901739935,0.26719502180814736,0.2659656539985112,0.2748653106178556,0.27707736968994134
delay,qslstm,17,0.27105312688010075,0.2701301544053214,0.26653278431722094,0.2647778708594186,0.2734559570465769,0.2766959684235709
delay,qslstm,18,0.2706687195811953,0.2697981769698007,0.26611635552985324,0.26356983167784553,0.2732419721995081,0.27646884781973696
delay,qslstm,19,0.2692419178145272,0.268850850718362,0.2655243555137089,0.2609692851134709,0.2729451071790286,0.2758510778631482
delay,qslstm,20,0.26886773858751567,0.26873309407915386,0.2624489908984729,0.2604872976030622,0.27256437471934725,0.27565938779285976
delay,qslstm,21,0.26856962893690384,0.26825845548084803,0.26024911437715803,0.26007954614503037,0.2722889823998723,0.27524523530687606
delay,qslstm,22,0.2682254637139183,0.26747627428599763,0.2595590843898909,0.25964232257434294,0.2719636778746332,0.2749794653483799
delay,qslstm,23,0.267960130912917,0.26743388550622127,0.258562873346465,0.2587378009728023,0.2716582809601511,0.27483832325254165
delay,qslstm,24,0.2677440283553941,0.26724393912724087,0.2581296487791197,0.25856547185352863,0.2713170103515897,0.27464557766914366
delay,qslstm,25,0.26719903707504267,0.26644327163696285,0.25748497628739897,0.2579525736400059,0.27089876285621095,0.27395619664873394
delay,qslstm,26,0.266795120877879,0.2661461244310651,0.25694754017250876,0.25743199195180616,0.27030623201813014,0.2735056230000087
delay,qslstm,27,0.26628345523561747,0.2660527273586818,0.256512471480029,0.25714105333600723,0.269828921003001,0.2730190139157431
delay,qslstm,28,0.2656500972168786,0.26567634446280336,0.25608169745121684,0.25644322207995823,0.26931733271905356,0.27269043190138675
delay,qslstm,29,0.2651547596284321,0.2652289628982544,0.2558542486173766,0.25551722117832726,0.2688654081736292,0.27236143367631094
delay,qslstm,30,0.26490912284169876,0.2648400112560817,0.2553427290064948,0.2548950120380946,0.2683098375797271,0.2721402830736977
delay,qslstm,31,0.2645428726502827,0.26476738657270155,0.2549425621117864,0.25453573329108103,0.267569645685809,0.2714881668772016
delay,qslstm,32,0.26415455315794256,0.26443414075034005,0.25471770073686323,0.2537776560442788,0.2666597515770367,0.2714003331320627
delay,qslstm,33,0.26372884852545597,0.2642985691343035,0.2542282803782394,0.2534451460838318,0.265739184149674,0.2705750456878117
delay,qslstm,34,0.26345708097730364,0.2634509709903172,0.2538848386917795,0.25322230049542016,0.2651299084084374,0.2700283604008811
delay,qslstm,35,0.2629530126707894,0.2629902805600848,0.2536950032200132,0.25289644241333004,0.2646102533595902,0.2695516553946904
delay,qslstm,36,0.2622795841523579,0.262349510874067,0.25325331905058446,0.25225993394851676,0.2645078563264438,0.2691621441500528
delay,qslstm,37,0.26159625283309396,0.2618010663986206,0.2529352814810616,0.25210232342992506,0.2640756633452006,0.2688776210376194
delay,qslstm,38,0.26101298213005064,0.26110633747918266,0.25261604113238195,0.25173186404364445,0.2638075543301446,0.26817935160228185
delay,qslstm,39,0.2603873546634401,0.26107044628688264,0.2523258136638573,0.25175326466560355,0.2638423384938921,0.2666014231954302
delay,qslstm,40,0.2599230847188404,0.2601605337006705,0.25209666746003284,0.2515331060545785,0.2634015899896621,0.2658874685423715
delay,qslstm,41,0.2597371496047292,0.26031985487256726,0.2519429751804896,0.2512990507057734,0.26315957405737467,0.26542315517153053
delay,qslstm,42,0.25933852570397514,0.2593579884937831,0.2515123737709863,0.25121517539024346,0.2629861924903733,0.2651986253261566
delay,qslstm,43,0.2589412186826978,0.2586732418196541,0.2515332470834255,0.2507504994528634,0.2627411994338036,0.2649741162572588
delay,qslstm,44,0.25844408546175274,0.2577998679024832,0.2511657279942717,0.25064273323331554,0.26242270940116474,0.26466629726546154
delay,qslstm,45,0.25829646289348596,0.25731731108256745,0.25084275554333413,0.25083120243889945,0.2619755474797317,0.2649480748176574
delay,qslstm,46,0.2579543655259269,0.25719299486705227,0.25090700319835113,0.2508466882365091,0.2617741228427205,0.26486171483993526
delay,qslstm,47,0.25728555219514027,0.25572862148284903,0.25096035950950213,0.2501984570707594,0.2616278753536088,0.26423057794570914
delay,qslstm,48,0.2565234258345195,0.2551858673776899,0.25035939506122046,0.2502889473097665,0.2613327716929572,0.2635023871489933
delay,qslstm,49,0.2561129677295685,0.2545026813234601,0.25024497285485264,0.2498717185429164,0.26127080921615864,0.2630323324884687
delay,qslstm,50,0.25578523772103445,0.254442366872515,0.2495102459830897,0.24991636293275016,0.26080809895481377,0.2627253202029637
delay,qslstm,51,0.2557236156293323,0.25478453397750855,0.2493031763391835,0.24984427418027602,0.2605530589393207,0.26226825049945285
delay,qslstm,52,0.255360175882067,0.2541613854680742,0.2491561679967812,0.2492570761271885,0.2597905538337571,0.2621291923522949
delay,qslstm,53,0.255362132702555,0.2539624946457999,0.24900844514369963,0.24888553346906386,0.2595720907620021,0.2621435407229832
delay,qslstm,54,0.2550106227823665,0.25422819955008363,0.24872722836477415,0.24841745070048737,0.25976791177477154,0.2617198295252663
delay,qslstm,55,0.25495717755385805,0.2542520747865949,0.24820709288120263,0.2480459080423627,0.25908818862267896,0.26180103302001945
delay,qslstm,56,0.25483981307063786,0.2541847290311541,0.24678665141974176,0.24520356587001252,0.25858578349862776,0.2612864087309156
delay,qslstm,57,0.25478243798017497,0.2538152463095529,0.24433943258864532,0.24475565161023818,0.25833523000989633,0.26117666312626425
delay,qslstm,58,0.25445158754076275,0.25359276226588656,0.2435603061744145,0.2439394802706582,0.2580899598768779,0.26107004370008197
delay,qslstm,59,0.2543223149010113,0.2535353091784886,0.2421115790733269,0.24348712495395114,0.25790287975754056,0.26086531775338306
delay,qslstm,60,0.2540321521248136,0.25330367803573606,0.24085345344884054,0.2429042955807277,0.25776766274656565,0.2606561565399169
ema,qlstm,1,0.327563789657184,0.27784279465675354,0.28769918030926156,0.23998506456613533,0.34971294948032916,0.30057881474494935
ema,qlstm,2,0.23012631343943724,0.17185059934854505,0.18942455564226418,0.14431053072214123,0.2810843126050063,0.2285109174251556
ema,qlstm,3,0.11964866489171974,0.07311069801449771,0.07911965864311368,0.02242965573444955,0.17834956906735894,0.11819430395960803
ema,qlstm,4,0.0402842923573085,0.0160389587283134,0.014254997284816825,0.011816477058455324,0.07394660035414351,0.04082815382629627
ema,qlstm,5,0.0126071783181812,0.010925393849611251,0.01069418429663135,0.009582242527976625,0.0266781175642141,0.012791909389197775
ema,qlstm,6,0.009683749563992,0.00845933802425855,0.008799901998468725,0.007897215229459024,0.011696488181395124,0.010580940069630701
ema,qlstm,7,0.008530069472534249,0.007970497319474749,0.00729038134815965,0.0058264875179156,0.01019975471576405,0.009898316739127
ema,qlstm,8,0.007831978088776899,0.0069696033280342,0.006075702878380375,0.005136694861575925,0.009377972399815875,0.0093463678378611
ema,qlstm,9,0.00693061592323435,0.0064369032904505,0.005558340651249225,0.0047335855849087,0.00880432125580095,0.008681073011830425
ema,qlstm,10,0.006507860432778,0.0060908029600977,0.005080159160175425,0.004527415614575075,0.00823944481555365,0.008173499926924675
ema,qlstm,11,0.0061065200529991995,0.00579576246440405,0.004714559221507099,0.004256462762132225,0.007631965612194325,0.00750985211227085
ema,qlstm,12,0.0058376635943671994,0.0055292693059891,0.004468180919066,0.004102375395595975,0.007232436261006725,0.0069843498198314995
ema,qlstm,13,0.00553446416343955,0.0052862166892737004,0.0042200828746093745,0.003983851580414875,0.006595335713853725,0.006427312153391475
ema,qlstm,14,0.0052400424783783,0.00502624042332165,0.003936424581999175,0.0035693604010157247,0.006056421735723025,0.0058771373424678745
ema,qlstm,15,0.0049850818315253995,0.0048316709231585,0.0037710348370351247,0.0035216063703409502,0.005719305581546225,0.005524267512373549
ema,qlstm,16,0.0046785469060497,0.0044293779507279,0.00358020698186005,0.003244398667011375,0.0055224167994622,0.0052565059438347255
ema,qlstm,17,0.00426028139889235,0.0040642247907817,0.00332464483400265,0.003125256539788025,0.005163807514389675,0.00491794524248685
ema,qlstm,18,0.0039090197712981,0.0037717814557254002,0.003122285636075325,0.0029100414039567,0.0048936731461435,0.0047522100573405
ema,qlstm,19,0.0035847241278471,0.00348966945428395,0.0029940815585930997,0.00286999853095035,0.0047096149849572,0.00462244846858075
ema,qlstm,20,0.0033192123891785004,0.00318029714282595,0.0028464375765595,0.00267887392081315,0.0045109880283208,0.00455306262243535
ema,qlstm,21,0.0031176432082429,0.00299816476181145,0.002723161612105125,0.002577221521641975,0.0042716543915282,0.004103700513951401
ema,qlstm,22,0.00297403952306395,0.00279265646822745,0.0025705272538055,0.002449517470085975,0.004055263325572,0.003873501161579025
ema,qlstm,23,0.00285469561549165,0.0027083617774769,0.0024766213250612,0.0023363849613815,0.003897171147234175,0.0037882444891146998
ema,qlstm,24,0.0027168681485844,0.00257130240555845,0.0023851082716802,0.00228723327629265,0.00356710974725755,0.0034630993381141997
ema,qlstm,25,0.00260733483425735,0.0025131918303668,0.002310185817602475,0.0021908411837648248,0.0032779030455276,0.0031780881807207248
ema,qlstm,26,0.00242497676251715,0.0023352107172831503,0.0021820849243418,0.00212378053460265,0.0030887138554160504,0.003054953787941475
ema,qlstm,27,0.0023016938919733004,0.0022836300591006003,0.0021123995161282,0.00203102885861875,0.002938813415488975,0.00280422891490155
ema,qlstm,28,0.0022135383140162498,0.00216606474248685,0.0019972237888058,0.0019522987632080249,0.002772822114306275,0.0028317240392789
ema,qlstm,29,0.00211634320872165,0.00201795003376895,0.0019102469637125,0.0018945780862122251,0.00259133591682515,0.0025216930476016997
ema,qlstm,30,0.0020568110780524,0.00204583893995725,0.00184203993479185,0.001712158644804675,0.0024608860647172747,0.002406911086291025
ema,qlstm,31,0.0019962187187879,0.0018511236598715,0.0017394874376310749,0.00166669248021205,0.00234660410355505,0.00238989853067315
ema,qlstm,32,0.0019308193962621501,0.0018617281527257999,0.001670331567791875,0.00164368365891275,0.002244844342848,0.0022118264297022747
ema,qlstm,33,0.00185702911178975,0.0017534924787469,0.00160910604920765,0.00152377502294255,0.00218771211137725,0.00206569467904045
ema,qlstm,34,0.00176377177936955,0.00169663710752495,0.0015462946126769501,0.001489399361889725,0.00209590374309165,0.001950208712369125
ema,qlstm,35,0.00173574877104585,0.0016905555222183001,0.0014996712732993,0.001513169262325375,0.0020283438087374,0.001965721962042075
ema,qlstm,36,0.0016858394241093,0.0015685742534696499,0.00150990667237365,0.001464414402143975,0.0019297184407644002,0.0018036506371571749
ema,qlstm,37,0.0016202647591541499,0.00150591342244295,0.00143604135689585,0.0013357292953878,0.00189059923269915,0.00172325786901635
ema,qlstm,38,0.00153707038345075,0.0014293209649622,0.001384608250976075,0.001312822817126275,0.001795678571465275,0.00165601625572885
ema,qlstm,39,0.0014790653360874,0.0013990633352659499,0.00132231569150455,0.00128482742933555,0.001705478539889925,0.001624279550742325
ema,qlstm,40,0.0014223903983033,0.00134697443107135,0.001284590412230575,0.00123875411343755,0.0016194127686321499,0.001537930810591175
ema,qlstm,41,0.001418329553479,0.0013130353717133,0.00121868129802995,0.001172661513555775,0.0015679402937114,0.00144771851482795
ema,qlstm,42,0.0013586511346511,0.00122667851392175,0.0011718452116474,0.0011847570625832,0.001507593206562325,0.001515212822705425
ema,qlstm,43,0.0013426736379707,0.00124154269928105,0.00114173218666105,0.00109270310262215,0.001459570992737925,0.001345200727228
ema,qlstm,44,0.0013327525313277999,0.001180107332766,0.0010689762455876502,0.00105937614396675,0.0013800124938799251,0.00138590204645875
ema,qlstm,45,0.0012700427466604,0.00113132183672855,0.00102224817208475,0.0010129899566527249,0.00135229074961635,0.0013250368391163
ema,qlstm,46,0.0012243813076721001,0.0010714175365865,0.0009941653578841,0.000940412431955325,0.001304638441153075,0.00124340430367735
ema,qlstm,47,0.0011488954644716,0.0010332228208426,0.000975424133523825,0.000889423822518425,0.0012580092454196,0.00117818558006545
ema,qlstm,48,0.00107884580834895,0.00099604586022905,0.0008923849347047,0.0008864103804807749,0.0012117009022871751,0.001179060386493725
ema,qlstm,49,0.00101047107717015,0.00093428627122185,0.000869458431012075,0.000797380749136125,0.001217622418355675,0.0011311072891112
ema,qlstm,50,0.0009911077210147,0.0009667201014235,0.00084611491782455,0.0008009427058277251,0.0011469218214707501,0.0010637442488223
ema,qlstm,51,0.0010057061684450499,0.0009223336866124501,0.00078290748742535,0.0006704154610633,0.001114270882348375,0.001082759671844525
ema,qlstm,52,0.0009389481111429,0.00085437641129825,0.0007090831816978,0.000632117438362825,0.001094119719096575,0.001023533551487975
ema,qlstm,53,0.000897573448518,0.000842024560552,0.000661855659730275,0.000596644216566275,0.001081295793244,0.001048871661769175
ema,qlstm,54,0.0008588364211443,0.00081962656113315,0.00061016352946995,0.00055435428395865,0.001052379328258575,0.000998507897602325
ema,qlstm,55,0.0008532189280127,0.0007786709524225,0.00057260853338185,0.0005058461468433249,0.001037843305052075,0.0009646337444428
ema,qlstm,56,0.0007983686826523999,0.0007679101894609,0.000536996618985875,0.0004614713508635,0.0010279942930874748,0.000965719785308375
ema,qlstm,57,0.0007690848250474,0.00076246527372855,0.0005020566040183999,0.00044239867012944997,0.001004456620679975,0.0009342949581332
ema,qlstm,58,0.0007485429874420999,0.0007173995429184,0.00046151939309695,0.000417875472048725,0.000992923627740525,0.00089872806682245
ema,qlstm,59,0.000713118583995,0.0007071201130747,0.00043505648625012503,0.000393144701956725,0.000939521094717575,0.0008956788782960999
ema,qlstm,60,0.0007231096288056,0.00068554285331625,0.000428451652405775,0.000379979846766175,0.0009352589653073,0.0008505333203356001
ema,qslstm,1,0.3224620171104158,0.2918448811769485,0.2928109495341778,0.2516784584522247,0.33295166049684793,0.30390558391809464
ema,qslstm,2,0.2598390714185578,0.21554403662681576,0.2180606797124658,0.17631734237074845,0.29448896584766254,0.26351029753684996
ema,qslstm,3,0.18237793032612115,0.1409641101956367,0.12625950671200237,0.06536706402897832,0.23443870819040705,0.1829106533527374
ema,qslstm,4,0.118204476407596,0.07327820435166355,0.04646608371287578,0.029700770583003674,0.14027768203190394,0.09827872648835177
ema,qslstm,5,0.05441639958215605,0.0342572914808988,0.025271667854062076,0.022174805607646626,0.0693715897149273,0.04437587432563302
ema,qslstm,6,0.0290525446246777,0.022816203460097252,0.0216186575751219,0.019867442697286575,0.037162745712058846,0.033013180419802626
ema,qslstm,7,0.0222112095994608,0.019702555648982448,0.019514034047190598,0.018370265699922977,0.030820816425340423,0.0274956446886062
ema,qslstm,8,0.02003432918872145,0.01836414389312265,0.017941687677853826,0.01620307184755795,0.024748698579413524,0.022829048912972175
ema,qslstm,9,0.0177711164472358,0.01689905159175395,0.01689743353586105,0.014332295460626424,0.02238882050982535,0.020311691109091024
ema,qslstm,10,0.01664496273866715,0.015966292135417448,0.014663277006308924,0.01251726381480685,0.019650221608046924,0.018625850491225625
ema,qslstm,11,0.0159295345576746,0.014885097499936752,0.013170752695628524,0.011408816305920475,0.017585348627929098,0.016911747204139772
ema,qslstm,12,0.014784391527729299,0.0144313499517738,0.012177933964079976,0.01062369946390385,0.0164413767840181,0.015591857060790025
ema,qslstm,13,0.014184025286563751,0.01379083145409815,0.0113905229126768,0.010083164889365425,0.015701124681425874,0.01487232130020855
ema,qslstm,14,0.013667530781988551,0.01312547998502845,0.010757177812712451,0.009553854577243275,0.01481310204203635,0.014387970482930525
ema,qslstm,15,0.0127301793598702,0.01248703865334385,0.010205930701589925,0.009185683410614674,0.014413514257009475,0.01370652649551625
ema,qslstm,16,0.0115600277031106,0.01158007582649585,0.009752375464886399,0.008849236150272149,0.0141713969662253,0.01335103681311005
ema,qslstm,17,0.01061096190874065,0.0106313038244843,0.009291519505370925,0.008614261322654724,0.013300597167440774,0.012844535624608326
ema,qslstm,18,0.00988100888739735,0.010143383778631651,0.008903980489288,0.00827899405732745,0.012952816607430525,0.012422944167628874
ema,qslstm,19,0.009421776183215599,0.0099915679171681,0.008604297604677876,0.0080669546639546,0.012466808247513,0.01212922825478015
ema,qslstm,20,0.0088768301159143,0.00929108813405035,0.008294809731388676,0.007901729145087275,0.012023903992293125,0.0118160991929471
ema,qslstm,21,0.00835184965681815,0.008908374831080399,0.00800468617251935,0.007581200841814225,0.01174539980877715,0.01151009569875895
ema,qslstm,22,0.008019595933811949,0.0086836117133498,0.00775262354607025,0.00736367626581335,0.011295700985938274,0.011092833541333625
ema,qslstm,23,0.0077686991515968,0.00791149429045615,0.007509054188350425,0.00717334871646015,0.010939601259306025,0.010812149224802775
ema,qslstm,24,0.00755195347592225,0.007764885583892449,0.00719064305137305,0.00680726605933155,0.010676288091178425,0.010530184591188974
ema,qslstm,25,0.0073040988549057505,0.0072465049475431,0.0069322721167866,0.0066548864403739,0.010321643293968227,0.010095733879134025
ema,qslstm,26,0.00710332166137435,0.006981910392642,0.006724072784584475,0.006392512535676325,0.0101165776659867,0.010268341610208124
ema,qslstm,27,0.0069555913364248,0.006974558327347,0.0064884237093584506,0.0061469557601958255,0.009843608654503275,0.00952185131609435
ema,qslstm,28,0.0067231814616492,0.0066719986777752,0.00630319364302385,0.006066215592436425,0.009305831020963974,0.009188722828403051
ema,qslstm,29,0.00649054009600405,0.006490575633943,0.006126855510020825,0.0058391340961679505,0.009036163703671449,0.008888626126572425
ema,qslstm,30,0.0063442649905170005,0.0062522984016686,0.005987498043770225,0.0056989066023379,0.0087491301447153,0.008628704864531725
ema,qslstm,31,0.00619706590659915,0.00621038474142545,0.005788308250318675,0.005571621358394575,0.0085029319061764,0.008409354835748575
ema,qslstm,32,0.0060776390986783,0.0059051113668829,0.00563994561654645,0.005351809086278025,0.008268013655074926,0.0081891221925616
ema,qslstm,33,0.00582380503815195,0.00588816957548255,0.0055062657913991,0.005147437204141125,0.008036304621824175,0.00796562751755115
ema,qslstm,34,0.005654588901836901,0.0056711227074265,0.005367710108735675,0.005141765808220925,0.007808478915664725,0.0077705313311889
ema,qslstm,35,0.0055044101604393,0.00557945159263905,0.005210864494687675,0.004921612003818075,0.0076571909045534,0.007663510399870525
ema,qslstm,36,0.00546867881635465,0.0054634537361562,0.005036982194121325,0.004749512334819825,0.007451564861860575,0.007371383998543
ema,qslstm,37,0.0053209783855293,0.005327435377985201,0.00494012474348495,0.004710733473766525,0.0072344616534453995,0.007226393837481675
ema,qslstm,38,0.0052684086108846,0.0051990088075399,0.004809676398789175,0.0046169836260378,0.007030379732272425,0.00698468151967965
ema,qslstm,39,0.005075474119346,0.00511038682423525,0.004759552705633775,0.004441010681912275,0.00683038860027275,0.006835041628219175
ema,qslstm,40,0.0049728980633828995,0.00498822552151975,0.004599329114758475,0.004410297675058175,0.0066733830109504,0.00670619166456155
ema,qslstm,41,0.004914147714152901,0.0048541913181543,0.004527267951717825,0.00429117164108895,0.006541190269802225,0.00647702921647575
ema,qslstm,42,0.00481501342861775,0.0048079798370599,0.004465719683627975,0.004231941248290175,0.006311184753929875,0.006376434708945399
ema,qslstm,43,0.00475353520363565,0.00464704055339095,0.0043531708868353,0.0041312237270176005,0.00618337070170255,0.006148156179115125
ema,qslstm,44,0.00467256162382125,0.0045591295883059,0.004284336825699625,0.004046469023451175,0.0059999097484562496,0.00600409184116865
ema,qslstm,45,0.0045317348957593494,0.00445229915902015,0.004209842687871825,0.00396340817678715,0.0058409238014636,0.005799666689708775
ema,qslstm,46,0.00444382558975895,0.004375858381390501,0.0041482482178668255,0.003918225909583175,0.005721307223263525,0.005740796355530575
ema,qslstm,47,0.004380127634587,0.00435815816745155,0.0040793540255565,0.0038304523006081003,0.0056054399727976,0.0054816924221813244
ema,qslstm,48,0.004303921863569701,0.004216424729675,0.0040213796093926,0.003779997646342925,0.005412898324429925,0.005392109062522575
ema,qslstm,49,0.0042887064375515,0.00406405075453215,0.00394730963910525,0.003700636599678525,0.00529847003918665,0.00533327332232145
ema,qslstm,50,0.004166300104531799,0.003992135412991,0.003867002025446175,0.003641774465795575,0.005130554279977701,0.00510442903731015
ema,qslstm,51,0.00411897679524755,0.0038534483872353998,0.003779153547449225,0.0036012316402047,0.00500599935983435,0.004902492430992375
ema,qslstm,52,0.0040624498256615,0.00382247273810205,0.003722681786997975,0.0035469664214178498,0.00494171575776165,0.004852906079031501
ema,qslstm,53,0.0039602536255759005,0.00391847983933985,0.003651033289664,0.0035241526388563,0.004839476528577475,0.00473427815362805
ema,qslstm,54,0.0038864001212641002,0.0036239626724272,0.0036158908677419747,0.00347084498032925,0.00455563528330195,0.00450954453554
ema,qslstm,55,0.00381363132635925,0.00357419172301885,0.0035455372959508247,0.00336853211047125,0.004478166086732225,0.00446109809447075
ema,qslstm,56,0.0037834253514717,0.0035490965889766503,0.003479750021693375,0.0033449846738949,0.004389969640012225,0.0044561892538331
ema,qslstm,57,0.0037459069370691,0.0036437073815613497,0.00342839177332015,0.003303244346752675,0.00431992590859795,0.0042522090673446
ema,qslstm,58,0.0037599638596709003,0.0034863698668777497,0.0034486000931688,0.003224297910928675,0.00427681079899355,0.004275223454460474
ema,qslstm,59,0.00374317049913635,0.0034616941865533,0.0032485465894984498,0.00317422067979345,0.004190130924273775,0.004278587144799451
ema,qslstm,60,0.0036286782060882504,0.0035439915675669,0.00319008822386545,0.003158398335799525,0.0041105711253892,0.004234001885633875
flip_flop,qlstm,1,0.7371703251770565,0.7100521171092987,0.7226945681231363,0.6809582597017289,0.751148641364915,0.7343822652101517
flip_flop,qlstm,2,0.6896626394135612,0.6576652526855469,0.6599233921085086,0.6160803860425949,0.7237010059186391,0.7045405292510987
flip_flop,qlstm,3,0.5984332491670337,0.5608270132541657,0.5587886439902442,0.4666616934537888,0.6915214911528996,0.6690609049797058
flip_flop,qlstm,4,0.482850101505007,0.42561321318149564,0.3883964009370122,0.301458350867033,0.6237938497747694,0.5805939489603043
flip_flop,qlstm,5,0.36669546059199737,0.31046412825584413,0.2618311509064265,0.23063505679368967,0.5000454582912581,0.40941324681043617
flip_flop,qlstm,6,0.27757390269211357,0.22163288354873656,0.22042483583092687,0.2023573487997055,0.3121165210434369,0.28206398695707313
flip_flop,qlstm,7,0.21100847282579965,0.19942324638366693,0.1952458819534097,0.18419875353574747,0.2657127040411744,0.24518949568271636
flip_flop,qlstm,8,0.19268915938479556,0.1880149888992309,0.17870708808302876,0.17546615540981286,0.23700490308659417,0.22369718924164766
flip_flop,qlstm,9,0.18578190684318535,0.18199469953775405,0.17516549042292995,0.1661898257583379,0.2073004584440163,0.19569371104240413
flip_flop,qlstm,10,0.1790658167004585,0.17664220824837684,0.16545301848224225,0.15831169739365572,0.1957316104216235,0.1974945470690727
flip_flop,qlstm,11,0.1736261799931526,0.168702780008316,0.15778722011617247,0.15149502143263816,0.1874457883621965,0.19122651576995847
flip_flop,qlstm,12,0.1682861060755593,0.17104839920997617,0.15224100872874258,0.1488494591414928,0.1828954573188509,0.1821856196224689
flip_flop,qlstm,13,0.16427993386983863,0.1581134615838527,0.148196916314108,0.14443627893924707,0.17896481226597508,0.18099686183035368
flip_flop,qlstm,14,0.1587625730463436,0.1515805773437023,0.14463964977434698,0.1398156008124351,0.17714801686150683,0.17677643634378906
flip_flop,qlstm,15,0.15436707328472815,0.15164664447307585,0.14264452978968617,0.13675629988312718,0.17308234176465442,0.17443318672478195
flip_flop,qlstm,16,0.1499342229110854,0.1480942893028259,0.14363222720367566,0.13682998701930044,0.17027346958007128,0.1705276121199131
flip_flop,qlstm,17,0.14615545206836283,0.14720155835151671,0.14077285578208307,0.13439244627952568,0.16692874561463084,0.1652330236881971
flip_flop,qlstm,18,0.14450438648462288,0.14435508817434312,0.13994892945247037,0.13409015432000151,0.16381256139704156,0.16137895397841923
flip_flop,qlstm,19,0.142972953574998,0.14375386655330655,0.13891489275864186,0.13299598127603526,0.1613568091179643,0.15969157800078387
flip_flop,qlstm,20,0.14261536270380015,0.1446545702219009,0.13859329100166046,0.13136593341827388,0.15863935549344332,0.15783982768654817
flip_flop,qlstm,21,0.14242058679461472,0.1435389922559261,0.13650599982057296,0.13219026781618595,0.15688451064484457,0.1549160276353359
flip_flop,qlstm,22,0.14061078514371594,0.14050877913832666,0.13452880433627534,0.13187166456133123,0.1557866611438138,0.15330870851874348
flip_flop,qlstm,23,0.13888958224228445,0.14179660126566884,0.13282144586954794,0.13135455355048176,0.15275881714054512,0.15053137630224228
flip_flop,qlstm,24,0.13862372306840756,0.13874097913503644,0.13381722290601042,0.13335477225482462,0.1523754904738494,0.14750357143580914
flip_flop,qlstm,25,0.1389673197269439,0.1387113054096698,0.13313809835485046,0.1303995234519243,0.15348854431084222,0.14464282825589175
flip_flop,qlstm,26,0.13849442464964723,0.13834589153528204,0.13204793210540494,0.13021887484937905,0.14962112012718407,0.14491902314126484
flip_flop,qlstm,27,0.1378742578838552,0.1381557248532772,0.13250061224613868,0.12982917360961432,0.14892323778143943,0.14417596146464345
flip_flop,qlstm,28,0.13764431536197658,0.136822375357151,0.13385978890316824,0.13105098672211168,0.1478611012228897,0.1435248507559299
flip_flop,qlstm,29,0.13739602995770314,0.1362053038179874,0.13156375357082906,0.1298779133334756,0.1481467131205967,0.1426288934797048
flip_flop,qlstm,30,0.13702358073421886,0.1361874076724052,0.1307199811190366,0.13007783491164443,0.14557974398136134,0.14100591368973253
flip_flop,qlstm,31,0.13656334415078156,0.13579633384943005,0.13054417505860322,0.1288798362016677,0.14557778162615637,0.14604336917400357
flip_flop,qlstm,32,0.13694732695817946,0.1372548857331276,0.13076696479959138,0.12904055975377554,0.14505792879632534,0.14398889191448688
flip_flop,qlstm,33,0.1370778436320168,0.1375134140253067,0.13172747382095876,0.13164520300924776,0.14508123563868652,0.14182309359312056
flip_flop,qlstm,34,0.1367606931499072,0.13545719683170315,0.1324536755787475,0.12896188370883457,0.1427758060821465,0.14316322401165962
flip_flop,qlstm,35,0.1356606163723128,0.13453155606985084,0.13257875674537248,0.13008688911795613,0.14329880522830146,0.14354045279324049
flip_flop,qlstm,36,0.13532595926097457,0.1336107206344604,0.1308603224584034,0.12936142191290853,0.14298153634582245,0.14154153600335123
flip_flop,qlstm,37,0.13629047246915948,0.1346624135971069,0.1308113644165652,0.1290056877583265,0.14218809653605727,0.14007980249822136
flip_flop,qlstm,38,0.1350263016138758,0.13555092513561245,0.13049996067370678,0.12938615873456,0.1420691696022238,0.13996534913778302
flip_flop,qlstm,39,0.13509878222431448,0.13411930516362192,0.13150575882622167,0.12924607269465924,0.1423779379682881,0.14029544681310652
flip_flop,qlstm,40,0.13587319608245574,0.13361041232943535,0.13062011007751734,0.12912790715694428,0.1423570781520435,0.1412596672028303
flip_flop,qlstm,41,0.1359834899646895,0.13362232655286785,0.13072906221662245,0.1278644892573356,0.14143544154507767,0.14181233994662756
flip_flop,qlstm,42,0.1366686136381966,0.13232058390974993,0.1316634666919708,0.12819438036531208,0.14113037354179786,0.14009216494858256
flip_flop,qlstm,43,0.134340774502073,0.13331864342093458,0.1301468146805252,0.12903721734881396,0.1416260657246623,0.14165147930383676
flip_flop,qlstm,44,0.1351574581435748,0.13492112621665,0.1304322183132171,0.12789274536073203,0.14156437948346134,0.1387352479249239
flip_flop,qlstm,45,0.13503296566861014,0.13202355280518524,0.1301507512373583,0.12833688236773005,0.1418490577169827,0.14043126776814455
flip_flop,qlstm,46,0.1326010241253035,0.1331122702360153,0.12954368691359242,0.12852766327559942,0.14190368937594547,0.13945942550897591
flip_flop,qlstm,47,0.13422976342695095,0.1311006228625774,0.13004817894526888,0.1265979468077421,0.14182795607617918,0.13866614229977126
flip_flop,qlstm,48,0.1343658867691244,0.13345541030168528,0.13072126840906478,0.12672332473099224,0.14202037357858244,0.1413436900824308
flip_flop,qlstm,49,0.13352536014148164,0.13222795173525806,0.13021662140531198,0.12710339702665796,0.14073775403201574,0.1431642059236764
flip_flop,qlstm,50,0.13267663568258287,0.1334067054092884,0.13005657534514153,0.12851099729537963,0.14030252062848636,0.1376431177556514
flip_flop,qlstm,51,0.1344626548673425,0.13279504701495165,0.12917344505233416,0.12747334297746413,0.140985775653805,0.13900606840848917
flip_flop,qlstm,52,0.1341298761963844,0.13219147786498064,0.12941292772335666,0.12831477977335454,0.14080905637570787,0.14217378109693518
flip_flop,qlstm,53,0.13370120018720622,0.1332513831555843,0.12826661786862775,0.12521157935261717,0.14061873114534784,0.1432139359414577
flip_flop,qlstm,54,0.13394446279321395,0.13087407708168025,0.12862086854875085,0.12725904852151868,0.14041568209018024,0.13802158601582046
flip_flop,qlstm,55,0.1335271898976394,0.13256029322743412,0.1285909798847777,0.12496191419661042,0.13930628702044484,0.1384361969679594
flip_flop,qlstm,56,0.13299331596919464,0.13265860259532924,0.128730534357684,0.12709734313189983,0.1398386872879096,0.13821507602930067
flip_flop,qlstm,57,0.1333647251980645,0.13304766103625293,0.12869495669645922,0.12547400698065753,0.1396173274729933,0.1396754555404186
flip_flop,qlstm,58,0.13292870174561225,0.13133249238133426,0.1287625881390912,0.12442148588597773,0.13983340758298124,0.1376702631264925
flip_flop,qlstm,59,0.1335137615033558,0.13062066003680223,0.12879501476883887,0.12458627898246045,0.13857327430375982,0.13714978240430348
flip_flop,qlstm,60,0.1335549545075212,0.13108392700552934,0.12838118063552031,0.125886210501194,0.13857498504221435,0.1383145131170749
flip_flop,qslstm,1,0.7337356511184148,0.7157877480983734,0.7025114054339272,0.6331859722733497,0.7420413649933679,0.7305178564786912
flip_flop,qslstm,2,0.7085767720426832,0.6835426211357116,0.5758519641416413,0.4948930484056473,0.7216212703500475,0.7191039693355561
flip_flop,qslstm,3,0.6342973205021449,0.5486472427845002,0.46580326050519943,0.40175189048051835,0.6916244779314313,0.6705766808986664
flip_flop,qslstm,4,0.4478967660665512,0.37196658611297606,0.36446860313415524,0.33521803438663483,0.601703474862235,0.5585983538627625
flip_flop,qslstm,5,0.34988973736762996,0.31869787693023677,0.3234247925877571,0.2964129424095154,0.4945973068475723,0.47338662445545193
flip_flop,qslstm,6,0.3144721321548734,0.28730955898761745,0.2833648547955922,0.27559266760945317,0.4305565389565059,0.4085328024625778
flip_flop,qslstm,7,0.28597600421735214,0.2683094352483749,0.2606756720798356,0.24018791839480397,0.37926774880715775,0.33297673344612116
flip_flop,qslstm,8,0.25749409624508446,0.2274737444519996,0.2250384775442736,0.2063558195531368,0.32285111618893486,0.3019293847680091
flip_flop,qslstm,9,0.2225674547467913,0.19860735952854155,0.19659846931695932,0.17877021491527556,0.28647581283535273,0.28252848505973815
flip_flop,qslstm,10,0.19705550751515793,0.1769889998435974,0.17358201837965412,0.15814911976456641,0.2636641558366163,0.25536078721284866
flip_flop,qslstm,11,0.17560640509639458,0.16773017883300775,0.15918081490056848,0.14866434961557382,0.23064833477139465,0.21935360878705973
flip_flop,qslstm,12,0.16666345728295184,0.16483135819435113,0.1532610520294734,0.1453974239528179,0.21069456856165614,0.21105820238590237
flip_flop,qslstm,13,0.16173868034567146,0.1591082718968391,0.14879186757973262,0.13934185922145842,0.1998211901954242,0.20113996863365172
flip_flop,qslstm,14,0.1575291003499712,0.1552938944101333,0.14529465124011035,0.13609805814921855,0.1935076118367059,0.19050676748156542
flip_flop,qslstm,15,0.1528918211800711,0.15246279507875438,0.14390465776835165,0.1381651312112808,0.18657952900443758,0.17865151405334473
flip_flop,qslstm,16,0.15037953385284966,0.14886660128831858,0.14231645707573204,0.13648251369595527,0.1782995200795786,0.1704816603660583
flip_flop,qslstm,17,0.1492004450517041,0.14615897804498665,0.13926577065672185,0.1336328187584877,0.17249767352427753,0.1656950707733631
flip_flop,qslstm,18,0.14764759165900085,0.14275643840432162,0.13826607742479868,0.13205046221613875,0.1662632215448788,0.1599124316871166
flip_flop,qslstm,19,0.14495619480098995,0.14220140293240546,0.1368348178693226,0.13144532956182953,0.15855306169816422,0.15280021101236343
flip_flop,qslstm,20,0.14437080813305714,0.1379835347831249,0.13651547125407626,0.12989522144198415,0.1554800563199179,0.15353523910045622
flip_flop,qslstm,21,0.1398848023159163,0.13520152404904365,0.13428506613842073,0.12917014613747596,0.1517371676223618,0.1485067884624004
flip_flop,qslstm,22,0.13818694629839484,0.1336102072894573,0.13251607722469735,0.1309608252346515,0.14829457291534967,0.14624841362237925
flip_flop,qslstm,23,0.13730387240648267,0.13202079012989995,0.1300214953081948,0.12744328372180455,0.1456658797178949,0.13990588501095763
flip_flop,qslstm,24,0.13532386094331736,0.1315113544464111,0.12925560677690165,0.12681441843509675,0.14541163656328399,0.13672132588922972
flip_flop,qslstm,25,0.13356922881943833,0.12859472721815104,0.12752288899251388,0.12645201608538623,0.13896472625434397,0.13448397502303114
flip_flop,qslstm,26,0.1312097717608724,0.12775363162159914,0.1254006397937025,0.1255646682530641,0.13884534982698302,0.1311931563168764
flip_flop,qslstm,27,0.1298997542900698,0.12861918613314627,0.12418132883097438,0.12326311297714702,0.1374996520472424,0.13046499796211714
flip_flop,qslstm,28,0.12973946824669835,0.12666755422949788,0.12272396682628557,0.12127322517335407,0.137809659104262,0.13292339839041228
flip_flop,qslstm,29,0.12822027879101883,0.1258104944229126,0.12102520715977463,0.11948233157396315,0.1362009887929473,0.1324649655818939
flip_flop,qslstm,30,0.12821190531764703,0.1250042998790741,0.12021234809287952,0.11847863391041753,0.1340842725975172,0.131251927614212
flip_flop,qslstm,31,0.12711746743747165,0.12295168697834011,0.12047281725066045,0.11855685561895363,0.1324187668945108,0.1300102714449167
flip_flop,qslstm,32,0.12660038588302475,0.12331428021192545,0.11850403639887053,0.11744388110935683,0.13223292081483767,0.12746340535581108
flip_flop,qslstm,33,0.12483235516718455,0.1218058608472347,0.11794115301753791,0.1153189009428024,0.1311307825786726,0.12868983954191204
flip_flop,qslstm,34,0.12581908221755705,0.12043101429939265,0.11696565209754872,0.11424411639571184,0.12882633322051593,0.12801105178892608
flip_flop,qslstm,35,0.1246608399919101,0.11976034134626384,0.11532444089651103,0.11383772268891328,0.1291873997982059,0.1291162310540676
flip_flop,qslstm,36,0.12330150033746445,0.11774948090314866,0.11635713833783348,0.11169295541942113,0.1280999252625874,0.13082526296377178
flip_flop,qslstm,37,0.1234247604012489,0.11731245204806325,0.11571341134607785,0.11155080445110792,0.1268579621506588,0.12932829663157455
flip_flop,qslstm,38,0.1228248679850782,0.11594232782721514,0.11414301876510885,0.10973917886614795,0.12724785104393957,0.12918546788394447
flip_flop,qslstm,39,0.1222626521970544,0.116380261182785,0.11233760998717372,0.11105191729962818,0.12688265802604812,0.12859942987561226
flip_flop,qslstm,40,0.1207923133671283,0.11452774435281751,0.1122319472368274,0.10726000577211378,0.12605249470898078,0.12765382893383503
flip_flop,qslstm,41,0.1216923622361251,0.11790842488408085,0.11270167508295598,0.10841732278466219,0.1243069414581571,0.1225955923646688
flip_flop,qslstm,42,0.12112492190940036,0.11284608453512185,0.11258286743291786,0.11033592604100703,0.12480499365500038,0.12181620806455606
flip_flop,qslstm,43,0.12039737782308026,0.11289696037769315,0.10938386282750533,0.10877431362867347,0.12415002400321615,0.12062365815043445
flip_flop,qslstm,44,0.11885901101997914,0.1109050098061561,0.1088768167580877,0.10815802998840805,0.12321015607033453,0.12270329110324375
flip_flop,qslstm,45,0.1174266557182584,0.11109004169702524,0.10867293890033444,0.10537685401737681,0.12206791546727923,0.11847968295216557
flip_flop,qslstm,46,0.11751155003905295,0.1112890231609344,0.10726444026189187,0.10615836456418029,0.1206966885179281,0.1177889554947614
flip_flop,qslstm,47,0.11745650293571605,0.1107970168441534,0.10705012337437694,0.10323830544948573,0.12036348251359795,0.11536017693579192
flip_flop,qslstm,48,0.115988938744579,0.1107270894199609,0.1057860739316259,0.10348707579076283,0.12024661382394175,0.11644070930778977
flip_flop,qslstm,49,0.11662684253283905,0.10791674420237535,0.1036458161899021,0.10443527229130262,0.1205678832956722,0.11583345860242839
flip_flop,qslstm,50,0.1163575740371431,0.10865595042705534,0.10384484290012287,0.10249366745352737,0.11866132109292912,0.11461358323693274
flip_flop,qslstm,51,0.11505355926496635,0.10627962470054625,0.1031758153438568,0.1026064938679337,0.11935648253985807,0.114951663762331
flip_flop,qslstm,52,0.1139129184186458,0.10481634736061095,0.10186837831778178,0.10044312506914133,0.11824048104030745,0.1161309829354286
flip_flop,qslstm,53,0.11361663569297105,0.10541623055934905,0.1015479449395622,0.10023430958390235,0.1178608010709285,0.11622766397893425
flip_flop,qslstm,54,0.11331421341214855,0.10490664139389991,0.10251026376017497,0.1012284968048334,0.11723601668008732,0.11421288706362245
flip_flop,qslstm,55,0.11215804474694385,0.10379047721624371,0.10151851015431537,0.09953681267797942,0.11695357613265508,0.11324798971414558
flip_flop,qslstm,56,0.1123692085061754,0.10402180925011631,0.1000796845981053,0.0995410623401403,0.11678592107125685,0.11058405630290502
flip_flop,qslstm,57,0.11121598869562145,0.10498333424329755,0.09895904682576653,0.09909016609191892,0.11602959097496095,0.11636249423027036
flip_flop,qslstm,58,0.11063213852899409,0.10415148124098775,0.09923241923962316,0.09876608908176418,0.11625436797738067,0.11265398822724815
flip_flop,qslstm,59,0.11071707440274095,0.1031466473639011,0.0974825736135244,0.0983129614591598,0.11601510374673771,0.11213559538125983
flip_flop,qslstm,60,0.11025037503668235,0.1036868722736835,0.09713549463876647,0.09830771420150991,0.11562905653246808,0.11023096211254595
narma,qlstm,1,0.0888379476325852,0.022886972589926252,0.029401420189865947,0.014440268223935874,0.11645317962127073,0.02953645817258135
narma,qlstm,2,0.02018610736621275,0.0139299952983856,0.012690430701311125,0.0113053139231421,0.022919239154351526,0.01587376091967925
narma,qlstm,3,0.012905626520514399,0.0116662655635313,0.010840648681457525,0.01032582907514135,0.013623962730967502,0.012796093672513924
narma,qlstm,4,0.011220707637923051,0.01069361679933285,0.0102113377861678,0.0097422374310818,0.011557586032098926,0.011356398957696776
narma,qlstm,5,0.010386064174984149,0.00981884872371495,0.0096821099905563,0.009154499836943275,0.010577612000384425,0.010434788567098674
narma,qlstm,6,0.009634785457913301,0.0090580219165845,0.008669726732852125,0.008287997130643175,0.0098484510648995,0.00981130769984285
narma,qlstm,7,0.00913312534136425,0.00855760758573355,0.0081880280215825,0.0082931060547178,0.00928181061388125,0.0093445504930886
narma,qlstm,8,0.00865852386956765,0.008256260996515049,0.008025449629473875,0.008060075843876049,0.008877180745559,0.00890498832545495
narma,qlstm,9,0.00827540707508365,0.0080508846450935,0.007961955651241675,0.007923172400756275,0.00860258474746445,0.008598551621491226
narma,qlstm,10,0.008043214672112001,0.0078996778076345,0.00790424705349965,0.007728490138595675,0.008383066465279825,0.008339858475056524
narma,qlstm,11,0.0078845294085996,0.00782696462490335,0.00776584295622465,0.0075984006984667,0.008208156129611375,0.0081333385407924
narma,qlstm,12,0.0078087089184139,0.0078090191158381,0.007677285604045825,0.0075347273458134,0.0080525607855192,0.0080039069530638
narma,qlstm,13,0.00774956644911845,0.007771677523851351,0.00761873303713005,0.0074972372773018,0.00798241419983755,0.007930304157462924
narma,qlstm,14,0.00771054066185435,0.00771047332070085,0.007564792965671775,0.0074545908719300495,0.007936761240873974,0.007956528115001549
narma,qlstm,15,0.0076622088652636006,0.0076666036857799495,0.007515458673504825,0.00742333813147105,0.007874997305417625,0.0078869168595834
narma,qlstm,16,0.0076174843470964496,0.0076302401518279495,0.00748750247194295,0.0073979510366916,0.0078145485777141,0.007837515825575
narma,qlstm,17,0.00758146381537825,0.0076255058835852495,0.007470929854150275,0.00743417638269335,0.0077865839303869755,0.007827789742838225
narma,qlstm,18,0.00763597772988885,0.0075994544408538,0.00744811538606875,0.007436160038817975,0.007751786249157551,0.0077863423864949245
narma,qlstm,19,0.0075682676077953,0.00753021014684975,0.0074390976064438495,0.0074016515504229255,0.007747513681117925,0.00788991443135515
narma,qlstm,20,0.0075430699105241,0.0075325102291323495,0.007421151166781751,0.007354656017639375,0.007718683485873,0.007748387361114625
narma,qlstm,21,0.00751427183992095,0.0075485630197958,0.007428098133366,0.0073394981974905,0.00767968303723525,0.0077523261105472
narma,qlstm,22,0.007508368372384951,0.0075093631175431,0.00739361100430995,0.0073279331082647,0.0076877208000847,0.0077253759313713
narma,qlstm,23,0.007491087801754399,0.007475633431564601,0.007378533761948251,0.0073062676055864004,0.00764575086467495,0.007681486958807125
narma,qlstm,24,0.0074650802583034,0.00743279862132935,0.007371272766031275,0.007322602055289475,0.007651501771594725,0.00773061562668185
narma,qlstm,25,0.0074407904754791,0.0074218216199766,0.007331062868636575,0.007310714802958725,0.00762143226739545,0.0076754649593071
narma,qlstm,26,0.00742991184283575,0.007477117587219501,0.007329479747318725,0.007263768288222175,0.00760917835802365,0.007624026570807775
narma,qlstm,27,0.0074205763451755,0.0074094266308979,0.007358134855250075,0.007244038785045725,0.00758138274441335,0.007644940045746825
narma,qlstm,28,0.00738928723947275,0.00735879701646885,0.00730583025142545,0.007235346375541225,0.007572930999366225,0.007635216252370225
narma,qlstm,29,0.00737897643154215,0.0073676836287433,0.007291295484506575,0.0072310871427709,0.007549127855870325,0.007669140317223225
narma,qlstm,30,0.00735739212350115,0.007351748685945099,0.007281201014827325,0.0072350850024006244,0.0075267812609672,0.007566450522704475
narma,qlstm,31,0.00736028003107215,0.00731576652689405,0.007253472463759901,0.007202374887737275,0.0074985066475346,0.0076071966710415245
narma,qlstm,32,0.00734499242289785,0.0073238349231806495,0.007241922754661276,0.007201247432015149,0.00748158746798115,0.00764316759326235
narma,qlstm,33,0.0073097532708197,0.007305230728604549,0.0072342363818149,0.007193150107156125,0.00746524814516305,0.007518987926569826
narma,qlstm,34,0.0073047741063470995,0.0073050468753684,0.0072142957310590995,0.0071906116943466995,0.007470050179399475,0.0075070638615976
narma,qlstm,35,0.00728839073995385,0.0072784586928107,0.00721189742043075,0.0071617111360484,0.007453246865687576,0.0076083371923727754
narma,qlstm,36,0.0072727377340197005,0.00733847356655375,0.007173609539334225,0.0071436481177806245,0.00743606629182715,0.007523690895600725
narma,qlstm,37,0.00728618248365815,0.007260437526486051,0.0071979259034352,0.007168705666607075,0.0074012233762602,0.0075091586736115
narma,qlstm,38,0.007246841538165251,0.007214402068745,0.007151075638830575,0.0071222066269679,0.0074800998571195,0.007476829750971325
narma,qlstm,39,0.0072494363172778,0.007252651412378601,0.00714781530733615,0.0071167229251427495,0.0073768718128225,0.0074460134181108745
narma,qlstm,40,0.0072041728560413,0.00724064029075875,0.00714384975510515,0.007109114693647075,0.0073935290598975,0.007513930824669875
narma,qlstm,41,0.00721228421266585,0.0071955134380947,0.007126779037394625,0.007102688401937425,0.00735596810068395,0.0075123774124816745
narma,qlstm,42,0.0072344306217772,0.0072107850015163,0.0070975251562361,0.007048606432296925,0.007333547557437975,0.007480523803017275
narma,qlstm,43,0.00720554768906105,0.007178638929670449,0.0071090363498244255,0.0070840959725053994,0.007326749921111075,0.007510543296282925
narma,qlstm,44,0.0071622994821518,0.00717623305591665,0.0070416488066049245,0.007057970261031875,0.007333585503511124,0.007440365288745225
narma,qlstm,45,0.00714853907935315,0.00718226837840945,0.007027551177889075,0.00702552049674765,0.007325148692886675,0.007477916275913025
narma,qlstm,46,0.0071607987103717,0.00717272274873465,0.0070199193379708,0.0070022809336130745,0.007301444085980025,0.00740338473157445
narma,qlstm,47,0.007182829707328701,0.007152978777885399,0.007010350405637625,0.007080611342733475,0.007279274673201075,0.0074491457776589
narma,qlstm,48,0.007170410101701051,0.0071788214688951,0.007004976944465675,0.00700951914218335,0.0073076057839872,0.007409547072919875
narma,qlstm,49,0.0071671137320143494,0.0071852169524539,0.0070129649673721,0.0070218690857291,0.00730477267610175,0.0074000740119001245
narma,qlstm,50,0.0072325558760868505,0.0071256514977324995,0.0069905474416113,0.007033936008810925,0.0072801711416935495,0.007344275699420325
narma,qlstm,51,0.00713117537886965,0.0071166288852691,0.007003015400841825,0.00698789702897715,0.00726253493622475,0.00735461269589985
narma,qlstm,52,0.0071269602820809,0.00711213660511095,0.0069903911477220745,0.007015256482091749,0.007301594782620625,0.007336032620885126
narma,qlstm,53,0.0071028498067919,0.0071396624771031,0.0069756910796942,0.00694991726766925,0.007274370548049174,0.007330843494697
narma,qlstm,54,0.00707104813706655,0.00713201945478265,0.0069636272326377,0.006950907632708475,0.007357280499834025,0.0072999753735282
narma,qlstm,55,0.00707346167548425,0.00712356954812995,0.006948588692716124,0.006911137449470375,0.007280603061829275,0.0073200748860835505
narma,qlstm,56,0.0070753757921712505,0.0070240314033898,0.00692696965898245,0.0068875913186506,0.0072522782654102,0.00739089546555815
narma,qlstm,57,0.0070681519473769,0.00709328705614255,0.0069035008163856,0.0068749751895666,0.0072397517466118505,0.007306359329006825
narma,qlstm,58,0.0070351748394646,0.0070714901387691,0.006883842239954575,0.006897545829415275,0.00725080071948465,0.007332956418395001
narma,qlstm,59,0.0070244320442101,0.0070930935036052,0.006903145125002674,0.006912679289552225,0.007239713635561649,0.0073638138987801
narma,qlstm,60,0.0070107921824923,0.0069765196740627,0.0069056944036856,0.006891535371541975,0.0072953839706522495,0.007328404418446725
narma,qslstm,1,0.0694410159811377,0.017474551051855053,0.029458855792347825,0.014201961877671124,0.10489458608441048,0.019239774088967876
narma,qslstm,2,0.01673947428220075,0.0141853129321878,0.012700640341000874,0.011576095548543051,0.018265155202576024,0.015402667292139724
narma,qslstm,3,0.0126813997221844,0.0118960220569914,0.010863056845430749,0.010020278509367575,0.013824493161269574,0.012887799882075949
narma,qslstm,4,0.011200418701129249,0.0109373472495512,0.009512386327343275,0.008857591226696875,0.0125015418537493,0.01227642471140075
narma,qslstm,5,0.0103690698982349,0.010184620578180599,0.00895042978227135,0.008154326094822424,0.011621315046878699,0.011818153438242926
narma,qslstm,6,0.009645825616483101,0.0093666944449598,0.00838139252471065,0.0078598037836226,0.010936797467459475,0.011205277368426225
narma,qslstm,7,0.0090852575682635,0.0086516382883895,0.007853400056649449,0.0076018270646983745,0.010440325025202925,0.0104776659743352
narma,qslstm,8,0.00864927826981455,0.0082529285143722,0.007485243488502275,0.007377536401829875,0.0099518210507397,0.009960721609267276
narma,qslstm,9,0.00830214961431915,0.0080079352855682,0.007181225393765724,0.00714633930813175,0.009503012596230376,0.009598977796055976
narma,qslstm,10,0.0080573336154754,0.00783938941630445,0.00700794916799555,0.00695000212978225,0.009108674181625224,0.00917150345715605
narma,qslstm,11,0.00785469465489895,0.007648243809288149,0.006861057793056275,0.006827440356666325,0.0087674530143184,0.0088855228776281
narma,qslstm,12,0.00758010646860505,0.0074508163468404,0.006767762863476325,0.006670991947705075,0.00849634114519825,0.00863915781405835
narma,qslstm,13,0.00736795619396225,0.0073479348150166,0.006686827111324,0.006579654006795376,0.00825921413488685,0.008482795750552925
narma,qslstm,14,0.00721182291529005,0.00715378980744965,0.006584937796661875,0.006525596441193025,0.007971197711968974,0.0081766002286564
narma,qslstm,15,0.007047110298382351,0.0070286348326639506,0.0064878830593079,0.006443358124657075,0.007680381926973951,0.00773152834989805
narma,qslstm,16,0.0069633492561323,0.00692968188361685,0.006414103488703875,0.006387298554182025,0.0073260297586342496,0.007368858869780125
narma,qslstm,17,0.0068795510301632,0.0067237848856231495,0.00633614688646045,0.006362676701762375,0.0070656739747417254,0.0072517803988673
narma,qslstm,18,0.006769860921693649,0.00656314098022195,0.006148182209581075,0.0062097117033871494,0.0069754208937021,0.0070658104460347496
narma,qslstm,19,0.006674437357910949,0.00649026010524135,0.0060341082819338,0.006177655119787525,0.006858540250520575,0.0069406827539205
narma,qslstm,20,0.00662597849166815,0.0064314573867754,0.005993693409088375,0.006029628122394675,0.006798189545183251,0.006820180626078025
narma,qslstm,21,0.00658242254917105,0.0064399087158116,0.00592325433756085,0.0060037944669073,0.00676770451478655,0.006677283891899975
narma,qslstm,22,0.0065386795425521,0.0063890269534154,0.00588603103533385,0.00597706634889945,0.0067419884686490995,0.00682095519521015
narma,qslstm,23,0.00651083329825525,0.00629708777774455,0.0058310558786615245,0.005960787324742776,0.006731257225120625,0.006702148196372075
narma,qslstm,24,0.0064581390377134,0.006261868673292,0.005827279075581025,0.005916634486480174,0.006721821940237875,0.006581401225518075
narma,qslstm,25,0.0064390084599809504,0.0062448538975282,0.005778874035126325,0.00585970617830745,0.006706371430440649,0.0066161332110112
narma,qslstm,26,0.0064123434839503494,0.00623361766338345,0.0057574889709107995,0.00580500929870385,0.00667279793481735,0.006556879739192325
narma,qslstm,27,0.0063566125703177,0.0062029887261715,0.0057413396013102,0.0057796232740987,0.00660158036343215,0.006472958732734975
narma,qslstm,28,0.00631664016949275,0.006186975213614349,0.00571392607542545,0.0057966510545123,0.006531038805842325,0.0064331738583065755
narma,qslstm,29,0.006275024213162899,0.00616913759572935,0.005704631976384075,0.00579202660782765,0.006527304200987725,0.006426660235632475
narma,qslstm,30,0.00623435286139795,0.00616122418506575,0.0057006482720108,0.00572578625245525,0.006568325024231174,0.0064153579961169
narma,qslstm,31,0.00619166987815065,0.006116921251470351,0.00569173246489035,0.005655868825587275,0.00658852322559265,0.006322016140276725
narma,qslstm,32,0.0061599217355251,0.00610375534404405,0.005681473617441875,0.0056428129530765245,0.0064923869033476495,0.006332686929540125
narma,qslstm,33,0.0061178998383028,0.00608989678323265,0.00567128562235405,0.0057137858799912004,0.00649681392657965,0.0063004402206702
narma,qslstm,34,0.0060983921547553,0.0061226810108531,0.0056537214706518,0.005790709006515375,0.006466574186592175,0.006350329701196
narma,qslstm,35,0.0060704121459275,0.006012899618257151,0.005674276027296249,0.0056408370353958496,0.0064595691972810995,0.006246518567204425
narma,qslstm,36,0.006042976564328549,0.005995233221487499,0.005653952884354675,0.005731665268540301,0.006436575454925824,0.0062322596257383
narma,qslstm,37,0.0060467215733867995,0.0059872336414727,0.005647616848748675,0.005610047693956901,0.00643511702106995,0.00629402824423525
narma,qslstm,38,0.0060026790933417,0.00598665649240665,0.005654592877253849,0.0057492224872112,0.0064114464766212255,0.00625131722200995
narma,qslstm,39,0.0059929456415452505,0.00597262617539275,0.0056531540424163,0.005640571794726625,0.006390318178039525,0.0062414257702501745
narma,qslstm,40,0.0059810599298881,0.00601201948794445,0.0056201596744358,0.00561787364835085,0.006407578492404024,0.006339030404659799
narma,qslstm,41,0.0059705325176140495,0.00591933186758645,0.005650142162506,0.0057311906123702246,0.006331937293788075,0.00623414366082705
narma,qslstm,42,0.00596657984357855,0.0059420291673052995,0.0056367158537198,0.0055981190638108,0.00632001608344055,0.0062240772897546245
narma,qslstm,43,0.0059207397273608,0.0058891117911446505,0.0056227757209645,0.00563444779339155,0.006317643585747825,0.0062217216464605495
narma,qslstm,44,0.00592090331417105,0.0058725329285318,0.005602306738894926,0.00562845194881605,0.0063061607456100744,0.0062238819016651
narma,qslstm,45,0.0059359658110354,0.0058829340270974,0.0055754632901932,0.005611549466848325,0.00627369878281435,0.00626955138011405
narma,qslstm,46,0.00588829335756595,0.00584926419637415,0.005576326807162575,0.00558751098134295,0.0062741801787966,0.00621565016155885
narma,qslstm,47,0.00586841828322835,0.0058194784413684,0.005580676401566175,0.005652956004169825,0.00626077513609605,0.0062133600495078
narma,qslstm,48,0.0058701726195535,0.00582277817482295,0.005559056689962675,0.0055620945515957,0.006271514905217475,0.00617718089033255
narma,qslstm,49,0.00585468459209155,0.0058176709440621,0.00553016417393725,0.00563331576233555,0.006227086364690675,0.0061985936083576755
narma,qslstm,50,0.0058473638578184495,0.00585402269932355,0.005536501732920874,0.0055550514229318745,0.006225788490181476,0.0062030876021492995
narma,qslstm,51,0.0058226765678929,0.005814971354874649,0.005520777043088175,0.005550577308643875,0.00619806000098045,0.006194020679051175
narma,qslstm,52,0.0058350045034395,0.0058050788261672995,0.0055104322651667,0.005586620068008225,0.006203445662478225,0.0061667642132802
narma,qslstm,53,0.0058140651748648,0.0058076667379248995,0.005505020343033275,0.0055157131159847,0.006177014598090676,0.006150160889056575
narma,qslstm,54,0.0058032318843262,0.0057534084672277,0.0055354197715807504,0.00552884708074005,0.006165042797635675,0.00618029871447515
narma,qslstm,55,0.0058175982534884995,0.00577296930280595,0.005484892726609725,0.005560001006180525,0.006130755411327925,0.006150889447466875
narma,qslstm,56,0.005787615898464349,0.0057873524657704005,0.005482312788787675,0.005514206500215925,0.006107700549598225,0.0061389390887184245
narma,qslstm,57,0.00577748155753525,0.0057587419992143,0.005503327289729175,0.0056323527409271245,0.006094207141681375,0.0061263883960517755
narma,qslstm,58,0.0057639680270637,0.00573783977465195,0.005485353061397075,0.0055024384504014,0.0060541222257805005,0.0061267251047221
narma,qslstm,59,0.00575630347776625,0.0057370504127307,0.005469262462242325,0.005548642711205875,0.00605028493928585,0.0061449424109675
narma,qslstm,60,0.0057490905400897005,0.00573209774765095,0.0055037274051989,0.0055431585047732,0.006021373457541324,0.0061547304283488
running_max,qlstm,1,0.497334261068276,0.2013347196578979,0.318120574844735,0.12137038268148898,0.6039534549627985,0.2798639023303985
running_max,qlstm,2,0.11156363451055115,0.07552337460219855,0.08182499612016329,0.0690181671455502,0.1277118645182677,0.09420049041509619
running_max,qlstm,3,0.07152537320341376,0.06444450944662095,0.06707379562514168,0.0617918264865875,0.07764564579086643,0.07346300572156902
running_max,qlstm,4,0.06264579905995295,0.05926794771105045,0.05990682268781315,0.0571205004677176,0.06539558248328305,0.0621671617031097
running_max,qlstm,5,0.057788271850773246,0.0546766439080238,0.055858332078371674,0.053378839194774604,0.05844367368412862,0.057461050674319204
running_max,qlstm,6,0.0535895092998232,0.051529578566551146,0.05136374373521117,0.049691920988261654,0.055641676937895096,0.05396642111241815
running_max,qlstm,7,0.050276574237006,0.04856580898165695,0.04714922725622138,0.04633197486400603,0.05261904069355555,0.0502292533963918
running_max,qlstm,8,0.04740617083651675,0.04477465458214275,0.04411424521889,0.043174239620566324,0.04914836456200902,0.048071215674281104
running_max,qlstm,9,0.0443406844351972,0.04183273233473295,0.040467425036643176,0.04001270614564415,0.045911945370691126,0.04583841592073432
running_max,qlstm,10,0.04155614419707225,0.03950569055974475,0.037614803202450225,0.03753751438111065,0.042918257857007626,0.04319756802171468
running_max,qlstm,11,0.038970671540924456,0.037156600318849,0.0358770335226186,0.03573808223009103,0.0407932298098291,0.040847876779735025
running_max,qlstm,12,0.03726207137107845,0.03566616062074895,0.034310857579111974,0.03356223659589877,0.038781857016895474,0.0389753754436969
running_max,qlstm,13,0.03537922714437755,0.03457738410681485,0.033211949720446526,0.031592267565429176,0.037106692152363854,0.037147678732871954
running_max,qlstm,14,0.03386875263282225,0.03332911953330035,0.03136469855904578,0.029897625008597897,0.035933939846498605,0.03591412268579002
running_max,qlstm,15,0.0324447304170046,0.03167913306504485,0.0302032534990991,0.029285649890080024,0.03529223004888205,0.03489733027294275
running_max,qlstm,16,0.03104164155998395,0.030378563962876748,0.02909284079181295,0.028036431288346576,0.035041635621871195,0.0342231985926628
running_max,qlstm,17,0.02989385825182705,0.0291093827411532,0.028317179304680626,0.027654188051819725,0.03465904070330517,0.0335029077343642
running_max,qlstm,18,0.02903423195970905,0.0283879339881241,0.02734775929844805,0.02680222954601045,0.03383926756680007,0.03279867008328435
running_max,qlstm,19,0.02789855646235595,0.027830315008759453,0.0263781044392713,0.026009294874966053,0.033395515478083046,0.03239466469734903
running_max,qlstm,20,0.02710747385663645,0.02692772354930635,0.0257844120929283,0.02548564799129955,0.0327542923177991,0.032038794904947224
running_max,qlstm,21,0.026457629283624,0.02641620028764005,0.025150952171534277,0.0246858419477939,0.03217980437512905,0.031678338386118374
running_max,qlstm,22,0.026121033988893,0.026477128677070097,0.0251372521956052,0.024429059624671925,0.0316457580641976,0.0312203393504023
running_max,qlstm,23,0.0255213443296296,0.025635823644697603,0.024483972213097952,0.0238307250291109,0.031126093265733526,0.0309446623921394
running_max,qlstm,24,0.025184232863996653,0.0252856353297829,0.023877652811684774,0.023450464867055376,0.030650442748197452,0.030632274877279975
running_max,qlstm,25,0.02489155491015735,0.02558948203921315,0.023721140271850925,0.023064578790217574,0.03020706232637165,0.029397355690598426
running_max,qlstm,26,0.024571410917809948,0.02494658894836895,0.023172126119690273,0.02299695311114185,0.029607862577374425,0.028426517359912376
running_max,qlstm,27,0.02424497229712345,0.024526657089591,0.022625683256025774,0.02251685865223405,0.02902697649651335,0.028052069060504378
running_max,qlstm,28,0.023944204449653603,0.0239353892952203,0.022976080626249274,0.022318970104679398,0.028306140444640575,0.026937168482690975
running_max,qlstm,29,0.02392264351248735,0.02370867840945715,0.022268146984279077,0.022195250280201376,0.027397583762981976,0.0266284922882914
running_max,qlstm,30,0.02376266961119,0.02325447574257845,0.022169766327632276,0.02162759907543655,0.026614905026342176,0.025140567813068573
running_max,qlstm,31,0.0236741488373705,0.02319879021495575,0.021813643045191226,0.0217444081045687,0.0259464344302458,0.0248617034591734
running_max,qlstm,32,0.0236366754344531,0.02261651914566755,0.021885321946548526,0.021329089030623374,0.024792327787727074,0.024507671613246174
running_max,qlstm,33,0.023129304695342197,0.02223708972334855,0.021562348255621526,0.02127579126507035,0.024187651460191948,0.02416080875322215
running_max,qlstm,34,0.02307538214538775,0.02195440802723165,0.020877620825277853,0.020685949623584676,0.0237362315532352,0.023893472645431724
running_max,qlstm,35,0.022424336943243202,0.0212640250101685,0.020672426686755223,0.0203666156157851,0.02337470914902425,0.0239792457595467
running_max,qlstm,36,0.021920924303787052,0.02111054014414545,0.020525366919381227,0.020410112002864425,0.023069208413362425,0.023200081810355124
running_max,qlstm,37,0.021837477417928748,0.02116118174046275,0.020917430844690076,0.020130180455744225,0.022995364080582274,0.023574452474713275
running_max,qlstm,38,0.021792415274041,0.02088524103164665,0.0205570236167737,0.01980635071173305,0.022688995809959426,0.02245487876236435
running_max,qlstm,39,0.021587925835379503,0.020741250216960848,0.019967923531574776,0.019775455137714674,0.022582115339381273,0.022281508538871973
running_max,qlstm,40,0.0210843079803245,0.0204250313341617,0.01966373585696725,0.019597595864906822,0.022487792460513925,0.0219688340649008
running_max,qlstm,41,0.0209186289565903,0.02046890750527375,0.01954235621861045,0.018856854140758474,0.022340359400425572,0.021918861865997275
running_max,qlstm,42,0.020740181771772198,0.0202879595011472,0.019544771311006348,0.01904230468906455,0.0220798132196068,0.02167682014405725
running_max,qlstm,43,0.02056557711213825,0.0199715340137481,0.019172255237187602,0.018538748286664426,0.021668909200067973,0.021555997468531048
running_max,qlstm,44,0.02021034947995625,0.0198035584017634,0.0190489413589239,0.018393988087773275,0.02145380684839825,0.021145592015236574
running_max,qlstm,45,0.020155819984418948,0.019569405503571002,0.018752079779016075,0.018496135734021625,0.021125068813562325,0.020631803460419124
running_max,qlstm,46,0.01998539425432675,0.01945613030344245,0.01860982163410095,0.018576340619474625,0.020926283249365372,0.02078161088749765
running_max,qlstm,47,0.01989393162940225,0.0192071737349033,0.018619526427771274,0.01840244488790625,0.020668758119323376,0.020175873730331625
running_max,qlstm,48,0.01963598364165845,0.0190181530267,0.018493786259953425,0.018537504523992526,0.020575083656502548,0.020090964492410376
running_max,qlstm,49,0.01978835433189355,0.019405634086579047,0.018205534312874024,0.017977508287876774,0.020276426505297398,0.0198104793950915
running_max,qlstm,50,0.01927175431379245,0.018780762944370498,0.01802359022067055,0.017520422860979976,0.020223391258290774,0.019509223559871253
running_max,qlstm,51,0.01910111708832635,0.01861066784709685,0.018176562150141976,0.017786695668473775,0.019998451018971998,0.0193588064331561
running_max,qlstm,52,0.0189279630354472,0.0183069152384996,0.017974361045552126,0.01741544119082385,0.019877769518643576,0.019189687632024225
running_max,qlstm,53,0.01883037088704955,0.01864298377186055,0.01791442179786305,0.017743914267048223,0.01964245218783615,0.019067321149632274
running_max,qlstm,54,0.0187948062696627,0.01853385778143995,0.017648855229573525,0.0175292561016976,0.019681139143982024,0.0191772436164319
running_max,qlstm,55,0.018573779367974802,0.01806193703785535,0.017738053905112326,0.017352238120511124,0.019478936719575075,0.018743196642026276
running_max,qlstm,56,0.018456688456769448,0.018042396157979902,0.017659661751240476,0.017239832160994374,0.019215707874723823,0.018557415567338427
running_max,qlstm,57,0.01837336769593605,0.018076190054416602,0.017455637811550025,0.016965296668931824,0.01897916335878625,0.018654098166152773
running_max,qlstm,58,0.018379110433161247,0.01761755309998985,0.01753707526517765,0.016774428468197527,0.018830735675458326,0.018286751750856627
running_max,qlstm,59,0.01809926713151585,0.0174835950136184,0.017233908646074776,0.0166131208185106,0.018659131220941,0.018202946092933398
running_max,qlstm,60,0.0177865846215614,0.0176927327178418,0.01709997678707745,0.016625297162681775,0.018551648083542024,0.018291299566626475
running_max,qslstm,1,0.46315963051148823,0.18288083076477046,0.3239877739548683,0.13485186368226998,0.5811665000660079,0.26452069491147995
running_max,qslstm,2,0.1054589213643755,0.0836154589056968,0.08843317851424212,0.07566995326429599,0.12972404393766604,0.09299707729369394
running_max,qslstm,3,0.0778138242023331,0.07433661907911296,0.0725016986046518,0.06605545014142986,0.08315385542809957,0.0800649433583021
running_max,qslstm,4,0.06930991477199955,0.0646702544391155,0.06100330717329468,0.05377092987298963,0.073131148847086,0.06953273192048072
running_max,qslstm,5,0.0573801546330962,0.0514755721390247,0.051044533140957325,0.043191526122391195,0.06267500227583303,0.055999406166374624
running_max,qslstm,6,0.04507173969277305,0.038162294775247546,0.0356303808359163,0.0277006980869919,0.047688817546835925,0.041051334477961
running_max,qslstm,7,0.03099020478980875,0.025003009028732752,0.022552590790603774,0.018170576170086848,0.03418053285085727,0.028098598979413424
running_max,qslstm,8,0.0195747969884957,0.01606467552483075,0.015813187114628275,0.012440115483477624,0.023320425200675152,0.019522666521370375
running_max,qslstm,9,0.013940891453197948,0.01273399876430625,0.01037793718145355,0.008611640874296375,0.016746798151039625,0.014082217290997475
running_max,qslstm,10,0.01114885941147795,0.010567405736073801,0.007907466928341525,0.007184391594491826,0.012493302806147424,0.01144305022433395
running_max,qslstm,11,0.009573200730873,0.0091915597207844,0.00690737591723775,0.006747507029212975,0.01029091361644005,0.009784915447235075
running_max,qslstm,12,0.0083152040559798,0.007796345809474499,0.006355717690395375,0.0062363097164779245,0.008852748797674226,0.008758793477900276
running_max,qslstm,13,0.0074546490489904,0.00704731178469955,0.0059011517731206,0.0057168380869552,0.00801336628251835,0.008121890369802699
running_max,qslstm,14,0.00672936110491195,0.00651860178448255,0.00565391880127465,0.005510782315395725,0.0073765162504943,0.00748515455983575
running_max,qslstm,15,0.00629509603072485,0.00612766949459905,0.005424794391728875,0.00530299771111455,0.00691632376651145,0.00692057984415435
running_max,qslstm,16,0.0059984776098280495,0.00586311246268445,0.005284304566947401,0.005106977063696775,0.0065301958431622,0.00656824128236615
running_max,qslstm,17,0.00566202631885445,0.00554734654724595,0.0051411572198516,0.00491938424063845,0.00621651364823,0.006229570391587825
running_max,qslstm,18,0.0053699825757316,0.0053339474927633496,0.0050290434707754,0.004791870543267525,0.005983343572754875,0.00604217367712405
running_max,qslstm,19,0.00523333156481385,0.0052373356185853,0.004935279500205,0.004651228613220075,0.005792852361420376,0.00583884080871935
running_max,qslstm,20,0.005126644830618501,0.0050204331800341,0.004781914370001375,0.0045755890151485245,0.0056111009226047,0.0057578942365944
running_max,qslstm,21,0.0050243015667157005,0.004898818572983099,0.0046605608013591,0.004541741961147575,0.00542248049684395,0.0055889000301249
running_max,qslstm,22,0.004976075189188051,0.0049074015161022,0.004554011342115625,0.004416349888779175,0.0053178716204794,0.005504476057831175
running_max,qslstm,23,0.00494613629898845,0.0047959531843662,0.004422128719410675,0.00429211164126165,0.0052308884655524,0.00545381292700765
running_max,qslstm,24,0.0047964892935539495,0.00462975814007215,0.00430872292091535,0.004147992343641725,0.0051374335873073254,0.00533045137999575
running_max,qslstm,25,0.00469970867702995,0.0044982397416606,0.0041670293267816,0.0040250753285363,0.005021793082622525,0.00524627485778175
running_max,qslstm,26,0.00466824934152615,0.0044446909707039,0.004048780256083975,0.003923385310918,0.004976630912694475,0.005123756288085075
running_max,qslstm,27,0.0045473835963223,0.004353942647576299,0.003897719415170775,0.003816924034617775,0.00493942609522485,0.005139578683301775
running_max,qslstm,28,0.00446738580773975,0.00423558909445995,0.003789454393221825,0.00370858339592805,0.004828403377240175,0.0049919572961516
running_max,qslstm,29,0.00437612917207705,0.0041827111318707005,0.0037243446035842,0.003638651610817725,0.004706107061356275,0.0049139256146735755
running_max,qslstm,30,0.00430680714547625,0.004063193872570901,0.00364792592524145,0.0035719191841780754,0.0046548801500882,0.004875429938547275
running_max,qslstm,31,0.0042466892727783,0.0039615442976355005,0.00358518347443475,0.0034973627631552,0.0045680572524932,0.0048441241797991
running_max,qslstm,32,0.0041859957801976,0.00393152856267985,0.0035179415132317498,0.0033751207054592003,0.004518019518415825,0.0047266232408582996
running_max,qslstm,33,0.00412896105886565,0.0039445874653756,0.0035004623008092752,0.003347789244726275,0.004468579727690575,0.0047344798734410744
running_max,qslstm,34,0.00401833613403135,0.00377857500221575,0.003434758028348025,0.003260536952875475,0.0044619975584957745,0.004708185386843925
running_max,qslstm,35,0.003887969843511,0.00373594520613545,0.00336082701205405,0.0032231970061547747,0.00442255820280735,0.004747336916625425
running_max,qslstm,36,0.0038272682956552503,0.0037048784131183997,0.0032908731885254,0.0031750987842678498,0.004380542421048175,0.00459529310464855
running_max,qslstm,37,0.0037583371677568497,0.0036554831825196003,0.0032900304423778,0.00325207687914365,0.004351364883062,0.004540844974108
running_max,qslstm,38,0.00367728532358465,0.0035542880184948004,0.00321874927396745,0.00306392900180065,0.004327078500230375,0.004590055048465699
running_max,qslstm,39,0.0035753104037471502,0.0035093980468808997,0.00318081960714015,0.003002661585342125,0.0042841301113366245,0.004613314210437151
running_max,qslstm,40,0.00354358767757985,0.00349902932532125,0.0031659175192803504,0.002936042188666675,0.0042704751285990005,0.004468187822494575
running_max,qslstm,41,0.0034591533649446,0.0034574365522712,0.0031049810609380503,0.0029223991977050503,0.004197361014916375,0.0044650645740329994
running_max,qslstm,42,0.0034339391100885004,0.0034237249847501,0.0030721182622280747,0.002946145813912125,0.004169251638065425,0.004496416272595475
running_max,qslstm,43,0.0033803130859242497,0.003321881648153,0.003030405138353075,0.00288606272777535,0.0041220063899111,0.004464645786210876
running_max,qslstm,44,0.00330231885492265,0.0033761524781584,0.0030002704771634,0.002887567675206725,0.004053057582516725,0.004390392354689475
running_max,qslstm,45,0.00329357958332235,0.0033422830095514,0.00299780588297705,0.002808962413109825,0.00403295464447825,0.00440223074285305
running_max,qslstm,46,0.0032577480715033497,0.00324879402760415,0.00296137183073105,0.0028023115638643,0.004019757422418925,0.00435152567690235
running_max,qslstm,47,0.0032569698277594497,0.0032062555290758,0.002966789944829125,0.00277287130244075,0.003938219142811625,0.0043148031295277
running_max,qslstm,48,0.00318175677875315,0.00334495344664895,0.0029207649105228253,0.0028784336824901253,0.003931685595640075,0.00433194554178035
running_max,qslstm,49,0.0031839249835216,0.0031991890072822,0.002889574151153475,0.002753822340164275,0.0038932646075928497,0.004304437898099375
running_max,qslstm,50,0.00311830082176515,0.00308515120763325,0.00287127127238945,0.0027624437725171,0.0038512530260985,0.004245972135104175
running_max,qslstm,51,0.0031138376685391003,0.00305783840129145,0.002882245986256725,0.0027585975802503,0.0038059749174862503,0.004270562352612551
running_max,qslstm,52,0.0031115506695849,0.0030215359712019,0.00280355397545325,0.0027184715028851503,0.003778700418770225,0.004213049730751625
running_max,qslstm,53,0.00306146887862785,0.0029989350447431,0.002775205122639525,0.0027108565089291998,0.0037084468307771253,0.00423618670785795
running_max,qslstm,54,0.00305934860104955,0.00314836507197465,0.002784538793577075,0.0026885686093009497,0.003678297284724375,0.004147859546355876
running_max,qslstm,55,0.0030985234711053,0.0029475490469485,0.0027674790804407,0.002713236866984475,0.0036849679225789,0.004191784351132725
running_max,qslstm,56,0.00302695973975845,0.00300130394520235,0.002823893376293375,0.002682931390590925,0.003647945008040975,0.004056953012477575
running_max,qslstm,57,0.00300265296162765,0.0029449011571705003,0.00280671679248495,0.0026851222198456,0.003606624459249025,0.00399012798210605
running_max,qslstm,58,0.00300489598685605,0.0029332509962841,0.002741463439139875,0.0027021411829628,0.003603172059436925,0.003982299393974225
running_max,qslstm,59,0.0029749027107442497,0.0029129918431863,0.0027515127143955,0.0027391575905494,0.00357699780824725,0.0040780943282879255
running_max,qslstm,60,0.0029717084446123,0.0028856602218001503,0.00275560137150535,0.00267592658521605,0.00352713414268295,0.0039347751974128
sine_next,qlstm,1,0.5212920200824738,0.4405132191975911,0.43014885774680545,0.35002677122751863,0.5533644132954734,0.4717155408859253
sine_next,qlstm,2,0.37053336875779286,0.28585180632273355,0.284767756398235,0.22141274722417192,0.4027078591074262,0.32562508900960285
sine_next,qlstm,3,0.2288094820295061,0.1823898029327392,0.18030546812074522,0.15725953626632688,0.26929274286542615,0.2145342931747436
sine_next,qlstm,4,0.1626755733149392,0.1381018182436625,0.14153484747878142,0.1120512047608693,0.1703010383248329,0.14660826921463008
sine_next,qlstm,5,0.1159617174523217,0.09822654501597085,0.09508732859577446,0.07197764833768208,0.13867320935641014,0.12969576454162593
sine_next,qlstm,6,0.08509279172335346,0.0732536354064941,0.06457298510840959,0.05224493670463555,0.1225193980123315,0.11915076939264928
sine_next,qlstm,7,0.06662724592855995,0.05986595304807025,0.05181951961879212,0.0420254284938176,0.11226687619728695,0.10739771000544222
sine_next,qlstm,8,0.0555055904601301,0.0508862745761871,0.04332507888121262,0.03721013096968327,0.10357796649847704,0.0944290022850036
sine_next,qlstm,9,0.047683027929493346,0.043939840555191,0.0386190898184265,0.034267252326011625,0.09075364128819526,0.08125631237030025
sine_next,qlstm,10,0.0424512019540582,0.038567914247512755,0.03551498520587167,0.0322117711702982,0.07717547535896295,0.06664388108253474
sine_next,qlstm,11,0.03884230817002905,0.03556362060705815,0.03278673975595403,0.0300918004512786,0.062356100018535275,0.052110533396402925
sine_next,qlstm,12,0.0362652026649032,0.03319310843944545,0.029901156018355,0.028892908851305577,0.04832811886710778,0.0402651369571685
sine_next,qlstm,13,0.0324899732108627,0.0299900403817494,0.0282944857462176,0.027617915133635148,0.0385109699890017,0.034561851183573376
sine_next,qlstm,14,0.02975400732031885,0.0280320700804392,0.026692640659000174,0.0256172243555386,0.03441428384078395,0.0320405166149139
sine_next,qlstm,15,0.02826478148677515,0.02654729898770645,0.02529972976605805,0.024669578353563898,0.03178537817671888,0.030564089496930402
sine_next,qlstm,16,0.027175103165209248,0.0258845259348551,0.0241955115486468,0.023550239463647177,0.03015276261738365,0.029087422311305948
sine_next,qlstm,17,0.0261144548228808,0.02513375747203825,0.023164577893912724,0.023100188374519274,0.0283584794934306,0.027695650875568377
sine_next,qlstm,18,0.0253854681657893,0.0239479900201161,0.022372247885380423,0.022344083388646425,0.026932999273495975,0.0262950662374496
sine_next,qlstm,19,0.02443972046353985,0.02276161074638365,0.021884663051792527,0.0218020509680112,0.025764805645282725,0.02537082489331555
sine_next,qlstm,20,0.0235684622398444,0.0221753530502319,0.021274304664028527,0.02142415495713545,0.024874416238495227,0.0241264610886573
sine_next,qlstm,21,0.02288704145699735,0.02159666303793585,0.020811474113059874,0.020426629453897425,0.023895449252533025,0.023347327113151524
sine_next,qlstm,22,0.0218487032236797,0.02097124252716695,0.02037183002169635,0.019758143693208677,0.023449389987758223,0.022820883850256574
sine_next,qlstm,23,0.0213136182459337,0.02047077437241865,0.019927425161004028,0.01894352917869885,0.0228287520738584,0.022358492970466524
sine_next,qlstm,24,0.021007751710712848,0.02009724811712895,0.0193603149295917,0.018618868529796526,0.02220444466386515,0.021629576186339
sine_next,qlstm,25,0.02061102097055735,0.0195662228663762,0.018988237351711224,0.018064002970854375,0.021411944066307323,0.020885198275248124
sine_next,qlstm,26,0.02006400683096475,0.01898078779379525,0.018629802907151775,0.017733669181664725,0.02097454112289205,0.020277153015136648
sine_next,qlstm,27,0.0195735537580081,0.01878720855712885,0.018249409877295973,0.017490527967611927,0.020479758711797826,0.01980599995454145
sine_next,qlstm,28,0.019109041227826,0.01825523090362545,0.01791733807751105,0.0173627283076445,0.019983985032886252,0.019459913372993402
sine_next,qlstm,29,0.018761978423488902,0.01808560975392655,0.0174988989345729,0.017106937448183673,0.019592866413295225,0.019193366924921625
sine_next,qlstm,30,0.01851154022450955,0.01760755554835,0.0172127870709768,0.016855847537517524,0.019269610217639323,0.018987423419952326
sine_next,qlstm,31,0.0181719378754496,0.0172953130602836,0.0169931438432208,0.01675648824373875,0.0188893673648791,0.018656226774056723
sine_next,qlstm,32,0.01787903134844125,0.01691109061241145,0.016605221339102298,0.01645895403623575,0.018711161299475598,0.018496409277121175
sine_next,qlstm,33,0.0176711164468101,0.0167053916652997,0.016337724833616125,0.016247669160365998,0.018384780756064777,0.01805252987146375
sine_next,qlstm,34,0.0173924927732774,0.01654968792200085,0.01620775713851405,0.01592853082219755,0.018058135581335826,0.018123775670925726
sine_next,qlstm,35,0.017156043622110498,0.01624680423736565,0.015958568098555677,0.015803797294696123,0.017923897780211875,0.017713687737782726
sine_next,qlstm,36,0.016995899389897,0.016053562760353052,0.015704989627535824,0.015599989851315724,0.017634407784789752,0.01737761576970415
sine_next,qlstm,37,0.016834352883909352,0.01587137651443475,0.0154405572943921,0.01544147181510925,0.0173484154897076,0.017309577802817
sine_next,qlstm,38,0.01668971573933955,0.01576126291354495,0.0153952345744307,0.015225623011588973,0.0172176955454051,0.016956924438476476
sine_next,qlstm,39,0.016609176173806098,0.015497050623099001,0.01521589412087835,0.015055118997891675,0.017011104626581026,0.0169077433943748
sine_next,qlstm,40,0.0164008967738066,0.015452632526556601,0.01494967898753065,0.01473782416184735,0.01681340843572145,0.0167268744111061
sine_next,qlstm,41,0.01624714377203155,0.01530410228172935,0.014827109029782624,0.01453074876467385,0.01656678593318375,0.0162897529204686
sine_next,qlstm,42,0.0161101115973932,0.0151413822174072,0.01471310589994695,0.0143977265556653,0.016377025273229373,0.0163142845034599
sine_next,qlstm,43,0.015898393025355652,0.0150495529969533,0.0145693612085389,0.01428075730800625,0.016387155163767,0.016143469661474175
sine_next,qlstm,44,0.01572323117671265,0.01506187264124545,0.014470143910231274,0.014029864698648399,0.01614223943757155,0.016187592864036475
sine_next,qlstm,45,0.01558218333870165,0.01517552781105035,0.0143391240640942,0.013915279130140875,0.015968273983203926,0.015838972091674775
sine_next,qlstm,46,0.015248628322567251,0.0148567099968592,0.014259946368900725,0.0138276126682758,0.015853760874431026,0.015564990739027576
sine_next,qlstm,47,0.015122825287814601,0.01453325708707165,0.014090265550517574,0.01369180723031355,0.0158203900419175,0.015662709107001523
sine_next,qlstm,48,0.01518241879929385,0.014372486114501901,0.014030466344473524,0.013740958690643224,0.015792935349579325,0.0154088813364505
sine_next,qlstm,49,0.014956984658326351,0.0144342012604077,0.013955177832394774,0.013475338637828776,0.0154802436035658,0.015337032447258574
sine_next,qlstm,50,0.01482868582010265,0.014273467381795201,0.01389172466072645,0.013432862848043426,0.015412601233859125,0.015210952838261875
sine_next,qlstm,51,0.01477272817598915,0.014112268726030951,0.013739742755091575,0.013488276412089625,0.015269703161237474,0.015129838138818675
sine_next,qlstm,52,0.01456328572705385,0.0140426293810208,0.01374547576531765,0.013131315559148775,0.015338455630200226,0.0149579156339168
sine_next,qlstm,53,0.0144262173080018,0.01423713509241735,0.013688733128032449,0.013045712550481125,0.015051246590114024,0.015049654801686525
sine_next,qlstm,54,0.01449232809777765,0.01402430673440295,0.013677778709679775,0.012891717314720101,0.0150238695501216,0.014858801782131125
sine_next,qlstm,55,0.01425207517242855,0.014067865689595501,0.01352324051782485,0.012803063710530551,0.014981213830677475,0.01493996679782865
sine_next,qlstm,56,0.014196496895913499,0.0136490172942479,0.013504896994147924,0.01295044424136475,0.01486273377202445,0.014564551403125051
sine_next,qlstm,57,0.014059845717357699,0.01369333763917285,0.01347131245769555,0.01265403635303175,0.014754903152851075,0.014695946564277
sine_next,qlstm,58,0.01403102064239125,0.013680600563685051,0.013278628046225174,0.012855102588732976,0.01479598302793285,0.014425164540608675
sine_next,qlstm,59,0.01412510821595785,0.0135286815166473,0.013304171687258075,0.012502598543961825,0.014760206247280675,0.0144888026118278
sine_next,qlstm,60,0.0139168574288487,0.0133822313547134,0.013209123505013276,0.01241219758987425,0.014412962665249125,0.014465611020723924
sine_next,qslstm,1,0.4961966344288417,0.45815393575032554,0.45811062178441453,0.3839266964594523,0.5044680504287993,0.4765500647226969
sine_next,qslstm,2,0.38143641999789646,0.2810067176818847,0.31143978135926376,0.2331101805369059,0.4259419253042766,0.345059710184733
sine_next,qslstm,3,0.19475608568106373,0.11924385817845656,0.16524233777608185,0.09214256795247394,0.27557738208345,0.1901839723587036
sine_next,qslstm,4,0.09401938736438745,0.06359199444452915,0.061038244616772375,0.04448845360676445,0.12663661540618965,0.09740652473767589
sine_next,qslstm,5,0.0492190718012196,0.0374626199404398,0.03561693510306727,0.029729051609834023,0.081096887992961,0.0663307496706644
sine_next,qslstm,6,0.03313923996474055,0.0270562560955683,0.02534335899565895,0.02306170725822445,0.0564937841679368,0.042880776564280125
sine_next,qslstm,7,0.0243510195453252,0.0224510126113891,0.0218154729264123,0.019822519282499926,0.038169895687273525,0.033810379465420974
sine_next,qslstm,8,0.020819268141474,0.02016289997100825,0.018951549468828023,0.0182277866999308,0.03169874502878098,0.02918631853659945
sine_next,qslstm,9,0.0192387268639036,0.01889518415927885,0.017837107769612674,0.017056479195753677,0.028337297255971575,0.026642041365305548
sine_next,qslstm,10,0.01807604836566105,0.0178777190049489,0.016767172742901022,0.016021234114964752,0.026245043062205774,0.02501357054710385
sine_next,qslstm,11,0.0173359997410859,0.01663242952028905,0.015924832717116373,0.015342623084783525,0.02481487485181,0.0237855426470438
sine_next,qslstm,12,0.016461556974266198,0.0162685146729151,0.01484886511495065,0.01457005971670145,0.023825417283390177,0.022865539729595125
sine_next,qslstm,13,0.0160039183337773,0.016045527100563,0.014452884636287125,0.01411806080738695,0.022981025140200277,0.022343377391497225
sine_next,qslstm,14,0.0157028753869235,0.0157260433832804,0.013935369101485975,0.013346617927153826,0.02249053622462915,0.02155507504940025
sine_next,qslstm,15,0.01541308587683095,0.0152474015553792,0.0135469096060842,0.012823343614737151,0.021894769067210752,0.0207230878074963
sine_next,qslstm,16,0.014996855245637,0.01457982683181755,0.01303072650650775,0.012281278272469776,0.021169761014836128,0.0198428128560384
sine_next,qslstm,17,0.01429282022640105,0.01390639682610825,0.012663280242787876,0.01172487755616505,0.020416034965642774,0.019088551143805123
sine_next,qslstm,18,0.013809719266636,0.01352551722526545,0.012107616576499076,0.01137146776914595,0.019712874208177827,0.018464130342006647
sine_next,qslstm,19,0.0133366516099444,0.01308864388863245,0.011443448218383924,0.011091169377167975,0.018785393246050323,0.017549464960892974
sine_next,qslstm,20,0.01297450260924435,0.01286960303783415,0.011050887243556101,0.01069918111960085,0.01778653431417685,0.016580372532208724
sine_next,qslstm,21,0.01262710901509435,0.012562905172506949,0.010577908631946326,0.0104491268197695,0.016951130536784,0.01621434623003005
sine_next,qslstm,22,0.0123325613087841,0.012196992754936149,0.0102090056985616,0.01002618294954295,0.01616483931961865,0.0158122389912605
sine_next,qslstm,23,0.012005774445299551,0.011864783147970799,0.009975649498935224,0.00977270230650895,0.0154569203885538,0.015702403585116025
sine_next,qslstm,24,0.011757929729563799,0.01167834556102745,0.0097915194516203,0.009590101793408325,0.015175100078007951,0.015367076953252075
sine_next,qslstm,25,0.0115577781280236,0.01120931132634475,0.00965367932005645,0.0096644489864508,0.0148744890931993,0.0149607315063476
sine_next,qslstm,26,0.0111591769861323,0.01100523853302,0.0095367594715207,0.009254277527332249,0.01459877585593075,0.014800420602162674
sine_next,qslstm,27,0.01090415921328315,0.01108648955821985,0.009398407366658899,0.009126161416371601,0.014370141992611475,0.014281097511450375
sine_next,qslstm,28,0.0106603763758071,0.01055625859896335,0.009375832471996476,0.00905358020464575,0.013913635958784351,0.01392493271827695
sine_next,qslstm,29,0.010380493261452201,0.0105867221355438,0.009235545940963201,0.008848675906658126,0.013656778837154951,0.0137315222024917
sine_next,qslstm,30,0.01013071224359525,0.0101908598542213,0.00902722906720425,0.0085956488450368,0.0134780303242483,0.0135485730171203
sine_next,qslstm,31,0.0100023592556161,0.010036448508501,0.00893152476953605,0.008588218381007475,0.013226438716852201,0.013208004812399525
sine_next,qslstm,32,0.0097992260887154,0.00968896045287445,0.008819742867989125,0.00861329337954515,0.0130113701775137,0.013071807960669176
sine_next,qslstm,33,0.0095742430804031,0.009598588546117101,0.008692278509427324,0.008401866098244925,0.0128205151962382,0.012726758400599125
sine_next,qslstm,34,0.00951316354796285,0.00943523003657655,0.008568814358274775,0.008246045082807475,0.0126959228222923,0.012437204579512225
sine_next,qslstm,35,0.0093170535803905,0.0093047704597314,0.008488952311953249,0.0080343632201353,0.0125405949859746,0.012271894117196324
sine_next,qslstm,36,0.009183371737599349,0.00910911631584165,0.0083760908977793,0.0079797657728195,0.012242115842444525,0.01197175985574715
sine_next,qslstm,37,0.00910081800605565,0.00896101154883695,0.0082203756685235,0.007996194561322476,0.012038156780015125,0.0117695949077606
sine_next,qslstm,38,0.0089953380211123,0.00893243468801175,0.008232858596103475,0.007736843357483526,0.0118335045741072,0.0116019970973332
sine_next,qslstm,39,0.008973392796303499,0.0084959453344345,0.008151916446430325,0.007706341927250175,0.011619342783732025,0.011401346991459501
sine_next,qslstm,40,0.00881770783237045,0.008555158833662601,0.007930987244471825,0.00770335564514,0.011447726230003974,0.0112016024192174
sine_next,qslstm,41,0.008643126285501849,0.00838314407070475,0.00785931177703395,0.0075465296308199255,0.01098664821657745,0.01083357596397395
sine_next,qslstm,42,0.008445185638431899,0.00839166319370265,0.007774323533688224,0.00758133664727205,0.010897960608292876,0.010903832038243575
sine_next,qslstm,43,0.00834174230960855,0.0081974412798881,0.007804716507505075,0.007379471341768825,0.010641978738297225,0.010507410059372524
sine_next,qslstm,44,0.0082079102138855,0.00794762075940765,0.0076622882591826005,0.0074389352997144,0.01050807143694585,0.010277181327342975
sine_next,qslstm,45,0.0080535717069038,0.007825500408808299,0.0074977335147559,0.007269869501392025,0.010320449045726151,0.01030488435427345
sine_next,qslstm,46,0.008043511525860799,0.007763652682304299,0.0073692330784563,0.007344504053393951,0.0102405007915305,0.010090054084857249
sine_next,qslstm,47,0.008054393162684751,0.0080014308591683,0.00730359930079425,0.007348963573574975,0.010042856508599825,0.00998460291822745
sine_next,qslstm,48,0.0078227675227182,0.00755090345938995,0.007234829925665825,0.0071768387258052,0.00989734783635605,0.009814746906359926
sine_next,qslstm,49,0.00773550067629125,0.0075620505710442005,0.007151896544466025,0.00703403339783345,0.00978107716222955,0.009740624199310901
sine_next,qslstm,50,0.00770660165963425,0.0074940045277277,0.00714172025277675,0.006973877415060975,0.009669875530526,0.00966680900255835
sine_next,qslstm,51,0.00762453323762325,0.00766166629393895,0.007083524214768975,0.006991749952236775,0.009527110003733175,0.00947718346118925
sine_next,qslstm,52,0.00761010952693005,0.00747443311413125,0.00704538234243435,0.00691971841951205,0.009645523516727275,0.009335334350665376
sine_next,qslstm,53,0.0075916327935244,0.00741441419720645,0.00695454218358325,0.0068046376407146,0.009509943909943025,0.009483903557062126
sine_next,qslstm,54,0.0075068699595119,0.007424367735783199,0.00692434933369175,0.006732532302538525,0.009382717487003076,0.009383622904618525
sine_next,qslstm,55,0.0074993327379758,0.0075687728126843,0.0067412026685528745,0.0067946282078822,0.009318544969760876,0.00905487110217405
sine_next,qslstm,56,0.007460844651130651,0.0072381276885668,0.006632208330556725,0.006690099303921025,0.009205652025661225,0.0090431267221768
sine_next,qslstm,57,0.00744223224132185,0.007233714222908,0.0066254935839346,0.006597419584790799,0.00911256299886315,0.0089498039583365
sine_next,qslstm,58,0.00738547101616855,0.0073317480285962,0.006538646293670951,0.00663542432089645,0.00899762632990515,0.008773808797200475
sine_next,qslstm,59,0.0074930415009813005,0.007292506635189,0.0064669400806139496,0.0065328437735636255,0.00891892469887215,0.00874127950270965
sine_next,qslstm,60,0.0073251848454986,0.00721263355016705,0.006428154338417225,0.00647541184226665,0.008809657167377125,0.008706542263428325
