run_seed,model,task,split,sequence_id,n_steps,mse,mae,final_mse,final_mae
867702092,qslstm,sine_next,extrapolation,2000000,254,0.00498024459549737,0.05868234763959584,0.0022811779518292497,0.04776167869567871
867702092,qslstm,sine_next,extrapolation,2000001,254,0.013168482089764424,0.0914330977953853,0.0019087402319115654,0.04368913173675537
867702092,qslstm,sine_next,extrapolation,2000002,254,0.010065289293663076,0.07470595127514262,4.5351755261435756e-05,0.006734371185302734
867702092,qslstm,sine_next,extrapolation,2000003,254,0.009398954590668406,0.07335054449825071,0.004054731610953155,0.06367677450180054
867702092,qslstm,sine_next,extrapolation,2000004,254,0.01702879483503835,0.10811869566068494,0.05805652348857748,0.24094921350479126
867702092,qslstm,sine_next,extrapolation,2000005,254,0.021304088825758336,0.12485772096478623,0.013549113435264104,0.11640065908432007
867702092,qslstm,sine_next,extrapolation,2000006,254,0.005079538769789055,0.0583938262865358,0.0016227748712935863,0.0402836799621582
867702092,qslstm,sine_next,extrapolation,2000007,254,0.008321605616229556,0.06705755135422577,6.532502538902918e-09,8.082389831542969e-05
867702092,qslstm,sine_next,extrapolation,2000008,254,0.009283713702649547,0.07147376974824611,0.0004756966893673109,0.021810472011566162
867702092,qslstm,sine_next,extrapolation,2000009,254,0.0069606035071250955,0.0626826986017835,0.0009567080736907485,0.030930697917938232
867702092,qslstm,sine_next,extrapolation,2000010,254,0.010586979140595866,0.07912708118953925,4.079683325386441e-06,0.002019822597503662
867702092,qslstm,sine_next,extrapolation,2000011,254,0.0045595684563728145,0.05699579025560066,6.5662684178846575e-09,8.103251457214355e-05
867702092,qslstm,sine_next,extrapolation,2000012,254,0.005427694881527507,0.059170098050394804,0.0176866895819785,0.13299131393432617
867702092,qslstm,sine_next,extrapolation,2000013,254,0.009369970821061268,0.07055634168970333,8.880007928979694e-08,0.00029799342155456543
867702092,qslstm,sine_next,extrapolation,2000014,254,0.005590943018658134,0.0600208386734832,0.0018942887064410524,0.04352342709898949
867702092,qslstm,sine_next,extrapolation,2000015,254,0.0210574865800999,0.1236478516549664,0.00513898081851849,0.07168668508529663
867702092,qslstm,sine_next,extrapolation,2000016,254,0.008487868932786675,0.067813237096865,0.00017632131233824566,0.013278603553771973
867702092,qslstm,sine_next,extrapolation,2000017,254,0.022143305899001813,0.12764206273466583,0.02878480954027296,0.16966086626052856
867702092,qslstm,sine_next,extrapolation,2000018,254,0.010396676601792403,0.0768746804357983,0.030945563952830213,0.1759135127067566
867702092,qslstm,sine_next,extrapolation,2000019,254,0.006335223571948785,0.06182771573080608,0.004398050160091316,0.06631779670715332
867702092,qslstm,sine_next,extrapolation,2000020,254,0.012570490312112213,0.08906359435242461,0.00045704354409181747,0.02137857675552368
867702092,qslstm,sine_next,extrapolation,2000021,254,0.007239673648983136,0.06468901218705275,0.0007879869628801828,0.028071105480194092
867702092,qslstm,sine_next,extrapolation,2000022,254,0.010628354520580384,0.07673525703542931,7.915592941665217e-05,0.008896961808204651
867702092,qslstm,sine_next,extrapolation,2000023,254,0.01857253058518755,0.1146502507599364,0.024052024291566776,0.1550871506333351
867702092,qslstm,sine_next,extrapolation,2000024,254,0.006448427142310883,0.06188226294681782,5.712588810879993e-05,0.007558166980743408
867702092,qslstm,sine_next,extrapolation,2000025,254,0.009726453080163887,0.0723245116610696,0.034589100661012395,0.18598145246505737
867702092,qslstm,sine_next,extrapolation,2000026,254,0.007364933021953312,0.06458938671330973,0.0010466249382909965,0.03235158324241638
867702092,qslstm,sine_next,extrapolation,2000027,254,0.004605259430962894,0.05706473670195876,0.012980795712182136,0.11393329501152039
867702092,qslstm,sine_next,extrapolation,2000028,254,0.013421902883054226,0.09319113102176879,0.0004409886446730127,0.0209997296333313
867702092,qslstm,sine_next,extrapolation,2000029,254,0.013744935461929801,0.09477469501063579,0.02025836924875435,0.14233189821243286
867702092,qslstm,sine_next,extrapolation,2000030,254,0.005730143503497675,0.06012466864469718,0.0071571816971132685,0.08460012823343277
867702092,qslstm,sine_next,extrapolation,2000031,254,0.01010442499900084,0.0752132669985881,0.027466333965580958,0.16572970151901245
867702092,qslstm,sine_next,extrapolation,2000032,254,0.005969551801956388,0.060973642227115245,0.0010461448455068023,0.032344162464141846
867702092,qslstm,sine_next,extrapolation,2000033,254,0.005009364245376406,0.058452055647334,0.015829392761816052,0.12581491470336914
867702092,qslstm,sine_next,extrapolation,2000034,254,0.008331907384761866,0.06851044606910578,0.0012425357578047524,0.03524962067604065
867702092,qslstm,sine_next,extrapolation,2000035,254,0.0103083976273394,0.07594722245845532,0.018425714923765213,0.13574135303497314
867702092,qslstm,sine_next,extrapolation,2000036,254,0.016890450725929915,0.10852569305176633,0.032131986860235495,0.1792539730668068
867702092,qslstm,sine_next,extrapolation,2000037,254,0.007661758332874253,0.06695690600194154,0.008454144712377598,0.09194642305374146
867702092,qslstm,sine_next,extrapolation,2000038,254,0.004744361682696611,0.05722424352397078,0.002658616416685078,0.05156177282333374
867702092,qslstm,sine_next,extrapolation,2000039,254,0.013679845610544398,0.0943983377426804,0.0013184736134377317,0.036310791969299316
867702092,qslstm,sine_next,extrapolation,2000040,254,0.010667006509656006,0.07925533260013468,0.007546906886787497,0.08687293529510498
867702092,qslstm,sine_next,extrapolation,2000041,254,0.00688425312826281,0.0636846207560766,0.001256840662566816,0.03545194864273071
867702092,qslstm,sine_next,extrapolation,2000042,254,0.012033242808923459,0.0861930124650482,0.0001048469901121507,0.010239481925964355
867702092,qslstm,sine_next,extrapolation,2000043,254,0.007701380569556269,0.06557549265585473,0.021310943649726966,0.14598268270492554
867702092,qslstm,sine_next,extrapolation,2000044,254,0.014359679905261706,0.09710845665815543,0.0006350584956180683,0.025200366973876953
867702092,qslstm,sine_next,extrapolation,2000045,254,0.004919580634651223,0.05814212350922776,0.0017379013674236887,0.04168814420700073
867702092,qslstm,sine_next,extrapolation,2000046,254,0.006304748048191716,0.061602796684569264,0.0004489072004996465,0.02118743024766445
867702092,qslstm,sine_next,extrapolation,2000047,254,0.008217355483452062,0.06842507207243681,0.00484386767240963,0.06959789991378784
867702092,qslstm,sine_next,extrapolation,2000048,254,0.009835107853441074,0.07527251645013339,0.0033220072886166463,0.05763685703277588
867702092,qslstm,sine_next,extrapolation,2000049,254,0.00941473399713905,0.07305891065781306,0.020682628746953924,0.1438145637512207
867702092,qslstm,sine_next,extrapolation,2000050,254,0.008621044729684137,0.06896361339778646,0.030155501242107086,0.17365339398384094
867702092,qslstm,sine_next,extrapolation,2000051,254,0.006943417671435815,0.06438894153161957,0.00684813836616982,0.08275347948074341
867702092,qslstm,sine_next,extrapolation,2000052,254,0.00467197971946833,0.05724319217425925,0.0006700324962736204,0.02588498592376709
867702092,qslstm,sine_next,extrapolation,2000053,254,0.01694281616912261,0.10878661684288578,0.01685033575626349,0.12980884313583374
867702092,qslstm,sine_next,extrapolation,2000054,254,0.006539541698406809,0.06149256868309921,0.002804898226035135,0.05296128988265991
867702092,qslstm,sine_next,extrapolation,2000055,254,0.01007028296151866,0.07624299274198344,0.00029958325791312745,0.017308473587036133
867702092,qslstm,sine_next,extrapolation,2000056,254,0.007277340163824276,0.06497763121669275,0.011584592091370638,0.10763174295425415
867702092,qslstm,sine_next,extrapolation,2000057,254,0.004666367544000052,0.057624240908643425,0.0004298943155198742,0.020733892917633057
867702092,qslstm,sine_next,extrapolation,2000058,254,0.013217657974804054,0.09240761289132876,0.01213150143232955,0.11014309525489807
867702092,qslstm,sine_next,extrapolation,2000059,254,0.005506572947541292,0.059405914060478134,0.002243692598145941,0.047367632389068604
867702092,qslstm,sine_next,extrapolation,2000060,254,0.009772795614499993,0.07457762696793098,0.00033813948292404916,0.018388569355010986
867702092,qslstm,sine_next,extrapolation,2000061,254,0.004655420933447219,0.05696791742275667,0.0007151558903082389,0.026742398738861084
867702092,qslstm,sine_next,extrapolation,2000062,254,0.012648905870861898,0.09067578452426618,0.00011907306954128671,0.010912060737609863
867702092,qslstm,sine_next,extrapolation,2000063,254,0.007378529310428632,0.06410260926905742,0.0007196387645400648,0.026826083660125732
867702092,qslstm,sine_next,extrapolation,2000064,254,0.004846653518195367,0.058500740213290325,0.0008862654263863678,0.02977021038532257
867702092,qslstm,sine_next,extrapolation,2000065,254,0.008889442390123606,0.07031953946034622,0.03195068117987887,0.1787475347518921
867702092,qslstm,sine_next,extrapolation,2000066,254,0.012622425270137986,0.09116118424755382,0.010508429485330595,0.10251063108444214
867702092,qslstm,sine_next,extrapolation,2000067,254,0.009757167596612312,0.07499416977695124,0.0016364996113793495,0.04045367240905762
867702092,qslstm,sine_next,extrapolation,2000068,254,0.007783266194600243,0.06717462756056393,0.0024234559055038574,0.04922860860824585
867702092,qslstm,sine_next,extrapolation,2000069,254,0.01197528995600235,0.08607143985004875,0.04250707356234873,0.20617243647575378
867702092,qslstm,sine_next,extrapolation,2000070,254,0.007750649409022352,0.06637849100209098,1.2362804469034927e-07,0.0003516077995300293
867702092,qslstm,sine_next,extrapolation,2000071,254,0.0047563756252170354,0.0570552572901324,0.010036969912619043,0.10018467903137207
867702092,qslstm,sine_next,extrapolation,2000072,254,0.004692309385849614,0.05741909499038157,0.0018081672269687488,0.042522549629211426
867702092,qslstm,sine_next,extrapolation,2000073,254,0.009769944580784425,0.07322756905570685,0.02609741562361023,0.16154694557189941
867702092,qslstm,sine_next,extrapolation,2000074,254,0.0051892578581318426,0.058741197426341415,0.0004989664029295682,0.02233755588531494
867702092,qslstm,sine_next,extrapolation,2000075,254,0.0067305753301400645,0.06323464918335328,0.016756212870916443,0.12944579124450684
867702092,qslstm,sine_next,extrapolation,2000076,254,0.006549530247896637,0.06160791019274758,0.01752583967027377,0.13238519430160522
867702092,qslstm,sine_next,extrapolation,2000077,254,0.004769606412605715,0.057331299308896445,0.0012133430175396143,0.03483307361602783
867702092,qslstm,sine_next,extrapolation,2000078,254,0.011574868961960319,0.08427556640813201,2.651902380890192e-05,0.005149662494659424
867702092,qslstm,sine_next,extrapolation,2000079,254,0.01024534564786973,0.07611299311470857,0.00022320040395941432,0.014939893037080765
867702092,qslstm,sine_next,extrapolation,2000080,254,0.00972969728438981,0.07330256541567583,0.029110986722469312,0.1706194207072258
867702092,qslstm,sine_next,extrapolation,2000081,254,0.00609821808011111,0.06173884911154668,0.012467809998245372,0.11165934801101685
867702092,qslstm,sine_next,extrapolation,2000082,254,0.008458183495310393,0.0686290280922778,0.008185050279280404,0.09047126770019531
867702092,qslstm,sine_next,extrapolation,2000083,254,0.008418582408950371,0.06750026682273055,0.0003716834095621735,0.01927909255027771
867702092,qslstm,sine_next,extrapolation,2000084,254,0.018236512252258943,0.11398046594397275,0.014439338429625082,0.12016379833221436
867702092,qslstm,sine_next,extrapolation,2000085,254,0.008713529302594513,0.06975123054344724,0.02568954120372169,0.16027957201004028
867702092,qslstm,sine_next,extrapolation,2000086,254,0.013100995276371367,0.09100896508366925,0.008622511601075189,0.0928574800491333
867702092,qslstm,sine_next,extrapolation,2000087,254,0.009932904616892637,0.07428426685189374,1.3584985896764046e-06,0.001165546476840973
867702092,qslstm,sine_next,extrapolation,2000088,254,0.01095919936517356,0.07934769103303552,0.00010396510801058412,0.010196328163146973
867702092,qslstm,sine_next,extrapolation,2000089,254,0.009944488277379517,0.07452522527782143,0.0005503450674950727,0.023459434509277344
867702092,qslstm,sine_next,extrapolation,2000090,254,0.008630539700195783,0.07003103420674603,0.0010505333972474773,0.032411932945251465
867702092,qslstm,sine_next,extrapolation,2000091,254,0.007506091613324934,0.06595974549189151,0.002000976214194594,0.04473227262496948
867702092,qslstm,sine_next,extrapolation,2000092,254,0.010276736992211929,0.07540548243101569,0.030080516785403688,0.17343735694885254
867702092,qslstm,sine_next,extrapolation,2000093,254,0.006711284394211647,0.06225856574431912,0.0002417502120488635,0.01554831862449646
867702092,qslstm,sine_next,extrapolation,2000094,254,0.009736256468351922,0.07485328001514678,0.005469006935644671,0.07395273447036743
867702092,qslstm,sine_next,extrapolation,2000095,254,0.004767454187067619,0.056985802289399166,0.003914024820378614,0.06256216764450073
867702092,qslstm,sine_next,extrapolation,2000096,254,0.016770320776540854,0.10670680491671729,0.002264293519150584,0.047584593296051025
867702092,qslstm,sine_next,extrapolation,2000097,254,0.010323039661197866,0.07838544832711203,0.02387285855243082,0.15450844168663025
867702092,qslstm,sine_next,extrapolation,2000098,254,0.00494841218425905,0.05841363430587854,0.00036751122550882087,0.01917058229446411
867702092,qslstm,sine_next,extrapolation,2000099,254,0.009950793201889975,0.07546120250458264,0.0016252297174936814,0.04031413793563843
867702092,qslstm,sine_next,extrapolation,2000100,254,0.007650807442548671,0.06536325689851614,6.794055559034007e-06,0.0026065409183502197
867702092,qslstm,sine_next,extrapolation,2000101,254,0.005580890098987286,0.05959269769790428,0.004685211273628198,0.06844860315322876
867702092,qslstm,sine_next,extrapolation,2000102,254,0.0062466807905959985,0.06153969215797481,0.0012055945436237891,0.03472167253494263
867702092,qslstm,sine_next,extrapolation,2000103,254,0.006464935179792928,0.062283191481590505,0.0005303856097818027,0.023030102252960205
867702092,qslstm,sine_next,extrapolation,2000104,254,0.004539790168348762,0.05649865845330133,0.006149188991688703,0.07841676473617554
867702092,qslstm,sine_next,extrapolation,2000105,254,0.004920849227351994,0.058510522926446255,0.017030285967368997,0.13050013780593872
867702092,qslstm,sine_next,extrapolation,2000106,254,0.01921795417275133,0.1166950401622714,0.013733776299901024,0.11719119548797607
867702092,qslstm,sine_next,extrapolation,2000107,254,0.0064965288675631365,0.06265565444390109,0.026718124681579525,0.16345679759979248
867702092,qslstm,sine_next,extrapolation,2000108,254,0.009199249490727118,0.07236020856923754,0.0062741459218251805,0.07920950651168823
867702092,qslstm,sine_next,extrapolation,2000109,254,0.006258414961896098,0.06203551659283529,0.004031044858393784,0.06349050998687744
867702092,qslstm,sine_next,extrapolation,2000110,254,0.009116457176118423,0.07101197774599005,5.797143245445113e-07,0.0007613897323608398
867702092,qslstm,sine_next,extrapolation,2000111,254,0.00592189989890628,0.06100426238455524,0.0028684616973970734,0.053558021783828735
867702092,qslstm,sine_next,extrapolation,2000112,254,0.013864181694993519,0.09391415290562913,0.05487973398762258,0.23426423966884613
867702092,qslstm,sine_next,extrapolation,2000113,254,0.007266612011442439,0.06421900817787084,7.957940875158442e-05,0.008920729160308838
867702092,qslstm,sine_next,extrapolation,2000114,254,0.018378077998075778,0.11423261509658256,0.006892276138614761,0.08301973342895508
867702092,qslstm,sine_next,extrapolation,2000115,254,0.0057624855403473245,0.060106296271879106,0.022214764557304534,0.1490461826324463
867702092,qslstm,sine_next,extrapolation,2000116,254,0.006571784324063722,0.06281880711711298,1.5580298731165954e-06,0.0012482106685638428
867702092,qslstm,sine_next,extrapolation,2000117,254,0.01072760920439306,0.07843697018642712,0.029274197157121762,0.1710970401763916
867702092,qslstm,sine_next,extrapolation,2000118,254,0.006889769402054476,0.06272682575893948,0.00892116363274914,0.0944519117474556
867702092,qslstm,sine_next,extrapolation,2000119,254,0.010127029517912872,0.07691719457800464,0.031149333358371223,0.17649173736572266
867702092,qslstm,sine_next,extrapolation,2000120,254,0.00838786155792233,0.06978122529933067,0.00020593267919721825,0.014350354671478271
867702092,qslstm,sine_next,extrapolation,2000121,254,0.005447825129686798,0.05927748165430692,0.0007660196044980694,0.027677059173583984
867702092,qslstm,sine_next,extrapolation,2000122,254,0.009322945963436592,0.07139448372199839,0.011117044887910765,0.10543739795684814
867702092,qslstm,sine_next,extrapolation,2000123,254,0.009467238364579867,0.07326901415142957,0.00027757462932243016,0.016660571098327637
867702092,qslstm,sine_next,extrapolation,2000124,254,0.010362943290067293,0.07569562129705674,0.00011764905343625287,0.010846614837646484
867702092,qslstm,sine_next,extrapolation,2000125,254,0.019000672872836886,0.11610872398944587,0.06018995938766919,0.24533642083406448
867702092,qslstm,sine_next,extrapolation,2000126,254,0.011250992964039233,0.08023808176599913,0.0007196675460932056,0.02682662010192871
867702092,qslstm,sine_next,extrapolation,2000127,254,0.008781851427907534,0.07026881519448394,5.626227065777881e-05,0.007500817999243736
867702092,qslstm,sine_next,extrapolation,2000128,254,0.007023613271861493,0.06431449488846688,0.00034729603090534467,0.018635880202054977
867702092,qslstm,sine_next,extrapolation,2000129,254,0.007167595704811151,0.0641910322303847,0.0008245606130694583,0.028715163469314575
867702092,qslstm,sine_next,extrapolation,2000130,254,0.005362951835774331,0.059357831349933714,0.00015659559980818472,0.012513816356658936
867702092,qslstm,sine_next,extrapolation,2000131,254,0.00768543702453627,0.06655197693621666,0.0006266002155861372,0.025031983852386475
867702092,qslstm,sine_next,extrapolation,2000132,254,0.004757146992242213,0.05724825094798653,7.828941693688307e-05,0.008848130702972412
867702092,qslstm,sine_next,extrapolation,2000133,254,0.010027766812671306,0.07731351460739017,0.0015357995947660186,0.039189279079437256
867702092,qslstm,sine_next,extrapolation,2000134,254,0.0074883168952228,0.06549240185560175,0.012677410737879313,0.11259400844573975
867702092,qslstm,sine_next,extrapolation,2000135,254,0.007031467781172105,0.06328296755884194,0.02561305632127997,0.16004079580307007
867702092,qslstm,sine_next,extrapolation,2000136,254,0.024628566742602546,0.1366602502470858,0.014280160082481785,0.11949962377548218
867702092,qslstm,sine_next,extrapolation,2000137,254,0.004879058903722112,0.058462316231292444,0.0002550139822830033,0.015969157218933105
867702092,qslstm,sine_next,extrapolation,2000138,254,0.00973669116779258,0.0738540724193553,0.0017577417056600098,0.04192543029785156
867702092,qslstm,sine_next,extrapolation,2000139,254,0.005955625393403121,0.06090318822250591,0.0016635438314871465,0.040786564350128174
867702092,qslstm,sine_next,extrapolation,2000140,254,0.00778646177023795,0.06592441709000822,0.023508854591685946,0.15332597494125366
867702092,qslstm,sine_next,extrapolation,2000141,254,0.008437702573592944,0.06742652235772666,5.806949980069476e-05,0.007620334625244141
867702092,qslstm,sine_next,extrapolation,2000142,254,0.005053342687194158,0.058632562646308777,0.00023472806163127302,0.015320837497711182
867702092,qslstm,sine_next,extrapolation,2000143,254,0.009800567011282202,0.07606490079348349,0.0004938721372695909,0.022223234176635742
867702092,qslstm,sine_next,extrapolation,2000144,254,0.004785726845601299,0.05750408416910016,2.9475655324517902e-05,0.0054291486740112305
867702092,qslstm,sine_next,extrapolation,2000145,254,0.004924838201477356,0.05737328988785936,0.0036485220270226493,0.060402996838092804
867702092,qslstm,sine_next,extrapolation,2000146,254,0.0047907612004732935,0.05808356462970493,2.0750078192577348e-05,0.004555225372314453
867702092,qslstm,sine_next,extrapolation,2000147,254,0.009911957973440005,0.07472651385093533,1.5142131903900236e-07,0.0003891289234161377
867702092,qslstm,sine_next,extrapolation,2000148,254,0.0050127493205285,0.05833407241015101,0.004420729144701596,0.06648856401443481
867702092,qslstm,sine_next,extrapolation,2000149,254,0.02474711594552789,0.1360588248655948,0.06308098420064656,0.25115928053855896
867702092,qslstm,sine_next,extrapolation,2000150,254,0.024866144842585272,0.13632234129834714,0.0019672369285252955,0.04435354471206665
867702092,qslstm,sine_next,extrapolation,2000151,254,0.01750049106045566,0.11088253537332272,0.00022469569012173451,0.014989852905273438
867702092,qslstm,sine_next,extrapolation,2000152,254,0.0062524068566834085,0.060585105689022485,4.283087804779484e-05,0.006544530391693115
867702092,qslstm,sine_next,extrapolation,2000153,254,0.005818463237914787,0.06018153900614258,0.004367689520140772,0.06608849763870239
867702092,qslstm,sine_next,extrapolation,2000154,254,0.007383866615705445,0.06482700681621868,0.020800919782018923,0.14422523975372314
867702092,qslstm,sine_next,extrapolation,2000155,254,0.006472204313853529,0.06227566788017046,0.0003849187243218921,0.019619345664978027
867702092,qslstm,sine_next,extrapolation,2000156,254,0.007604373748449593,0.06637391770042216,2.1095236665047423e-05,0.004592955112457275
867702092,qslstm,sine_next,extrapolation,2000157,254,0.006371103083518959,0.06214790360811423,0.0016397057004988724,0.040493279695510864
867702092,qslstm,sine_next,extrapolation,2000158,254,0.006170709531155711,0.06105357267679353,0.0036349516403435533,0.060290560126304626
867702092,qslstm,sine_next,extrapolation,2000159,254,0.007544837069294238,0.06460604224423695,0.002081072405019313,0.04561877250671387
867702092,qslstm,sine_next,extrapolation,2000160,254,0.012265433622481782,0.0862379027759715,7.069162535344731e-05,0.008407831192016602
867702092,qslstm,sine_next,extrapolation,2000161,254,0.007430288088721105,0.06475585363951959,0.0004845751715407687,0.022013068199157715
867702092,qslstm,sine_next,extrapolation,2000162,254,0.004940029729687759,0.058042606413107746,0.007762747134027137,0.08810645341873169
867702092,qslstm,sine_next,extrapolation,2000163,254,0.005054235704516593,0.058951762654061435,0.001019583873130614,0.03193092346191406
867702092,qslstm,sine_next,extrapolation,2000164,254,0.017146665678250017,0.10873702182764496,0.05402916427743085,0.23244174383580685
867702092,qslstm,sine_next,extrapolation,2000165,254,0.008840118065561911,0.06921327625461818,0.028761696833740302,0.1695927381515503
867702092,qslstm,sine_next,extrapolation,2000166,254,0.004759501084718513,0.05748678025822559,0.0016441279569789913,0.040547847747802734
867702092,qslstm,sine_next,extrapolation,2000167,254,0.0047188760248475705,0.05757502500173144,0.0006902093126657238,0.02627183496952057
867702092,qslstm,sine_next,extrapolation,2000168,254,0.006512287915798257,0.06217890458115501,0.0008967039776877073,0.029945015907287598
867702092,qslstm,sine_next,extrapolation,2000169,254,0.007504611679788039,0.06621569306516331,4.8697131408204086e-05,0.006978332996368408
867702092,qslstm,sine_next,extrapolation,2000170,254,0.006922511732219731,0.06419013574578264,0.023192760615782473,0.15229169582016766
867702092,qslstm,sine_next,extrapolation,2000171,254,0.0049699387803673325,0.05865643804848898,0.0037504200374769425,0.06124067306518555
867702092,qslstm,sine_next,extrapolation,2000172,254,0.004633400820376988,0.0569064478778581,3.348747259579454e-05,0.00578683614730835
867702092,qslstm,sine_next,extrapolation,2000173,254,0.008457048512174208,0.06900556376533891,4.1559515609412845e-05,0.006446667015552521
867702092,qslstm,sine_next,extrapolation,2000174,254,0.007384504864571796,0.06478748598693335,0.01415425251198954,0.11897164583206177
867702092,qslstm,sine_next,extrapolation,2000175,254,0.004900778026806507,0.0580470719426049,0.014304032986531878,0.11959946900606155
867702092,qslstm,sine_next,extrapolation,2000176,254,0.006802082160812763,0.06381483625998266,0.020115705865819677,0.14182984828948975
867702092,qslstm,sine_next,extrapolation,2000177,254,0.008322494810862427,0.0686357668527644,0.001142603591156366,0.033802419900894165
867702092,qslstm,sine_next,extrapolation,2000178,254,0.006567414940083791,0.06221349358807985,0.0018429624700013747,0.04292973875999451
867702092,qslstm,sine_next,extrapolation,2000179,254,0.004931875557811581,0.05786514875474918,0.010514418245893609,0.10253983736038208
867702092,qslstm,sine_next,extrapolation,2000180,254,0.009570290649887046,0.07289770466489094,3.2155868190386627e-06,0.001793205738067627
867702092,qslstm,sine_next,extrapolation,2000181,254,0.022726317120255655,0.1296227718962404,0.06967225620730577,0.2639550268650055
867702092,qslstm,sine_next,extrapolation,2000182,254,0.005396119662035011,0.05830874945235064,0.0007132571386456732,0.02670687437057495
867702092,qslstm,sine_next,extrapolation,2000183,254,0.005254584272506482,0.059256557751021635,0.02098051689629532,0.14484652876853943
867702092,qslstm,sine_next,extrapolation,2000184,254,0.006256828523745891,0.061281988675904085,0.003577775933084837,0.059814512729644775
867702092,qslstm,sine_next,extrapolation,2000185,254,0.0051599924961935545,0.05846106493845582,0.011644447455694262,0.1079094409942627
867702092,qslstm,sine_next,extrapolation,2000186,254,0.016916300851737016,0.10781773636905902,0.008611279744830114,0.09279698133468628
867702092,qslstm,sine_next,extrapolation,2000187,254,0.009646114640743003,0.07431005649557373,0.025786293501596447,0.16058111190795898
867702092,qslstm,sine_next,extrapolation,2000188,254,0.005563666410159264,0.05903871460656423,0.02035743903527476,0.14267949759960175
867702092,qslstm,sine_next,extrapolation,2000189,254,0.0045902607095059155,0.05673185645741975,0.0017592313955816508,0.04194319248199463
867702092,qslstm,sine_next,extrapolation,2000190,254,0.004909722459259902,0.057444775769006695,0.015155718975140786,0.12310856580734253
867702092,qslstm,sine_next,extrapolation,2000191,254,0.01125660069642893,0.08285882985622688,0.00012141685946076564,0.011018931865692139
867702092,qslstm,sine_next,extrapolation,2000192,254,0.009287223228199004,0.07246516762286659,0.011141203272618583,0.10555189847946167
867702092,qslstm,sine_next,extrapolation,2000193,254,0.005719732932678029,0.05943768400163573,0.0033992604898891443,0.05830317735671997
867702092,qslstm,sine_next,extrapolation,2000194,254,0.00731622971508456,0.06532010850019929,0.0021779238301498083,0.04666823148727417
867702092,qslstm,sine_next,extrapolation,2000195,254,0.009649293488153583,0.07438903269733808,4.3450607344119874e-05,0.006591707468032837
867702092,qslstm,sine_next,extrapolation,2000196,254,0.01889590025425196,0.11630987491106659,0.05470909644911459,0.23389975726604462
867702092,qslstm,sine_next,extrapolation,2000197,254,0.0046250658777137665,0.05662623574355925,0.007952209999192661,0.08917516469955444
867702092,qslstm,sine_next,extrapolation,2000198,254,0.009862843706667889,0.07422120511297166,7.407993792085676e-05,0.008606970310211182
867702092,qslstm,sine_next,extrapolation,2000199,254,0.005337868770600648,0.058041197299135955,0.0012499993250116859,0.035355329513549805
