epoch,train_loss,val_mse,grad_norm_mean,grad_norm_max,clip_fraction,epoch_seconds,is_best
1,0.27921253187315803,0.19007614970207215,0.24448932707309723,0.4339616298675537,0.0,4.365549699985422,True
2,0.08008228523390634,0.016393178403377534,0.2616816759109497,0.43084096908569336,0.0,1.198543000005884,True
3,0.011235336687948022,0.009729368761181831,0.06731007332828912,0.1086607351899147,0.0,1.0770063000090886,True
4,0.007637166479336364,0.0075582581013441084,0.04786776116287166,0.10804703831672668,0.0,0.8814726000127848,True
5,0.005963473721806492,0.0056253068894147875,0.04644276603887027,0.11520795524120331,0.0,1.0390261999855284,True
6,0.0046776392430599245,0.004377655554562807,0.04596073849296028,0.08873806148767471,0.0,0.858229500008747,True
7,0.0036233890229570016,0.003445557523518801,0.030795012558387083,0.06656811386346817,0.0,0.8768673999875318,True
8,0.0028049205256892103,0.0025566043704748154,0.04232353979552334,0.0987081378698349,0.0,0.8159810000215657,True
9,0.0021164051296987704,0.0019338645413517952,0.03322276847691021,0.08167766034603119,0.0,0.9263565000146627,True
10,0.001651065587066114,0.0015428345650434494,0.03837657630951567,0.0756654441356659,0.0,1.0615041999844834,True
11,0.0013654177309945226,0.0014627820998430253,0.03503528087061237,0.09195256233215332,0.0,1.034236499981489,True
12,0.0012087040760421328,0.0011477771773934365,0.04749039894985882,0.09473864734172821,0.0,1.0685514000069816,True
13,0.0010623953524710877,0.0010371134709566833,0.03621938601347872,0.0839332863688469,0.0,1.099352999997791,True
14,0.0009413090897058802,0.0009510371321812272,0.030480364549227736,0.07068438827991486,0.0,0.9014049999823328,True
15,0.0008457020221145025,0.0008290085010230541,0.032142914101396775,0.08640334010124207,0.0,0.9831993000116199,True
16,0.0007944507384672761,0.0008964613149873912,0.0472393361851573,0.10841583460569382,0.0,1.050829200015869,False
17,0.000707064506797386,0.0008163346908986568,0.03871799500616775,0.10304513573646545,0.0,1.2242404000135139,True
18,0.000645101088697889,0.0006205598590895533,0.039474667896601284,0.09614647924900055,0.0,0.9643849999993108,True
19,0.0005730540029305432,0.0005576228816062212,0.022492713125591927,0.06886056065559387,0.0,0.912635600019712,True
20,0.0005300233549704509,0.0005320327612571418,0.02663979004137218,0.05956260487437248,0.0,0.9461080000037327,True
21,0.0005211700949751373,0.0005181068810634315,0.05288093532858924,0.15584683418273926,0.0,1.0870232000015676,True
22,0.0004735494960498597,0.00048034760169684887,0.049002394249493424,0.09336202591657639,0.0,0.9486948999983724,True
23,0.0004508390144578048,0.0007529006898403167,0.056071402346292,0.11340480297803879,0.0,1.0792238999856636,False
24,0.00044558338255488446,0.0005984635138884187,0.061659156482412734,0.16393734514713287,0.0,1.0125530999794137,False
25,0.0004271626793446818,0.0003678999526891857,0.06937623201784762,0.14085717499256134,0.0,0.9596444999915548,True
26,0.00036162226743597005,0.000328799553681165,0.04577248294266279,0.14269115030765533,0.0,0.8391524000035133,True
27,0.0003649564177197005,0.000354114385554567,0.06344412614337423,0.15236082673072815,0.0,0.8924590999959037,False
28,0.000302734401775524,0.00028646839666180313,0.035476099805567755,0.08093299716711044,0.0,0.8401261999970302,True
29,0.0002902640174475632,0.0002778526721522212,0.03863993979228491,0.0772455483675003,0.0,0.9162950000027195,True
30,0.00034824151961532023,0.0003605450235772878,0.0835732408291237,0.17552466690540314,0.0,0.8982150999945588,False
31,0.0002849188693133848,0.00026502416469156745,0.06053353156047789,0.11476118862628937,0.0,0.8430775000015274,True
32,0.00025050279509741813,0.00022577888274099677,0.044290893816981806,0.08893956243991852,0.0,0.9273656999866944,True
33,0.00024376693397893436,0.00021587771945632994,0.048282533995172176,0.10877763479948044,0.0,1.0481559000036214,True
34,0.00020555452909320592,0.00019662223407067357,0.02144000632688403,0.07138659060001373,0.0,1.236059099988779,True
35,0.00019452910645798382,0.0002064848900772631,0.026295807424255392,0.056404754519462585,0.0,0.8880948000005446,False
36,0.00019229616853408516,0.00017963769962079824,0.0371170348318463,0.07742998003959656,0.0,0.8802970999968238,True
37,0.00020195821283518203,0.0001706468767952174,0.04977396996268495,0.11541866511106491,0.0,0.8561866999953054,True
38,0.0002047214995504224,0.00016171796014532446,0.05936554417183453,0.1370168775320053,0.0,0.9105549000087194,True
39,0.00016816555447543837,0.0001571347255958244,0.03666120754893531,0.11250841617584229,0.0,0.8893727000104263,True
40,0.0002250168677086809,0.0001529979141196236,0.0792837253856388,0.1680331528186798,0.0,0.9780715999950189,True
41,0.000193023654865101,0.0001913614268414676,0.07156722035936335,0.12442255020141602,0.0,1.0837734999950044,False
42,0.00016786747661951397,0.0002400091546587646,0.056983236308124935,0.11765847355127335,0.0,0.9394488999969326,False
43,0.0001429731458691614,0.00022401472902856768,0.03930401073938066,0.11064546555280685,0.0,0.8916395999840461,False
44,0.0001717228684408058,0.00012022244744002819,0.06907457138665697,0.1181202158331871,0.0,0.8615096999856178,True
45,0.00011773587383296607,0.0001194833149202168,0.020794176888144153,0.0473836325109005,0.0,1.0585970999964047,True
46,0.00012521071193207588,0.00010873580467887222,0.03405036442828449,0.09613452851772308,0.0,1.4079427999968175,True
47,0.0001295139197359926,0.00017706434824503957,0.04505538910796696,0.11133870482444763,0.0,0.956423800002085,False
48,0.00013682405131735972,0.0003414177161175758,0.056296124324117874,0.13125604391098022,0.0,1.0771511000057217,False
49,0.000240117347109065,0.0001833485788665712,0.10921469999646599,0.2024512141942978,0.0,1.0586716000107117,False
50,0.00013321477454155683,0.00010044273542007431,0.05652776787015186,0.132269948720932,0.0,1.1239902999950573,True
51,0.00010155781230423599,0.00014155062788631767,0.029776609206402845,0.07573427259922028,0.0,0.9950691999983974,False
52,0.00010691934161254072,9.158201282843947e-05,0.03998236773027615,0.08514539897441864,0.0,0.9194984000059776,True
53,0.00010936794012585389,9.260338440071792e-05,0.046838217838244,0.09857788681983948,0.0,0.954776500002481,False
54,0.00011417521022459759,8.482277335133403e-05,0.051003080157732424,0.10335009545087814,0.0,1.0670785999973305,True
55,0.00013263150301229742,0.00010783601668663322,0.05641411928544668,0.1286197453737259,0.0,1.1412714999751188,False
56,0.00015935574666530426,0.00013505941606126726,0.08233269473368471,0.1544775366783142,0.0,1.0509695999789983,False
57,0.00010933312396186271,0.00012308698846027254,0.049554669922641056,0.12142174690961838,0.0,0.9198019000177737,False
58,0.00014792719677123907,7.409086800180375e-05,0.07851104431954975,0.16284210979938507,0.0,0.9151575999858323,True
59,0.00011498969738438194,0.0001817083277273923,0.05889374229379676,0.12189675122499466,0.0,0.9728618999943137,False
60,0.0001402578764827922,8.353996090590954e-05,0.0738541131881489,0.1739233285188675,0.0,0.9455817999842111,False
