timestamp_utc,interval_start_utc,source_date,source_hour,solar_generation,output_quality,fuel_record_present,energy_value_present,output_present,status,source_file
2024-06-01T06:00:00Z,2024-06-01T05:00:00Z,2024-06-01,1,0,0,True,True,True,ok,PUB_GenOutputbyFuelHourly_2024.xml
2024-06-01T07:00:00Z,2024-06-01T06:00:00Z,2024-06-01,2,0,0,True,True,True,ok,PUB_GenOutputbyFuelHourly_2024.xml
2024-06-01T08:00:00Z,2024-06-01T07:00:00Z,2024-06-01,3,0,0,True,True,True,ok,PUB_GenOutputbyFuelHourly_2024.xml
2024-06-01T09:00:00Z,2024-06-01T08:00:00Z,2024-06-01,4,0,0,True,True,True,ok,PUB_GenOutputbyFuelHourly_2024.xml
2024-06-01T10:00:00Z,2024-06-01T09:00:00Z,2024-06-01,5,0,0,True,True,True,ok,PUB_GenOutputbyFuelHourly_2024.xml
2024-06-01T11:00:00Z,2024-06-01T10:00:00Z,2024-06-01,6,12,0,True,True,True,ok,PUB_GenOutputbyFuelHourly_2024.xml
2024-06-01T12:00:00Z,2024-06-01T11:00:00Z,2024-06-01,7,70,0,True,True,True,ok,PUB_GenOutputbyFuelHourly_2024.xml
2024-06-01T13:00:00Z,2024-06-01T12:00:00Z,2024-06-01,8,180,0,True,True,True,ok,PUB_GenOutputbyFuelHourly_2024.xml
2024-06-01T14:00:00Z,2024-06-01T13:00:00Z,2024-06-01,9,275,0,True,True,True,ok,PUB_GenOutputbyFuelHourly_2024.xml
2024-06-01T15:00:00Z,2024-06-01T14:00:00Z,2024-06-01,10,332,0,True,True,True,ok,PUB_GenOutputbyFuelHourly_2024.xml
2024-06-01T16:00:00Z,2024-06-01T15:00:00Z,2024-06-01,11,377,0,True,True,True,ok,PUB_GenOutputbyFuelHourly_2024.xml
2024-06-01T17:00:00Z,2024-06-01T16:00:00Z,2024-06-01,12,387,0,True,True,True,ok,PUB_GenOutputbyFuelHourly_2024.xml
2024-06-01T18:00:00Z,2024-06-01T17:00:00Z,2024-06-01,13,396,0,True,True,True,ok,PUB_GenOutputbyFuelHourly_2024.xml
2024-06-01T19:00:00Z,2024-06-01T18:00:00Z,2024-06-01,14,375,0,True,True,True,ok,PUB_GenOutputbyFuelHourly_2024.xml
2024-06-01T20:00:00Z,2024-06-01T19:00:00Z,2024-06-01,15,342,0,True,True,True,ok,PUB_GenOutputbyFuelHourly_2024.xml
2024-06-01T21:00:00Z,2024-06-01T20:00:00Z,2024-06-01,16,224,0,True,True,True,ok,PUB_GenOutputbyFuelHourly_2024.xml
2024-06-01T22:00:00Z,2024-06-01T21:00:00Z,2024-06-01,17,176,0,True,True,True,ok,PUB_GenOutputbyFuelHourly_2024.xml
2024-06-01T23:00:00Z,2024-06-01T22:00:00Z,2024-06-01,18,95,0,True,True,True,ok,PUB_GenOutputbyFuelHourly_2024.xml
2024-06-02T00:00:00Z,2024-06-01T23:00:00Z,2024-06-01,19,37,0,True,True,True,ok,PUB_GenOutputbyFuelHourly_2024.xml
2024-06-02T01:00:00Z,2024-06-02T00:00:00Z,2024-06-01,20,2,0,True,True,True,ok,PUB_GenOutputbyFuelHourly_2024.xml
2024-06-02T02:00:00Z,2024-06-02T01:00:00Z,2024-06-01,21,0,0,True,True,True,ok,PUB_GenOutputbyFuelHourly_2024.xml
2024-06-02T03:00:00Z,2024-06-02T02:00:00Z,2024-06-01,22,0,0,True,True,True,ok,PUB_GenOutputbyFuelHourly_2024.xml
2024-06-02T04:00:00Z,2024-06-02T03:00:00Z,2024-06-01,23,0,0,True,True,True,ok,PUB_GenOutputbyFuelHourly_2024.xml
2024-06-02T05:00:00Z,2024-06-02T04:00:00Z,2024-06-01,24,0,0,True,True,True,ok,PUB_GenOutputbyFuelHourly_2024.xml
2024-06-02T06:00:00Z,2024-06-02T05:00:00Z,2024-06-02,1,0,0,True,True,True,ok,PUB_GenOutputbyFuelHourly_2024.xml
2024-06-02T07:00:00Z,2024-06-02T06:00:00Z,2024-06-02,2,0,0,True,True,True,ok,PUB_GenOutputbyFuelHourly_2024.xml
2024-06-02T08:00:00Z,2024-06-02T07:00:00Z,2024-06-02,3,0,0,True,True,True,ok,PUB_GenOutputbyFuelHourly_2024.xml
2024-06-02T09:00:00Z,2024-06-02T08:00:00Z,2024-06-02,4,0,0,True,True,True,ok,PUB_GenOutputbyFuelHourly_2024.xml
2024-06-02T10:00:00Z,2024-06-02T09:00:00Z,2024-06-02,5,1,0,True,True,True,ok,PUB_GenOutputbyFuelHourly_2024.xml
2024-06-02T11:00:00Z,2024-06-02T10:00:00Z,2024-06-02,6,13,0,True,True,True,ok,PUB_GenOutputbyFuelHourly_2024.xml
2024-06-02T12:00:00Z,2024-06-02T11:00:00Z,2024-06-02,7,41,0,True,True,True,ok,PUB_GenOutputbyFuelHourly_2024.xml
2024-06-02T13:00:00Z,2024-06-02T12:00:00Z,2024-06-02,8,98,0,True,True,True,ok,PUB_GenOutputbyFuelHourly_2024.xml
2024-06-02T14:00:00Z,2024-06-02T13:00:00Z,2024-06-02,9,144,0,True,True,True,ok,PUB_GenOutputbyFuelHourly_2024.xml
2024-06-02T15:00:00Z,2024-06-02T14:00:00Z,2024-06-02,10,148,0,True,True,True,ok,PUB_GenOutputbyFuelHourly_2024.xml
2024-06-02T16:00:00Z,2024-06-02T15:00:00Z,2024-06-02,11,162,0,True,True,True,ok,PUB_GenOutputbyFuelHourly_2024.xml
2024-06-02T17:00:00Z,2024-06-02T16:00:00Z,2024-06-02,12,149,0,True,True,True,ok,PUB_GenOutputbyFuelHourly_2024.xml
2024-06-02T18:00:00Z,2024-06-02T17:00:00Z,2024-06-02,13,152,0,True,True,True,ok,PUB_GenOutputbyFuelHourly_2024.xml
2024-06-02T19:00:00Z,2024-06-02T18:00:00Z,2024-06-02,14,128,0,True,True,True,ok,PUB_GenOutputbyFuelHourly_2024.xml
2024-06-02T20:00:00Z,2024-06-02T19:00:00Z,2024-06-02,15,131,0,True,True,True,ok,PUB_GenOutputbyFuelHourly_2024.xml
2024-06-02T21:00:00Z,2024-06-02T20:00:00Z,2024-06-02,16,94,0,True,True,True,ok,PUB_GenOutputbyFuelHourly_2024.xml
2024-06-02T22:00:00Z,2024-06-02T21:00:00Z,2024-06-02,17,73,0,True,True,True,ok,PUB_GenOutputbyFuelHourly_2024.xml
2024-06-02T23:00:00Z,2024-06-02T22:00:00Z,2024-06-02,18,42,0,True,True,True,ok,PUB_GenOutputbyFuelHourly_2024.xml
2024-06-03T00:00:00Z,2024-06-02T23:00:00Z,2024-06-02,19,19,0,True,True,True,ok,PUB_GenOutputbyFuelHourly_2024.xml
2024-06-03T01:00:00Z,2024-06-03T00:00:00Z,2024-06-02,20,1,0,True,True,True,ok,PUB_GenOutputbyFuelHourly_2024.xml
2024-06-03T02:00:00Z,2024-06-03T01:00:00Z,2024-06-02,21,0,0,True,True,True,ok,PUB_GenOutputbyFuelHourly_2024.xml
2024-06-03T03:00:00Z,2024-06-03T02:00:00Z,2024-06-02,22,0,0,True,True,True,ok,PUB_GenOutputbyFuelHourly_2024.xml
2024-06-03T04:00:00Z,2024-06-03T03:00:00Z,2024-06-02,23,0,0,True,True,True,ok,PUB_GenOutputbyFuelHourly_2024.xml
2024-06-03T05:00:00Z,2024-06-03T04:00:00Z,2024-06-02,24,0,0,True,True,True,ok,PUB_GenOutputbyFuelHourly_2024.xml
2024-06-03T06:00:00Z,2024-06-03T05:00:00Z,2024-06-03,1,0,0,True,True,True,ok,PUB_GenOutputbyFuelHourly_2024.xml
2024-06-03T07:00:00Z,2024-06-03T06:00:00Z,2024-06-03,2,0,0,True,True,True,ok,PUB_GenOutputbyFuelHourly_2024.xml
2024-06-03T08:00:00Z,2024-06-03T07:00:00Z,2024-06-03,3,0,0,True,True,True,ok,PUB_GenOutputbyFuelHourly_2024.xml
2024-06-03T09:00:00Z,2024-06-03T08:00:00Z,2024-06-03,4,0,0,True,True,True,ok,PUB_GenOutputbyFuelHourly_2024.xml
2024-06-03T10:00:00Z,2024-06-03T09:00:00Z,2024-06-03,5,0,0,True,True,True,ok,PUB_GenOutputbyFuelHourly_2024.xml
2024-06-03T11:00:00Z,2024-06-03T10:00:00Z,2024-06-03,6,11,0,True,True,True,ok,PUB_GenOutputbyFuelHourly_2024.xml
2024-06-03T12:00:00Z,2024-06-03T11:00:00Z,2024-06-03,7,48,0,True,True,True,ok,PUB_GenOutputbyFuelHourly_2024.xml
2024-06-03T13:00:00Z,2024-06-03T12:00:00Z,2024-06-03,8,138,0,True,True,True,ok,PUB_GenOutputbyFuelHourly_2024.xml
2024-06-03T14:00:00Z,2024-06-03T13:00:00Z,2024-06-03,9,202,0,True,True,True,ok,PUB_GenOutputbyFuelHourly_2024.xml
2024-06-03T15:00:00Z,2024-06-03T14:00:00Z,2024-06-03,10,236,0,True,True,True,ok,PUB_GenOutputbyFuelHourly_2024.xml
2024-06-03T16:00:00Z,2024-06-03T15:00:00Z,2024-06-03,11,293,0,True,True,True,ok,PUB_GenOutputbyFuelHourly_2024.xml
2024-06-03T17:00:00Z,2024-06-03T16:00:00Z,2024-06-03,12,347,0,True,True,True,ok,PUB_GenOutputbyFuelHourly_2024.xml
2024-06-03T18:00:00Z,2024-06-03T17:00:00Z,2024-06-03,13,310,0,True,True,True,ok,PUB_GenOutputbyFuelHourly_2024.xml
2024-06-03T19:00:00Z,2024-06-03T18:00:00Z,2024-06-03,14,326,0,True,True,True,ok,PUB_GenOutputbyFuelHourly_2024.xml
2024-06-03T20:00:00Z,2024-06-03T19:00:00Z,2024-06-03,15,350,0,True,True,True,ok,PUB_GenOutputbyFuelHourly_2024.xml
2024-06-03T21:00:00Z,2024-06-03T20:00:00Z,2024-06-03,16,290,0,True,True,True,ok,PUB_GenOutputbyFuelHourly_2024.xml
2024-06-03T22:00:00Z,2024-06-03T21:00:00Z,2024-06-03,17,207,0,True,True,True,ok,PUB_GenOutputbyFuelHourly_2024.xml
2024-06-03T23:00:00Z,2024-06-03T22:00:00Z,2024-06-03,18,104,0,True,True,True,ok,PUB_GenOutputbyFuelHourly_2024.xml
2024-06-04T00:00:00Z,2024-06-03T23:00:00Z,2024-06-03,19,31,0,True,True,True,ok,PUB_GenOutputbyFuelHourly_2024.xml
2024-06-04T01:00:00Z,2024-06-04T00:00:00Z,2024-06-03,20,7,0,True,True,True,ok,PUB_GenOutputbyFuelHourly_2024.xml
2024-06-04T02:00:00Z,2024-06-04T01:00:00Z,2024-06-03,21,0,0,True,True,True,ok,PUB_GenOutputbyFuelHourly_2024.xml
2024-06-04T03:00:00Z,2024-06-04T02:00:00Z,2024-06-03,22,0,0,True,True,True,ok,PUB_GenOutputbyFuelHourly_2024.xml
2024-06-04T04:00:00Z,2024-06-04T03:00:00Z,2024-06-03,23,0,0,True,True,True,ok,PUB_GenOutputbyFuelHourly_2024.xml
2024-06-04T05:00:00Z,2024-06-04T04:00:00Z,2024-06-03,24,0,0,True,True,True,ok,PUB_GenOutputbyFuelHourly_2024.xml
2024-06-04T06:00:00Z,2024-06-04T05:00:00Z,2024-06-04,1,0,0,True,True,True,ok,PUB_GenOutputbyFuelHourly_2024.xml
2024-06-04T07:00:00Z,2024-06-04T06:00:00Z,2024-06-04,2,0,0,True,True,True,ok,PUB_GenOutputbyFuelHourly_2024.xml
2024-06-04T08:00:00Z,2024-06-04T07:00:00Z,2024-06-04,3,0,0,True,True,True,ok,PUB_GenOutputbyFuelHourly_2024.xml
2024-06-04T09:00:00Z,2024-06-04T08:00:00Z,2024-06-04,4,0,0,True,True,True,ok,PUB_GenOutputbyFuelHourly_2024.xml
2024-06-04T10:00:00Z,2024-06-04T09:00:00Z,2024-06-04,5,0,0,True,True,True,ok,PUB_GenOutputbyFuelHourly_2024.xml
2024-06-04T11:00:00Z,2024-06-04T10:00:00Z,2024-06-04,6,14,0,True,True,True,ok,PUB_GenOutputbyFuelHourly_2024.xml
2024-06-04T12:00:00Z,2024-06-04T11:00:00Z,2024-06-04,7,70,0,True,True,True,ok,PUB_GenOutputbyFuelHourly_2024.xml
2024-06-04T13:00:00Z,2024-06-04T12:00:00Z,2024-06-04,8,160,0,True,True,True,ok,PUB_GenOutputbyFuelHourly_2024.xml
2024-06-04T14:00:00Z,2024-06-04T13:00:00Z,2024-06-04,9,263,0,True,True,True,ok,PUB_GenOutputbyFuelHourly_2024.xml
2024-06-04T15:00:00Z,2024-06-04T14:00:00Z,2024-06-04,10,334,0,True,True,True,ok,PUB_GenOutputbyFuelHourly_2024.xml
2024-06-04T16:00:00Z,2024-06-04T15:00:00Z,2024-06-04,11,341,0,True,True,True,ok,PUB_GenOutputbyFuelHourly_2024.xml
2024-06-04T17:00:00Z,2024-06-04T16:00:00Z,2024-06-04,12,271,0,True,True,True,ok,PUB_GenOutputbyFuelHourly_2024.xml
2024-06-04T18:00:00Z,2024-06-04T17:00:00Z,2024-06-04,13,246,0,True,True,True,ok,PUB_GenOutputbyFuelHourly_2024.xml
2024-06-04T19:00:00Z,2024-06-04T18:00:00Z,2024-06-04,14,252,0,True,True,True,ok,PUB_GenOutputbyFuelHourly_2024.xml
2024-06-04T20:00:00Z,2024-06-04T19:00:00Z,2024-06-04,15,258,0,True,True,True,ok,PUB_GenOutputbyFuelHourly_2024.xml
2024-06-04T21:00:00Z,2024-06-04T20:00:00Z,2024-06-04,16,216,0,True,True,True,ok,PUB_GenOutputbyFuelHourly_2024.xml
2024-06-04T22:00:00Z,2024-06-04T21:00:00Z,2024-06-04,17,168,0,True,True,True,ok,PUB_GenOutputbyFuelHourly_2024.xml
2024-06-04T23:00:00Z,2024-06-04T22:00:00Z,2024-06-04,18,106,0,True,True,True,ok,PUB_GenOutputbyFuelHourly_2024.xml
2024-06-05T00:00:00Z,2024-06-04T23:00:00Z,2024-06-04,19,34,0,True,True,True,ok,PUB_GenOutputbyFuelHourly_2024.xml
2024-06-05T01:00:00Z,2024-06-05T00:00:00Z,2024-06-04,20,8,0,True,True,True,ok,PUB_GenOutputbyFuelHourly_2024.xml
2024-06-05T02:00:00Z,2024-06-05T01:00:00Z,2024-06-04,21,0,0,True,True,True,ok,PUB_GenOutputbyFuelHourly_2024.xml
2024-06-05T03:00:00Z,2024-06-05T02:00:00Z,2024-06-04,22,0,0,True,True,True,ok,PUB_GenOutputbyFuelHourly_2024.xml
2024-06-05T04:00:00Z,2024-06-05T03:00:00Z,2024-06-04,23,0,0,True,True,True,ok,PUB_GenOutputbyFuelHourly_2024.xml
2024-06-05T05:00:00Z,2024-06-05T04:00:00Z,2024-06-04,24,0,0,True,True,True,ok,PUB_GenOutputbyFuelHourly_2024.xml
2024-06-05T06:00:00Z,2024-06-05T05:00:00Z,2024-06-05,1,0,0,True,True,True,ok,PUB_GenOutputbyFuelHourly_2024.xml
2024-06-05T07:00:00Z,2024-06-05T06:00:00Z,2024-06-05,2,0,0,True,True,True,ok,PUB_GenOutputbyFuelHourly_2024.xml
2024-06-05T08:00:00Z,2024-06-05T07:00:00Z,2024-06-05,3,0,0,True,True,True,ok,PUB_GenOutputbyFuelHourly_2024.xml
2024-06-05T09:00:00Z,2024-06-05T08:00:00Z,2024-06-05,4,0,0,True,True,True,ok,PUB_GenOutputbyFuelHourly_2024.xml
2024-06-05T10:00:00Z,2024-06-05T09:00:00Z,2024-06-05,5,0,0,True,True,True,ok,PUB_GenOutputbyFuelHourly_2024.xml
2024-06-05T11:00:00Z,2024-06-05T10:00:00Z,2024-06-05,6,10,0,True,True,True,ok,PUB_GenOutputbyFuelHourly_2024.xml
2024-06-05T12:00:00Z,2024-06-05T11:00:00Z,2024-06-05,7,64,0,True,True,True,ok,PUB_GenOutputbyFuelHourly_2024.xml
2024-06-05T13:00:00Z,2024-06-05T12:00:00Z,2024-06-05,8,139,0,True,True,True,ok,PUB_GenOutputbyFuelHourly_2024.xml
2024-06-05T14:00:00Z,2024-06-05T13:00:00Z,2024-06-05,9,198,0,True,True,True,ok,PUB_GenOutputbyFuelHourly_2024.xml
2024-06-05T15:00:00Z,2024-06-05T14:00:00Z,2024-06-05,10,240,0,True,True,True,ok,PUB_GenOutputbyFuelHourly_2024.xml
2024-06-05T16:00:00Z,2024-06-05T15:00:00Z,2024-06-05,11,275,0,True,True,True,ok,PUB_GenOutputbyFuelHourly_2024.xml
2024-06-05T17:00:00Z,2024-06-05T16:00:00Z,2024-06-05,12,306,0,True,True,True,ok,PUB_GenOutputbyFuelHourly_2024.xml
2024-06-05T18:00:00Z,2024-06-05T17:00:00Z,2024-06-05,13,341,0,True,True,True,ok,PUB_GenOutputbyFuelHourly_2024.xml
2024-06-05T19:00:00Z,2024-06-05T18:00:00Z,2024-06-05,14,374,0,True,True,True,ok,PUB_GenOutputbyFuelHourly_2024.xml
2024-06-05T20:00:00Z,2024-06-05T19:00:00Z,2024-06-05,15,313,0,True,True,True,ok,PUB_GenOutputbyFuelHourly_2024.xml
2024-06-05T21:00:00Z,2024-06-05T20:00:00Z,2024-06-05,16,213,0,True,True,True,ok,PUB_GenOutputbyFuelHourly_2024.xml
2024-06-05T22:00:00Z,2024-06-05T21:00:00Z,2024-06-05,17,141,0,True,True,True,ok,PUB_GenOutputbyFuelHourly_2024.xml
2024-06-05T23:00:00Z,2024-06-05T22:00:00Z,2024-06-05,18,76,0,True,True,True,ok,PUB_GenOutputbyFuelHourly_2024.xml
2024-06-06T00:00:00Z,2024-06-05T23:00:00Z,2024-06-05,19,24,0,True,True,True,ok,PUB_GenOutputbyFuelHourly_2024.xml
2024-06-06T01:00:00Z,2024-06-06T00:00:00Z,2024-06-05,20,3,0,True,True,True,ok,PUB_GenOutputbyFuelHourly_2024.xml
2024-06-06T02:00:00Z,2024-06-06T01:00:00Z,2024-06-05,21,0,0,True,True,True,ok,PUB_GenOutputbyFuelHourly_2024.xml
2024-06-06T03:00:00Z,2024-06-06T02:00:00Z,2024-06-05,22,0,0,True,True,True,ok,PUB_GenOutputbyFuelHourly_2024.xml
2024-06-06T04:00:00Z,2024-06-06T03:00:00Z,2024-06-05,23,0,0,True,True,True,ok,PUB_GenOutputbyFuelHourly_2024.xml
2024-06-06T05:00:00Z,2024-06-06T04:00:00Z,2024-06-05,24,0,0,True,True,True,ok,PUB_GenOutputbyFuelHourly_2024.xml
2024-06-06T06:00:00Z,2024-06-06T05:00:00Z,2024-06-06,1,0,0,True,True,True,ok,PUB_GenOutputbyFuelHourly_2024.xml
2024-06-06T07:00:00Z,2024-06-06T06:00:00Z,2024-06-06,2,0,0,True,True,True,ok,PUB_GenOutputbyFuelHourly_2024.xml
2024-06-06T08:00:00Z,2024-06-06T07:00:00Z,2024-06-06,3,0,0,True,True,True,ok,PUB_GenOutputbyFuelHourly_2024.xml
2024-06-06T09:00:00Z,2024-06-06T08:00:00Z,2024-06-06,4,0,0,True,True,True,ok,PUB_GenOutputbyFuelHourly_2024.xml
2024-06-06T10:00:00Z,2024-06-06T09:00:00Z,2024-06-06,5,0,0,True,True,True,ok,PUB_GenOutputbyFuelHourly_2024.xml
2024-06-06T11:00:00Z,2024-06-06T10:00:00Z,2024-06-06,6,4,0,True,True,True,ok,PUB_GenOutputbyFuelHourly_2024.xml
2024-06-06T12:00:00Z,2024-06-06T11:00:00Z,2024-06-06,7,37,0,True,True,True,ok,PUB_GenOutputbyFuelHourly_2024.xml
2024-06-06T13:00:00Z,2024-06-06T12:00:00Z,2024-06-06,8,98,0,True,True,True,ok,PUB_GenOutputbyFuelHourly_2024.xml
2024-06-06T14:00:00Z,2024-06-06T13:00:00Z,2024-06-06,9,178,0,True,True,True,ok,PUB_GenOutputbyFuelHourly_2024.xml
2024-06-06T15:00:00Z,2024-06-06T14:00:00Z,2024-06-06,10,215,0,True,True,True,ok,PUB_GenOutputbyFuelHourly_2024.xml
2024-06-06T16:00:00Z,2024-06-06T15:00:00Z,2024-06-06,11,211,0,True,True,True,ok,PUB_GenOutputbyFuelHourly_2024.xml
2024-06-06T17:00:00Z,2024-06-06T16:00:00Z,2024-06-06,12,245,0,True,True,True,ok,PUB_GenOutputbyFuelHourly_2024.xml
2024-06-06T18:00:00Z,2024-06-06T17:00:00Z,2024-06-06,13,284,0,True,True,True,ok,PUB_GenOutputbyFuelHourly_2024.xml
2024-06-06T19:00:00Z,2024-06-06T18:00:00Z,2024-06-06,14,363,0,True,True,True,ok,PUB_GenOutputbyFuelHourly_2024.xml
2024-06-06T20:00:00Z,2024-06-06T19:00:00Z,2024-06-06,15,367,0,True,True,True,ok,PUB_GenOutputbyFuelHourly_2024.xml
2024-06-06T21:00:00Z,2024-06-06T20:00:00Z,2024-06-06,16,223,0,True,True,True,ok,PUB_GenOutputbyFuelHourly_2024.xml
2024-06-06T22:00:00Z,2024-06-06T21:00:00Z,2024-06-06,17,149,0,True,True,True,ok,PUB_GenOutputbyFuelHourly_2024.xml
2024-06-06T23:00:00Z,2024-06-06T22:00:00Z,2024-06-06,18,82,0,True,True,True,ok,PUB_GenOutputbyFuelHourly_2024.xml
2024-06-07T00:00:00Z,2024-06-06T23:00:00Z,2024-06-06,19,29,0,True,True,True,ok,PUB_GenOutputbyFuelHourly_2024.xml
2024-06-07T01:00:00Z,2024-06-07T00:00:00Z,2024-06-06,20,3,0,True,True,True,ok,PUB_GenOutputbyFuelHourly_2024.xml
2024-06-07T02:00:00Z,2024-06-07T01:00:00Z,2024-06-06,21,0,0,True,True,True,ok,PUB_GenOutputbyFuelHourly_2024.xml
2024-06-07T03:00:00Z,2024-06-07T02:00:00Z,2024-06-06,22,0,0,True,True,True,ok,PUB_GenOutputbyFuelHourly_2024.xml
2024-06-07T04:00:00Z,2024-06-07T03:00:00Z,2024-06-06,23,0,0,True,True,True,ok,PUB_GenOutputbyFuelHourly_2024.xml
2024-06-07T05:00:00Z,2024-06-07T04:00:00Z,2024-06-06,24,0,0,True,True,True,ok,PUB_GenOutputbyFuelHourly_2024.xml
2024-06-07T06:00:00Z,2024-06-07T05:00:00Z,2024-06-07,1,0,0,True,True,True,ok,PUB_GenOutputbyFuelHourly_2024.xml
2024-06-07T07:00:00Z,2024-06-07T06:00:00Z,2024-06-07,2,0,0,True,True,True,ok,PUB_GenOutputbyFuelHourly_2024.xml
2024-06-07T08:00:00Z,2024-06-07T07:00:00Z,2024-06-07,3,0,0,True,True,True,ok,PUB_GenOutputbyFuelHourly_2024.xml
2024-06-07T09:00:00Z,2024-06-07T08:00:00Z,2024-06-07,4,0,0,True,True,True,ok,PUB_GenOutputbyFuelHourly_2024.xml
2024-06-07T10:00:00Z,2024-06-07T09:00:00Z,2024-06-07,5,1,0,True,True,True,ok,PUB_GenOutputbyFuelHourly_2024.xml
2024-06-07T11:00:00Z,2024-06-07T10:00:00Z,2024-06-07,6,7,0,True,True,True,ok,PUB_GenOutputbyFuelHourly_2024.xml
2024-06-07T12:00:00Z,2024-06-07T11:00:00Z,2024-06-07,7,34,0,True,True,True,ok,PUB_GenOutputbyFuelHourly_2024.xml
2024-06-07T13:00:00Z,2024-06-07T12:00:00Z,2024-06-07,8,87,0,True,True,True,ok,PUB_GenOutputbyFuelHourly_2024.xml
2024-06-07T14:00:00Z,2024-06-07T13:00:00Z,2024-06-07,9,136,0,True,True,True,ok,PUB_GenOutputbyFuelHourly_2024.xml
2024-06-07T15:00:00Z,2024-06-07T14:00:00Z,2024-06-07,10,192,0,True,True,True,ok,PUB_GenOutputbyFuelHourly_2024.xml
2024-06-07T16:00:00Z,2024-06-07T15:00:00Z,2024-06-07,11,202,0,True,True,True,ok,PUB_GenOutputbyFuelHourly_2024.xml
2024-06-07T17:00:00Z,2024-06-07T16:00:00Z,2024-06-07,12,199,0,True,True,True,ok,PUB_GenOutputbyFuelHourly_2024.xml
2024-06-07T18:00:00Z,2024-06-07T17:00:00Z,2024-06-07,13,251,0,True,True,True,ok,PUB_GenOutputbyFuelHourly_2024.xml
2024-06-07T19:00:00Z,2024-06-07T18:00:00Z,2024-06-07,14,260,0,True,True,True,ok,PUB_GenOutputbyFuelHourly_2024.xml
2024-06-07T20:00:00Z,2024-06-07T19:00:00Z,2024-06-07,15,173,0,True,True,True,ok,PUB_GenOutputbyFuelHourly_2024.xml
2024-06-07T21:00:00Z,2024-06-07T20:00:00Z,2024-06-07,16,130,0,True,True,True,ok,PUB_GenOutputbyFuelHourly_2024.xml
2024-06-07T22:00:00Z,2024-06-07T21:00:00Z,2024-06-07,17,92,0,True,True,True,ok,PUB_GenOutputbyFuelHourly_2024.xml
2024-06-07T23:00:00Z,2024-06-07T22:00:00Z,2024-06-07,18,68,0,True,True,True,ok,PUB_GenOutputbyFuelHourly_2024.xml
2024-06-08T00:00:00Z,2024-06-07T23:00:00Z,2024-06-07,19,33,0,True,True,True,ok,PUB_GenOutputbyFuelHourly_2024.xml
2024-06-08T01:00:00Z,2024-06-08T00:00:00Z,2024-06-07,20,3,0,True,True,True,ok,PUB_GenOutputbyFuelHourly_2024.xml
2024-06-08T02:00:00Z,2024-06-08T01:00:00Z,2024-06-07,21,0,0,True,True,True,ok,PUB_GenOutputbyFuelHourly_2024.xml
2024-06-08T03:00:00Z,2024-06-08T02:00:00Z,2024-06-07,22,0,0,True,True,True,ok,PUB_GenOutputbyFuelHourly_2024.xml
2024-06-08T04:00:00Z,2024-06-08T03:00:00Z,2024-06-07,23,0,0,True,True,True,ok,PUB_GenOutputbyFuelHourly_2024.xml
2024-06-08T05:00:00Z,2024-06-08T04:00:00Z,2024-06-07,24,0,0,True,True,True,ok,PUB_GenOutputbyFuelHourly_2024.xml
2024-06-08T06:00:00Z,2024-06-08T05:00:00Z,2024-06-08,1,0,0,True,True,True,ok,PUB_GenOutputbyFuelHourly_2024.xml
2024-06-08T07:00:00Z,2024-06-08T06:00:00Z,2024-06-08,2,0,0,True,True,True,ok,PUB_GenOutputbyFuelHourly_2024.xml
2024-06-08T08:00:00Z,2024-06-08T07:00:00Z,2024-06-08,3,0,0,True,True,True,ok,PUB_GenOutputbyFuelHourly_2024.xml
2024-06-08T09:00:00Z,2024-06-08T08:00:00Z,2024-06-08,4,0,0,True,True,True,ok,PUB_GenOutputbyFuelHourly_2024.xml
2024-06-08T10:00:00Z,2024-06-08T09:00:00Z,2024-06-08,5,0,0,True,True,True,ok,PUB_GenOutputbyFuelHourly_2024.xml
2024-06-08T11:00:00Z,2024-06-08T10:00:00Z,2024-06-08,6,10,0,True,True,True,ok,PUB_GenOutputbyFuelHourly_2024.xml
2024-06-08T12:00:00Z,2024-06-08T11:00:00Z,2024-06-08,7,60,0,True,True,True,ok,PUB_GenOutputbyFuelHourly_2024.xml
2024-06-08T13:00:00Z,2024-06-08T12:00:00Z,2024-06-08,8,140,0,True,True,True,ok,PUB_GenOutputbyFuelHourly_2024.xml
2024-06-08T14:00:00Z,2024-06-08T13:00:00Z,2024-06-08,9,188,0,True,True,True,ok,PUB_GenOutputbyFuelHourly_2024.xml
2024-06-08T15:00:00Z,2024-06-08T14:00:00Z,2024-06-08,10,265,0,True,True,True,ok,PUB_GenOutputbyFuelHourly_2024.xml
2024-06-08T16:00:00Z,2024-06-08T15:00:00Z,2024-06-08,11,292,0,True,True,True,ok,PUB_GenOutputbyFuelHourly_2024.xml
2024-06-08T17:00:00Z,2024-06-08T16:00:00Z,2024-06-08,12,296,0,True,True,True,ok,PUB_GenOutputbyFuelHourly_2024.xml
2024-06-08T18:00:00Z,2024-06-08T17:00:00Z,2024-06-08,13,286,0,True,True,True,ok,PUB_GenOutputbyFuelHourly_2024.xml
2024-06-08T19:00:00Z,2024-06-08T18:00:00Z,2024-06-08,14,254,0,True,True,True,ok,PUB_GenOutputbyFuelHourly_2024.xml
2024-06-08T20:00:00Z,2024-06-08T19:00:00Z,2024-06-08,15,212,0,True,True,True,ok,PUB_GenOutputbyFuelHourly_2024.xml
2024-06-08T21:00:00Z,2024-06-08T20:00:00Z,2024-06-08,16,132,0,True,True,True,ok,PUB_GenOutputbyFuelHourly_2024.xml
2024-06-08T22:00:00Z,2024-06-08T21:00:00Z,2024-06-08,17,83,0,True,True,True,ok,PUB_GenOutputbyFuelHourly_2024.xml
2024-06-08T23:00:00Z,2024-06-08T22:00:00Z,2024-06-08,18,31,0,True,True,True,ok,PUB_GenOutputbyFuelHourly_2024.xml
2024-06-09T00:00:00Z,2024-06-08T23:00:00Z,2024-06-08,19,12,0,True,True,True,ok,PUB_GenOutputbyFuelHourly_2024.xml
2024-06-09T01:00:00Z,2024-06-09T00:00:00Z,2024-06-08,20,1,0,True,True,True,ok,PUB_GenOutputbyFuelHourly_2024.xml
2024-06-09T02:00:00Z,2024-06-09T01:00:00Z,2024-06-08,21,0,0,True,True,True,ok,PUB_GenOutputbyFuelHourly_2024.xml
2024-06-09T03:00:00Z,2024-06-09T02:00:00Z,2024-06-08,22,0,0,True,True,True,ok,PUB_GenOutputbyFuelHourly_2024.xml
2024-06-09T04:00:00Z,2024-06-09T03:00:00Z,2024-06-08,23,0,0,True,True,True,ok,PUB_GenOutputbyFuelHourly_2024.xml
2024-06-09T05:00:00Z,2024-06-09T04:00:00Z,2024-06-08,24,0,0,True,True,True,ok,PUB_GenOutputbyFuelHourly_2024.xml
2024-06-09T06:00:00Z,2024-06-09T05:00:00Z,2024-06-09,1,0,0,True,True,True,ok,PUB_GenOutputbyFuelHourly_2024.xml
2024-06-09T07:00:00Z,2024-06-09T06:00:00Z,2024-06-09,2,0,0,True,True,True,ok,PUB_GenOutputbyFuelHourly_2024.xml
2024-06-09T08:00:00Z,2024-06-09T07:00:00Z,2024-06-09,3,0,0,True,True,True,ok,PUB_GenOutputbyFuelHourly_2024.xml
2024-06-09T09:00:00Z,2024-06-09T08:00:00Z,2024-06-09,4,0,0,True,True,True,ok,PUB_GenOutputbyFuelHourly_2024.xml
2024-06-09T10:00:00Z,2024-06-09T09:00:00Z,2024-06-09,5,0,0,True,True,True,ok,PUB_GenOutputbyFuelHourly_2024.xml
2024-06-09T11:00:00Z,2024-06-09T10:00:00Z,2024-06-09,6,9,0,True,True,True,ok,PUB_GenOutputbyFuelHourly_2024.xml
2024-06-09T12:00:00Z,2024-06-09T11:00:00Z,2024-06-09,7,54,0,True,True,True,ok,PUB_GenOutputbyFuelHourly_2024.xml
2024-06-09T13:00:00Z,2024-06-09T12:00:00Z,2024-06-09,8,153,0,True,True,True,ok,PUB_GenOutputbyFuelHourly_2024.xml
2024-06-09T14:00:00Z,2024-06-09T13:00:00Z,2024-06-09,9,222,0,True,True,True,ok,PUB_GenOutputbyFuelHourly_2024.xml
2024-06-09T15:00:00Z,2024-06-09T14:00:00Z,2024-06-09,10,283,0,True,True,True,ok,PUB_GenOutputbyFuelHourly_2024.xml
2024-06-09T16:00:00Z,2024-06-09T15:00:00Z,2024-06-09,11,278,0,True,True,True,ok,PUB_GenOutputbyFuelHourly_2024.xml
2024-06-09T17:00:00Z,2024-06-09T16:00:00Z,2024-06-09,12,260,0,True,True,True,ok,PUB_GenOutputbyFuelHourly_2024.xml
2024-06-09T18:00:00Z,2024-06-09T17:00:00Z,2024-06-09,13,306,0,True,True,True,ok,PUB_GenOutputbyFuelHourly_2024.xml
2024-06-09T19:00:00Z,2024-06-09T18:00:00Z,2024-06-09,14,199,0,True,True,True,ok,PUB_GenOutputbyFuelHourly_2024.xml
2024-06-09T20:00:00Z,2024-06-09T19:00:00Z,2024-06-09,15,216,0,True,True,True,ok,PUB_GenOutputbyFuelHourly_2024.xml
2024-06-09T21:00:00Z,2024-06-09T20:00:00Z,2024-06-09,16,149,0,True,True,True,ok,PUB_GenOutputbyFuelHourly_2024.xml
2024-06-09T22:00:00Z,2024-06-09T21:00:00Z,2024-06-09,17,117,0,True,True,True,ok,PUB_GenOutputbyFuelHourly_2024.xml
2024-06-09T23:00:00Z,2024-06-09T22:00:00Z,2024-06-09,18,73,0,True,True,True,ok,PUB_GenOutputbyFuelHourly_2024.xml
2024-06-10T00:00:00Z,2024-06-09T23:00:00Z,2024-06-09,19,30,0,True,True,True,ok,PUB_GenOutputbyFuelHourly_2024.xml
2024-06-10T01:00:00Z,2024-06-10T00:00:00Z,2024-06-09,20,4,0,True,True,True,ok,PUB_GenOutputbyFuelHourly_2024.xml
2024-06-10T02:00:00Z,2024-06-10T01:00:00Z,2024-06-09,21,0,0,True,True,True,ok,PUB_GenOutputbyFuelHourly_2024.xml
2024-06-10T03:00:00Z,2024-06-10T02:00:00Z,2024-06-09,22,0,0,True,True,True,ok,PUB_GenOutputbyFuelHourly_2024.xml
2024-06-10T04:00:00Z,2024-06-10T03:00:00Z,2024-06-09,23,0,0,True,True,True,ok,PUB_GenOutputbyFuelHourly_2024.xml
2024-06-10T05:00:00Z,2024-06-10T04:00:00Z,2024-06-09,24,0,0,True,True,True,ok,PUB_GenOutputbyFuelHourly_2024.xml
2024-06-10T06:00:00Z,2024-06-10T05:00:00Z,2024-06-10,1,0,0,True,True,True,ok,PUB_GenOutputbyFuelHourly_2024.xml
2024-06-10T07:00:00Z,2024-06-10T06:00:00Z,2024-06-10,2,0,0,True,True,True,ok,PUB_GenOutputbyFuelHourly_2024.xml
2024-06-10T08:00:00Z,2024-06-10T07:00:00Z,2024-06-10,3,0,0,True,True,True,ok,PUB_GenOutputbyFuelHourly_2024.xml
2024-06-10T09:00:00Z,2024-06-10T08:00:00Z,2024-06-10,4,0,0,True,True,True,ok,PUB_GenOutputbyFuelHourly_2024.xml
2024-06-10T10:00:00Z,2024-06-10T09:00:00Z,2024-06-10,5,0,0,True,True,True,ok,PUB_GenOutputbyFuelHourly_2024.xml
2024-06-10T11:00:00Z,2024-06-10T10:00:00Z,2024-06-10,6,8,0,True,True,True,ok,PUB_GenOutputbyFuelHourly_2024.xml
2024-06-10T12:00:00Z,2024-06-10T11:00:00Z,2024-06-10,7,33,0,True,True,True,ok,PUB_GenOutputbyFuelHourly_2024.xml
2024-06-10T13:00:00Z,2024-06-10T12:00:00Z,2024-06-10,8,69,0,True,True,True,ok,PUB_GenOutputbyFuelHourly_2024.xml
2024-06-10T14:00:00Z,2024-06-10T13:00:00Z,2024-06-10,9,127,0,True,True,True,ok,PUB_GenOutputbyFuelHourly_2024.xml
2024-06-10T15:00:00Z,2024-06-10T14:00:00Z,2024-06-10,10,194,0,True,True,True,ok,PUB_GenOutputbyFuelHourly_2024.xml
2024-06-10T16:00:00Z,2024-06-10T15:00:00Z,2024-06-10,11,208,0,True,True,True,ok,PUB_GenOutputbyFuelHourly_2024.xml
2024-06-10T17:00:00Z,2024-06-10T16:00:00Z,2024-06-10,12,211,0,True,True,True,ok,PUB_GenOutputbyFuelHourly_2024.xml
2024-06-10T18:00:00Z,2024-06-10T17:00:00Z,2024-06-10,13,216,0,True,True,True,ok,PUB_GenOutputbyFuelHourly_2024.xml
2024-06-10T19:00:00Z,2024-06-10T18:00:00Z,2024-06-10,14,210,0,True,True,True,ok,PUB_GenOutputbyFuelHourly_2024.xml
2024-06-10T20:00:00Z,2024-06-10T19:00:00Z,2024-06-10,15,169,0,True,True,True,ok,PUB_GenOutputbyFuelHourly_2024.xml
2024-06-10T21:00:00Z,2024-06-10T20:00:00Z,2024-06-10,16,158,0,True,True,True,ok,PUB_GenOutputbyFuelHourly_2024.xml
2024-06-10T22:00:00Z,2024-06-10T21:00:00Z,2024-06-10,17,127,0,True,True,True,ok,PUB_GenOutputbyFuelHourly_2024.xml
2024-06-10T23:00:00Z,2024-06-10T22:00:00Z,2024-06-10,18,81,0,True,True,True,ok,PUB_GenOutputbyFuelHourly_2024.xml
2024-06-11T00:00:00Z,2024-06-10T23:00:00Z,2024-06-10,19,37,0,True,True,True,ok,PUB_GenOutputbyFuelHourly_2024.xml
2024-06-11T01:00:00Z,2024-06-11T00:00:00Z,2024-06-10,20,5,0,True,True,True,ok,PUB_GenOutputbyFuelHourly_2024.xml
2024-06-11T02:00:00Z,2024-06-11T01:00:00Z,2024-06-10,21,0,0,True,True,True,ok,PUB_GenOutputbyFuelHourly_2024.xml
2024-06-11T03:00:00Z,2024-06-11T02:00:00Z,2024-06-10,22,0,0,True,True,True,ok,PUB_GenOutputbyFuelHourly_2024.xml
2024-06-11T04:00:00Z,2024-06-11T03:00:00Z,2024-06-10,23,0,0,True,True,True,ok,PUB_GenOutputbyFuelHourly_2024.xml
2024-06-11T05:00:00Z,2024-06-11T04:00:00Z,2024-06-10,24,0,0,True,True,True,ok,PUB_GenOutputbyFuelHourly_2024.xml
2024-06-11T06:00:00Z,2024-06-11T05:00:00Z,2024-06-11,1,0,0,True,True,True,ok,PUB_GenOutputbyFuelHourly_2024.xml
2024-06-11T07:00:00Z,2024-06-11T06:00:00Z,2024-06-11,2,0,0,True,True,True,ok,PUB_GenOutputbyFuelHourly_2024.xml
2024-06-11T08:00:00Z,2024-06-11T07:00:00Z,2024-06-11,3,0,0,True,True,True,ok,PUB_GenOutputbyFuelHourly_2024.xml
2024-06-11T09:00:00Z,2024-06-11T08:00:00Z,2024-06-11,4,0,0,True,True,True,ok,PUB_GenOutputbyFuelHourly_2024.xml
2024-06-11T10:00:00Z,2024-06-11T09:00:00Z,2024-06-11,5,0,0,True,True,True,ok,PUB_GenOutputbyFuelHourly_2024.xml
2024-06-11T11:00:00Z,2024-06-11T10:00:00Z,2024-06-11,6,9,0,True,True,True,ok,PUB_GenOutputbyFuelHourly_2024.xml
2024-06-11T12:00:00Z,2024-06-11T11:00:00Z,2024-06-11,7,46,0,True,True,True,ok,PUB_GenOutputbyFuelHourly_2024.xml
2024-06-11T13:00:00Z,2024-06-11T12:00:00Z,2024-06-11,8,105,0,True,True,True,ok,PUB_GenOutputbyFuelHourly_2024.xml
2024-06-11T14:00:00Z,2024-06-11T13:00:00Z,2024-06-11,9,185,0,True,True,True,ok,PUB_GenOutputbyFuelHourly_2024.xml
2024-06-11T15:00:00Z,2024-06-11T14:00:00Z,2024-06-11,10,272,0,True,True,True,ok,PUB_GenOutputbyFuelHourly_2024.xml
2024-06-11T16:00:00Z,2024-06-11T15:00:00Z,2024-06-11,11,248,0,True,True,True,ok,PUB_GenOutputbyFuelHourly_2024.xml
2024-06-11T17:00:00Z,2024-06-11T16:00:00Z,2024-06-11,12,295,0,True,True,True,ok,PUB_GenOutputbyFuelHourly_2024.xml
2024-06-11T18:00:00Z,2024-06-11T17:00:00Z,2024-06-11,13,283,0,True,True,True,ok,PUB_GenOutputbyFuelHourly_2024.xml
2024-06-11T19:00:00Z,2024-06-11T18:00:00Z,2024-06-11,14,278,0,True,True,True,ok,PUB_GenOutputbyFuelHourly_2024.xml
2024-06-11T20:00:00Z,2024-06-11T19:00:00Z,2024-06-11,15,230,0,True,True,True,ok,PUB_GenOutputbyFuelHourly_2024.xml
2024-06-11T21:00:00Z,2024-06-11T20:00:00Z,2024-06-11,16,213,0,True,True,True,ok,PUB_GenOutputbyFuelHourly_2024.xml
2024-06-11T22:00:00Z,2024-06-11T21:00:00Z,2024-06-11,17,187,0,True,True,True,ok,PUB_GenOutputbyFuelHourly_2024.xml
2024-06-11T23:00:00Z,2024-06-11T22:00:00Z,2024-06-11,18,99,0,True,True,True,ok,PUB_GenOutputbyFuelHourly_2024.xml
2024-06-12T00:00:00Z,2024-06-11T23:00:00Z,2024-06-11,19,27,0,True,True,True,ok,PUB_GenOutputbyFuelHourly_2024.xml
2024-06-12T01:00:00Z,2024-06-12T00:00:00Z,2024-06-11,20,5,0,True,True,True,ok,PUB_GenOutputbyFuelHourly_2024.xml
2024-06-12T02:00:00Z,2024-06-12T01:00:00Z,2024-06-11,21,0,0,True,True,True,ok,PUB_GenOutputbyFuelHourly_2024.xml
2024-06-12T03:00:00Z,2024-06-12T02:00:00Z,2024-06-11,22,0,0,True,True,True,ok,PUB_GenOutputbyFuelHourly_2024.xml
2024-06-12T04:00:00Z,2024-06-12T03:00:00Z,2024-06-11,23,0,0,True,True,True,ok,PUB_GenOutputbyFuelHourly_2024.xml
2024-06-12T05:00:00Z,2024-06-12T04:00:00Z,2024-06-11,24,0,0,True,True,True,ok,PUB_GenOutputbyFuelHourly_2024.xml
2024-06-12T06:00:00Z,2024-06-12T05:00:00Z,2024-06-12,1,0,0,True,True,True,ok,PUB_GenOutputbyFuelHourly_2024.xml
2024-06-12T07:00:00Z,2024-06-12T06:00:00Z,2024-06-12,2,0,0,True,True,True,ok,PUB_GenOutputbyFuelHourly_2024.xml
2024-06-12T08:00:00Z,2024-06-12T07:00:00Z,2024-06-12,3,0,0,True,True,True,ok,PUB_GenOutputbyFuelHourly_2024.xml
2024-06-12T09:00:00Z,2024-06-12T08:00:00Z,2024-06-12,4,0,0,True,True,True,ok,PUB_GenOutputbyFuelHourly_2024.xml
2024-06-12T10:00:00Z,2024-06-12T09:00:00Z,2024-06-12,5,0,0,True,True,True,ok,PUB_GenOutputbyFuelHourly_2024.xml
2024-06-12T11:00:00Z,2024-06-12T10:00:00Z,2024-06-12,6,9,0,True,True,True,ok,PUB_GenOutputbyFuelHourly_2024.xml
2024-06-12T12:00:00Z,2024-06-12T11:00:00Z,2024-06-12,7,46,0,True,True,True,ok,PUB_GenOutputbyFuelHourly_2024.xml
2024-06-12T13:00:00Z,2024-06-12T12:00:00Z,2024-06-12,8,126,0,True,True,True,ok,PUB_GenOutputbyFuelHourly_2024.xml
2024-06-12T14:00:00Z,2024-06-12T13:00:00Z,2024-06-12,9,205,0,True,True,True,ok,PUB_GenOutputbyFuelHourly_2024.xml
2024-06-12T15:00:00Z,2024-06-12T14:00:00Z,2024-06-12,10,298,0,True,True,True,ok,PUB_GenOutputbyFuelHourly_2024.xml
2024-06-12T16:00:00Z,2024-06-12T15:00:00Z,2024-06-12,11,353,0,True,True,True,ok,PUB_GenOutputbyFuelHourly_2024.xml
2024-06-12T17:00:00Z,2024-06-12T16:00:00Z,2024-06-12,12,350,0,True,True,True,ok,PUB_GenOutputbyFuelHourly_2024.xml
2024-06-12T18:00:00Z,2024-06-12T17:00:00Z,2024-06-12,13,356,0,True,True,True,ok,PUB_GenOutputbyFuelHourly_2024.xml
2024-06-12T19:00:00Z,2024-06-12T18:00:00Z,2024-06-12,14,397,0,True,True,True,ok,PUB_GenOutputbyFuelHourly_2024.xml
2024-06-12T20:00:00Z,2024-06-12T19:00:00Z,2024-06-12,15,382,0,True,True,True,ok,PUB_GenOutputbyFuelHourly_2024.xml
2024-06-12T21:00:00Z,2024-06-12T20:00:00Z,2024-06-12,16,312,0,True,True,True,ok,PUB_GenOutputbyFuelHourly_2024.xml
2024-06-12T22:00:00Z,2024-06-12T21:00:00Z,2024-06-12,17,229,0,True,True,True,ok,PUB_GenOutputbyFuelHourly_2024.xml
2024-06-12T23:00:00Z,2024-06-12T22:00:00Z,2024-06-12,18,118,0,True,True,True,ok,PUB_GenOutputbyFuelHourly_2024.xml
2024-06-13T00:00:00Z,2024-06-12T23:00:00Z,2024-06-12,19,32,0,True,True,True,ok,PUB_GenOutputbyFuelHourly_2024.xml
2024-06-13T01:00:00Z,2024-06-13T00:00:00Z,2024-06-12,20,8,0,True,True,True,ok,PUB_GenOutputbyFuelHourly_2024.xml
2024-06-13T02:00:00Z,2024-06-13T01:00:00Z,2024-06-12,21,0,0,True,True,True,ok,PUB_GenOutputbyFuelHourly_2024.xml
2024-06-13T03:00:00Z,2024-06-13T02:00:00Z,2024-06-12,22,0,0,True,True,True,ok,PUB_GenOutputbyFuelHourly_2024.xml
2024-06-13T04:00:00Z,2024-06-13T03:00:00Z,2024-06-12,23,0,0,True,True,True,ok,PUB_GenOutputbyFuelHourly_2024.xml
2024-06-13T05:00:00Z,2024-06-13T04:00:00Z,2024-06-12,24,0,0,True,True,True,ok,PUB_GenOutputbyFuelHourly_2024.xml
2024-06-13T06:00:00Z,2024-06-13T05:00:00Z,2024-06-13,1,0,0,True,True,True,ok,PUB_GenOutputbyFuelHourly_2024.xml
2024-06-13T07:00:00Z,2024-06-13T06:00:00Z,2024-06-13,2,0,0,True,True,True,ok,PUB_GenOutputbyFuelHourly_2024.xml
2024-06-13T08:00:00Z,2024-06-13T07:00:00Z,2024-06-13,3,0,0,True,True,True,ok,PUB_GenOutputbyFuelHourly_2024.xml
2024-06-13T09:00:00Z,2024-06-13T08:00:00Z,2024-06-13,4,0,0,True,True,True,ok,PUB_GenOutputbyFuelHourly_2024.xml
2024-06-13T10:00:00Z,2024-06-13T09:00:00Z,2024-06-13,5,1,0,True,True,True,ok,PUB_GenOutputbyFuelHourly_2024.xml
2024-06-13T11:00:00Z,2024-06-13T10:00:00Z,2024-06-13,6,13,0,True,True,True,ok,PUB_GenOutputbyFuelHourly_2024.xml
2024-06-13T12:00:00Z,2024-06-13T11:00:00Z,2024-06-13,7,44,0,True,True,True,ok,PUB_GenOutputbyFuelHourly_2024.xml
2024-06-13T13:00:00Z,2024-06-13T12:00:00Z,2024-06-13,8,142,0,True,True,True,ok,PUB_GenOutputbyFuelHourly_2024.xml
2024-06-13T14:00:00Z,2024-06-13T13:00:00Z,2024-06-13,9,216,0,True,True,True,ok,PUB_GenOutputbyFuelHourly_2024.xml
2024-06-13T15:00:00Z,2024-06-13T14:00:00Z,2024-06-13,10,299,0,True,True,True,ok,PUB_GenOutputbyFuelHourly_2024.xml
2024-06-13T16:00:00Z,2024-06-13T15:00:00Z,2024-06-13,11,290,0,True,True,True,ok,PUB_GenOutputbyFuelHourly_2024.xml
2024-06-13T17:00:00Z,2024-06-13T16:00:00Z,2024-06-13,12,306,0,True,True,True,ok,PUB_GenOutputbyFuelHourly_2024.xml
2024-06-13T18:00:00Z,2024-06-13T17:00:00Z,2024-06-13,13,311,0,True,True,True,ok,PUB_GenOutputbyFuelHourly_2024.xml
2024-06-13T19:00:00Z,2024-06-13T18:00:00Z,2024-06-13,14,268,0,True,True,True,ok,PUB_GenOutputbyFuelHourly_2024.xml
2024-06-13T20:00:00Z,2024-06-13T19:00:00Z,2024-06-13,15,311,0,True,True,True,ok,PUB_GenOutputbyFuelHourly_2024.xml
2024-06-13T21:00:00Z,2024-06-13T20:00:00Z,2024-06-13,16,293,0,True,True,True,ok,PUB_GenOutputbyFuelHourly_2024.xml
2024-06-13T22:00:00Z,2024-06-13T21:00:00Z,2024-06-13,17,201,0,True,True,True,ok,PUB_GenOutputbyFuelHourly_2024.xml
2024-06-13T23:00:00Z,2024-06-13T22:00:00Z,2024-06-13,18,113,0,True,True,True,ok,PUB_GenOutputbyFuelHourly_2024.xml
2024-06-14T00:00:00Z,2024-06-13T23:00:00Z,2024-06-13,19,88,0,True,True,True,ok,PUB_GenOutputbyFuelHourly_2024.xml
2024-06-14T01:00:00Z,2024-06-14T00:00:00Z,2024-06-13,20,67,0,True,True,True,ok,PUB_GenOutputbyFuelHourly_2024.xml
2024-06-14T02:00:00Z,2024-06-14T01:00:00Z,2024-06-13,21,60,0,True,True,True,ok,PUB_GenOutputbyFuelHourly_2024.xml
2024-06-14T03:00:00Z,2024-06-14T02:00:00Z,2024-06-13,22,60,0,True,True,True,ok,PUB_GenOutputbyFuelHourly_2024.xml
2024-06-14T04:00:00Z,2024-06-14T03:00:00Z,2024-06-13,23,60,0,True,True,True,ok,PUB_GenOutputbyFuelHourly_2024.xml
2024-06-14T05:00:00Z,2024-06-14T04:00:00Z,2024-06-13,24,60,0,True,True,True,ok,PUB_GenOutputbyFuelHourly_2024.xml
2024-06-14T06:00:00Z,2024-06-14T05:00:00Z,2024-06-14,1,60,0,True,True,True,ok,PUB_GenOutputbyFuelHourly_2024.xml
2024-06-14T07:00:00Z,2024-06-14T06:00:00Z,2024-06-14,2,30,0,True,True,True,ok,PUB_GenOutputbyFuelHourly_2024.xml
2024-06-14T08:00:00Z,2024-06-14T07:00:00Z,2024-06-14,3,0,0,True,True,True,ok,PUB_GenOutputbyFuelHourly_2024.xml
2024-06-14T09:00:00Z,2024-06-14T08:00:00Z,2024-06-14,4,0,0,True,True,True,ok,PUB_GenOutputbyFuelHourly_2024.xml
2024-06-14T10:00:00Z,2024-06-14T09:00:00Z,2024-06-14,5,0,0,True,True,True,ok,PUB_GenOutputbyFuelHourly_2024.xml
2024-06-14T11:00:00Z,2024-06-14T10:00:00Z,2024-06-14,6,7,0,True,True,True,ok,PUB_GenOutputbyFuelHourly_2024.xml
2024-06-14T12:00:00Z,2024-06-14T11:00:00Z,2024-06-14,7,46,0,True,True,True,ok,PUB_GenOutputbyFuelHourly_2024.xml
2024-06-14T13:00:00Z,2024-06-14T12:00:00Z,2024-06-14,8,115,0,True,True,True,ok,PUB_GenOutputbyFuelHourly_2024.xml
2024-06-14T14:00:00Z,2024-06-14T13:00:00Z,2024-06-14,9,182,0,True,True,True,ok,PUB_GenOutputbyFuelHourly_2024.xml
2024-06-14T15:00:00Z,2024-06-14T14:00:00Z,2024-06-14,10,231,0,True,True,True,ok,PUB_GenOutputbyFuelHourly_2024.xml
2024-06-14T16:00:00Z,2024-06-14T15:00:00Z,2024-06-14,11,285,0,True,True,True,ok,PUB_GenOutputbyFuelHourly_2024.xml
2024-06-14T17:00:00Z,2024-06-14T16:00:00Z,2024-06-14,12,325,0,True,True,True,ok,PUB_GenOutputbyFuelHourly_2024.xml
2024-06-14T18:00:00Z,2024-06-14T17:00:00Z,2024-06-14,13,336,0,True,True,True,ok,PUB_GenOutputbyFuelHourly_2024.xml
2024-06-14T19:00:00Z,2024-06-14T18:00:00Z,2024-06-14,14,352,0,True,True,True,ok,PUB_GenOutputbyFuelHourly_2024.xml
2024-06-14T20:00:00Z,2024-06-14T19:00:00Z,2024-06-14,15,256,0,True,True,True,ok,PUB_GenOutputbyFuelHourly_2024.xml
2024-06-14T21:00:00Z,2024-06-14T20:00:00Z,2024-06-14,16,243,0,True,True,True,ok,PUB_GenOutputbyFuelHourly_2024.xml
2024-06-14T22:00:00Z,2024-06-14T21:00:00Z,2024-06-14,17,181,0,True,True,True,ok,PUB_GenOutputbyFuelHourly_2024.xml
2024-06-14T23:00:00Z,2024-06-14T22:00:00Z,2024-06-14,18,108,0,True,True,True,ok,PUB_GenOutputbyFuelHourly_2024.xml
2024-06-15T00:00:00Z,2024-06-14T23:00:00Z,2024-06-14,19,36,0,True,True,True,ok,PUB_GenOutputbyFuelHourly_2024.xml
2024-06-15T01:00:00Z,2024-06-15T00:00:00Z,2024-06-14,20,7,0,True,True,True,ok,PUB_GenOutputbyFuelHourly_2024.xml
2024-06-15T02:00:00Z,2024-06-15T01:00:00Z,2024-06-14,21,0,0,True,True,True,ok,PUB_GenOutputbyFuelHourly_2024.xml
2024-06-15T03:00:00Z,2024-06-15T02:00:00Z,2024-06-14,22,0,0,True,True,True,ok,PUB_GenOutputbyFuelHourly_2024.xml
2024-06-15T04:00:00Z,2024-06-15T03:00:00Z,2024-06-14,23,0,0,True,True,True,ok,PUB_GenOutputbyFuelHourly_2024.xml
2024-06-15T05:00:00Z,2024-06-15T04:00:00Z,2024-06-14,24,0,0,True,True,True,ok,PUB_GenOutputbyFuelHourly_2024.xml
