timestamp_utc,shortwave_radiation,direct_radiation,diffuse_radiation,cloud_cover,temperature_2m,relative_humidity_2m,wind_speed_10m,precipitation
2024-06-01T06:00:00Z,0,0,0,19,12.6,65,14.9,0
2024-06-01T07:00:00Z,0,0,0,60,11.9,66,13.7,0
2024-06-01T08:00:00Z,0,0,0,77,10.6,71,12.5,0
2024-06-01T09:00:00Z,0,0,0,13,9.7,75,11,0
2024-06-01T10:00:00Z,16,7,9,0,10,76,10.2,0
2024-06-01T11:00:00Z,134,92,42,0,12.4,70,9.8,0
2024-06-01T12:00:00Z,309,245,64,0,15,61,6.7,0
2024-06-01T13:00:00Z,492,414,78,18,17.4,56,4.8,0
2024-06-01T14:00:00Z,663,576,87,99,19.5,51,4.3,0
2024-06-01T15:00:00Z,805,711,94,98,21.9,46,5.3,0
2024-06-01T16:00:00Z,903,795,108,76,23.7,40,6.6,0
2024-06-01T17:00:00Z,954,840,114,81,25.2,34,8.9,0
2024-06-01T18:00:00Z,951,840,111,85,26.1,30,10.5,0
2024-06-01T19:00:00Z,892,756,136,83,26.7,27,10.7,0
2024-06-01T20:00:00Z,774,606,168,96,26.8,27,10.8,0
2024-06-01T21:00:00Z,585,365,220,95,26.8,28,10,0
2024-06-01T22:00:00Z,411,218,193,100,26.2,30,7.7,0
2024-06-01T23:00:00Z,263,156,107,100,25.7,34,7.1,0
2024-06-02T00:00:00Z,113,42,71,99,23.6,46,9.2,0
2024-06-02T01:00:00Z,15,3,12,99,20.4,54,11.4,0
2024-06-02T02:00:00Z,0,0,0,58,18.3,61,12.1,0
2024-06-02T03:00:00Z,0,0,0,94,16.7,67,10.8,0
2024-06-02T04:00:00Z,0,0,0,97,14.9,72,8.2,0
2024-06-02T05:00:00Z,0,0,0,100,13.7,75,5.9,0
2024-06-02T06:00:00Z,0,0,0,98,12.8,79,5.7,0
2024-06-02T07:00:00Z,0,0,0,100,11.8,83,6.6,0
2024-06-02T08:00:00Z,0,0,0,100,11.4,85,4.7,0
2024-06-02T09:00:00Z,0,0,0,98,10.7,89,4.7,0
2024-06-02T10:00:00Z,14,3,11,100,11.3,88,4.4,0
2024-06-02T11:00:00Z,103,33,70,100,13.2,82,3.5,0
2024-06-02T12:00:00Z,168,20,148,100,15,75,1.4,0
2024-06-02T13:00:00Z,279,41,238,100,17,64,2.2,0
2024-06-02T14:00:00Z,481,196,285,100,19.6,54,2.6,0
2024-06-02T15:00:00Z,543,185,358,99,21.9,44,2.9,0
2024-06-02T16:00:00Z,681,310,371,100,23.7,36,3.7,0
2024-06-02T17:00:00Z,701,316,385,100,25,30,5.4,0
2024-06-02T18:00:00Z,555,218,337,100,25.1,30,5.8,0
2024-06-02T19:00:00Z,504,103,401,100,25.2,31,4.6,0
2024-06-02T20:00:00Z,326,4,322,99,25.2,33,4.3,0
2024-06-02T21:00:00Z,358,119,239,88,25,35,4.6,0
2024-06-02T22:00:00Z,238,64,174,73,24.6,37,6.1,0
2024-06-02T23:00:00Z,111,16,95,91,23.8,46,5.9,0
2024-06-03T00:00:00Z,55,14,41,80,22.2,60,6,0
2024-06-03T01:00:00Z,8,2,6,85,20.1,66,6.8,0
2024-06-03T02:00:00Z,0,0,0,70,19,73,6.3,0
2024-06-03T03:00:00Z,0,0,0,46,18.8,71,6.1,0
2024-06-03T04:00:00Z,0,0,0,19,17,78,4.7,0
2024-06-03T05:00:00Z,0,0,0,2,16,83,3,0
2024-06-03T06:00:00Z,0,0,0,2,15,88,3.9,0
2024-06-03T07:00:00Z,0,0,0,1,13.6,92,4.3,0
2024-06-03T08:00:00Z,0,0,0,3,13.4,93,5.2,0
2024-06-03T09:00:00Z,0,0,0,4,13.1,93,6.1,0
2024-06-03T10:00:00Z,16,7,9,2,13.2,90,7.6,0
2024-06-03T11:00:00Z,126,85,41,2,15.7,83,7.6,0
2024-06-03T12:00:00Z,296,235,61,6,18.7,72,2.9,0
2024-06-03T13:00:00Z,476,395,81,5,21.3,63,2.3,0
2024-06-03T14:00:00Z,641,545,96,1,23.5,55,2.2,0
2024-06-03T15:00:00Z,782,682,100,1,25.5,47,0,0
2024-06-03T16:00:00Z,879,775,104,1,26.7,42,2.6,0
2024-06-03T17:00:00Z,931,828,103,0,27.8,36,2.8,0
2024-06-03T18:00:00Z,911,793,118,3,28.4,33,2.3,0
2024-06-03T19:00:00Z,724,589,135,6,28.8,31,1.9,0
2024-06-03T20:00:00Z,728,592,136,7,29,30,2.2,0
2024-06-03T21:00:00Z,568,448,120,7,29.2,28,2.9,0
2024-06-03T22:00:00Z,440,316,124,11,28.5,33,4.8,0
2024-06-03T23:00:00Z,277,194,83,15,28,34,4.3,0
2024-06-04T00:00:00Z,137,94,43,2,25.4,53,4.9,0
2024-06-04T01:00:00Z,19,9,10,18,22.1,59,6.7,0
2024-06-04T02:00:00Z,0,0,0,49,19.5,69,7.3,0
2024-06-04T03:00:00Z,0,0,0,19,17.5,77,6.5,0
2024-06-04T04:00:00Z,0,0,0,66,16.1,83,5.4,0
2024-06-04T05:00:00Z,0,0,0,86,15.1,85,5.8,0
2024-06-04T06:00:00Z,0,0,0,95,14.4,88,4.2,0
2024-06-04T07:00:00Z,0,0,0,98,13.7,89,4.5,0
2024-06-04T08:00:00Z,0,0,0,100,13.6,90,2.9,0
2024-06-04T09:00:00Z,0,0,0,100,13.8,88,2.2,0
2024-06-04T10:00:00Z,12,2,10,100,14.4,89,2.8,0
2024-06-04T11:00:00Z,85,18,67,100,16.2,86,3.3,0
2024-06-04T12:00:00Z,212,85,127,100,18.8,80,0.8,0
2024-06-04T13:00:00Z,400,247,153,100,21.3,70,1.5,0
2024-06-04T14:00:00Z,594,449,145,100,23.7,61,2.4,0
2024-06-04T15:00:00Z,731,557,174,96,26,53,3.3,0
2024-06-04T16:00:00Z,820,620,200,48,27,48,5.4,0
2024-06-04T17:00:00Z,851,656,195,17,27.9,46,6.7,0
2024-06-04T18:00:00Z,629,420,209,27,28.3,44,7,0
2024-06-04T19:00:00Z,713,533,180,27,28.9,42,7.7,0
2024-06-04T20:00:00Z,597,438,159,61,29.1,42,9,0
2024-06-04T21:00:00Z,490,353,137,43,29.7,38,7.9,0
2024-06-04T22:00:00Z,377,238,139,50,29.2,40,7.9,0
2024-06-04T23:00:00Z,244,174,70,47,28.2,43,4.3,0
2024-06-05T00:00:00Z,112,67,45,51,27.1,49,5.6,0
2024-06-05T01:00:00Z,17,7,10,53,25.1,53,7,0
2024-06-05T02:00:00Z,0,0,0,71,22.3,66,7.2,0
2024-06-05T03:00:00Z,0,0,0,42,20.5,74,6.2,0
2024-06-05T04:00:00Z,0,0,0,19,19.4,77,6.6,0
2024-06-05T05:00:00Z,0,0,0,16,17.9,83,7.5,0
2024-06-05T06:00:00Z,0,0,0,28,17.9,82,5.3,0
2024-06-05T07:00:00Z,0,0,0,46,17.9,83,3.6,0
2024-06-05T08:00:00Z,0,0,0,45,17.6,85,2.9,0
2024-06-05T09:00:00Z,0,0,0,62,16.3,92,2.1,0
2024-06-05T10:00:00Z,11,4,7,50,17.8,87,5.2,0
2024-06-05T11:00:00Z,88,44,44,25,19.1,85,4.2,0
2024-06-05T12:00:00Z,268,179,89,6,21.5,77,3.8,0
2024-06-05T13:00:00Z,442,358,84,0,23.6,70,5.6,0
2024-06-05T14:00:00Z,595,503,92,0,25.1,65,7.1,0
2024-06-05T15:00:00Z,744,624,120,0,27.2,58,8.4,0
2024-06-05T16:00:00Z,854,750,104,14,28.2,55,9.2,0
2024-06-05T17:00:00Z,916,817,99,23,29.6,52,8.6,0
2024-06-05T18:00:00Z,915,813,102,44,30.3,50,9,0
2024-06-05T19:00:00Z,785,665,120,64,30.7,48,9.7,0
2024-06-05T20:00:00Z,739,641,98,74,30.7,47,10.9,0
2024-06-05T21:00:00Z,531,424,107,78,30.6,45,11.6,0
2024-06-05T22:00:00Z,376,273,103,95,30.1,45,11.7,0
2024-06-05T23:00:00Z,212,137,75,99,29.1,49,8.3,0
2024-06-06T00:00:00Z,110,40,70,97,27.6,54,8.4,0
2024-06-06T01:00:00Z,15,2,13,96,25.8,60,10.4,0
2024-06-06T02:00:00Z,0,0,0,100,24.7,66,10.1,0
2024-06-06T03:00:00Z,0,0,0,97,23.8,72,10.1,0
2024-06-06T04:00:00Z,0,0,0,97,22.5,79,10.1,0
2024-06-06T05:00:00Z,0,0,0,98,21.9,83,10.1,0
2024-06-06T06:00:00Z,0,0,0,100,21.4,86,10.4,0
2024-06-06T07:00:00Z,0,0,0,100,21.1,88,10,0
2024-06-06T08:00:00Z,0,0,0,100,21,88,9.4,0
2024-06-06T09:00:00Z,0,0,0,100,20.9,88,8.8,0.3
2024-06-06T10:00:00Z,3,0,3,100,20.8,89,9,0.7
2024-06-06T11:00:00Z,22,0,22,100,20.5,93,7.6,0.7
2024-06-06T12:00:00Z,44,0,44,100,20.6,94,5.9,1
2024-06-06T13:00:00Z,72,0,72,100,20.7,95,7.9,1.8
2024-06-06T14:00:00Z,100,3,97,100,21.1,95,8.2,2.4
2024-06-06T15:00:00Z,105,1,104,100,20.9,97,9.2,0.9
2024-06-06T16:00:00Z,104,0,104,100,21,95,10.4,1
2024-06-06T17:00:00Z,130,0,130,100,21.2,94,9.4,0.7
2024-06-06T18:00:00Z,148,0,148,100,21.9,93,11.1,2
2024-06-06T19:00:00Z,181,6,175,98,22,93,20.9,2.6
2024-06-06T20:00:00Z,152,3,149,100,21.1,93,14.8,6.1
2024-06-06T21:00:00Z,61,0,61,92,19.9,91,15.5,9.4
2024-06-06T22:00:00Z,152,68,84,53,18.2,87,5.2,1.3
2024-06-06T23:00:00Z,175,112,63,52,18.4,83,4.9,0
2024-06-07T00:00:00Z,127,79,48,47,18.2,84,6,0
2024-06-07T01:00:00Z,18,9,9,40,16.5,89,8.5,0
2024-06-07T02:00:00Z,0,0,0,57,15.9,94,7.9,0
2024-06-07T03:00:00Z,0,0,0,57,15.6,95,8,0
2024-06-07T04:00:00Z,0,0,0,62,15.6,96,8.2,0.1
2024-06-07T05:00:00Z,0,0,0,47,15.8,96,8.5,0
2024-06-07T06:00:00Z,0,0,0,38,15.6,96,9,0
2024-06-07T07:00:00Z,0,0,0,16,15,96,8.4,0
2024-06-07T08:00:00Z,0,0,0,6,13.6,96,6.5,0
2024-06-07T09:00:00Z,0,0,0,17,14.3,95,4.6,0
2024-06-07T10:00:00Z,15,5,10,85,14.5,98,3.6,0
2024-06-07T11:00:00Z,93,47,46,69,15.2,96,1.8,0
2024-06-07T12:00:00Z,178,86,92,63,16.3,94,3,0.1
2024-06-07T13:00:00Z,324,173,151,66,17.3,89,3.2,0.2
2024-06-07T14:00:00Z,370,195,175,62,17.7,85,5.2,0.2
2024-06-07T15:00:00Z,585,370,215,70,19.1,79,4.5,0.3
2024-06-07T16:00:00Z,547,242,305,82,17.8,78,5.7,1.4
2024-06-07T17:00:00Z,548,307,241,98,15.9,91,9.4,4.5
2024-06-07T18:00:00Z,526,260,266,45,17.9,84,8.4,0.3
2024-06-07T19:00:00Z,625,412,213,44,18.9,77,9.9,0.1
2024-06-07T20:00:00Z,675,448,227,64,19.7,71,9.5,0.1
2024-06-07T21:00:00Z,485,291,194,92,19.4,69,7.9,0.9
2024-06-07T22:00:00Z,256,103,153,97,16.7,83,10.6,3.6
2024-06-07T23:00:00Z,111,12,99,99,16.2,89,10.5,0.5
2024-06-08T00:00:00Z,60,10,50,100,15.8,91,7.7,0.2
2024-06-08T01:00:00Z,13,1,12,100,14.9,95,7.9,0
2024-06-08T02:00:00Z,0,0,0,100,14.7,96,8.4,0
2024-06-08T03:00:00Z,0,0,0,100,14.6,95,8.1,0
2024-06-08T04:00:00Z,0,0,0,98,14.4,94,9.9,0
2024-06-08T05:00:00Z,0,0,0,100,14.3,93,11.6,0.1
2024-06-08T06:00:00Z,0,0,0,92,14.2,92,10.9,0
2024-06-08T07:00:00Z,0,0,0,78,13.7,93,9.9,0.2
2024-06-08T08:00:00Z,0,0,0,66,13.5,94,10,0
2024-06-08T09:00:00Z,0,0,0,81,13.4,94,10.1,0
2024-06-08T10:00:00Z,12,3,9,81,13.7,94,8.9,0
2024-06-08T11:00:00Z,55,7,48,79,14.4,93,10.2,0
2024-06-08T12:00:00Z,119,14,105,86,15.2,87,10.7,0.1
2024-06-08T13:00:00Z,257,81,176,88,16.3,81,12.8,0.2
2024-06-08T14:00:00Z,298,75,223,93,17,79,15.4,0.1
2024-06-08T15:00:00Z,501,338,163,100,18.6,76,15.1,0.1
2024-06-08T16:00:00Z,391,139,252,96,18.8,75,15.1,0.2
2024-06-08T17:00:00Z,471,190,281,93,18.4,81,14.4,2.1
2024-06-08T18:00:00Z,495,269,226,97,19.1,79,16.9,0.2
2024-06-08T19:00:00Z,321,55,266,72,20.4,70,16.2,1.2
2024-06-08T20:00:00Z,519,325,194,62,19.5,76,15.9,1.1
2024-06-08T21:00:00Z,488,377,111,99,18,83,14.8,0.1
2024-06-08T22:00:00Z,394,251,143,100,18.7,77,14.1,1.1
2024-06-08T23:00:00Z,188,70,118,100,17.9,81,11.9,0.4
2024-06-09T00:00:00Z,54,0,54,100,17.8,78,11.9,0
2024-06-09T01:00:00Z,11,0,11,100,17.2,76,14.5,0
2024-06-09T02:00:00Z,0,0,0,59,16.9,74,15.6,0
2024-06-09T03:00:00Z,0,0,0,98,16.4,72,15.5,0
2024-06-09T04:00:00Z,0,0,0,99,15.8,72,13,0
2024-06-09T05:00:00Z,0,0,0,87,15.5,73,12.2,0
2024-06-09T06:00:00Z,0,0,0,69,15.2,77,11.4,0
2024-06-09T07:00:00Z,0,0,0,75,14.8,79,11.9,0.1
2024-06-09T08:00:00Z,0,0,0,95,14.2,83,11.9,0.1
2024-06-09T09:00:00Z,0,0,0,100,13.6,88,11.1,0.3
2024-06-09T10:00:00Z,4,0,4,88,13.8,90,9.7,1.1
2024-06-09T11:00:00Z,36,5,31,74,13.7,90,9.7,0.4
2024-06-09T12:00:00Z,152,65,87,58,14.2,92,9.6,0.4
2024-06-09T13:00:00Z,331,186,145,53,15.4,90,9.6,0.2
2024-06-09T14:00:00Z,447,281,166,89,16.3,86,11.7,0.3
2024-06-09T15:00:00Z,620,374,246,67,17.1,82,13.4,0.4
2024-06-09T16:00:00Z,649,279,370,62,17.4,77,14.2,0.4
2024-06-09T17:00:00Z,637,300,337,81,17.3,75,13.2,0.4
2024-06-09T18:00:00Z,639,349,290,85,17.1,74,16.4,0.4
2024-06-09T19:00:00Z,613,344,269,80,15.2,79,12.8,0.1
2024-06-09T20:00:00Z,574,336,238,92,16.4,73,13.7,0.8
2024-06-09T21:00:00Z,442,268,174,87,17.1,70,12.4,0.1
2024-06-09T22:00:00Z,392,296,96,72,17.7,75,12.5,0.1
2024-06-09T23:00:00Z,229,161,68,92,16.4,82,10.2,0.8
2024-06-10T00:00:00Z,102,62,40,95,15.9,83,10.8,0
2024-06-10T01:00:00Z,16,6,10,82,15.1,84,12.7,0
2024-06-10T02:00:00Z,0,0,0,88,15,83,12.1,0
2024-06-10T03:00:00Z,0,0,0,99,14.7,86,11.8,0
2024-06-10T04:00:00Z,0,0,0,100,14.2,89,11.7,0
2024-06-10T05:00:00Z,0,0,0,94,13.9,92,13.2,0
2024-06-10T06:00:00Z,0,0,0,100,13.6,92,14.7,0
2024-06-10T07:00:00Z,0,0,0,100,13.3,92,15.3,0.1
2024-06-10T08:00:00Z,0,0,0,100,13.2,90,15.9,0
2024-06-10T09:00:00Z,0,0,0,100,12.6,89,15.3,0.1
2024-06-10T10:00:00Z,4,1,3,100,11.7,93,14.2,0.3
2024-06-10T11:00:00Z,22,0,22,100,10.9,94,14.6,0.2
2024-06-10T12:00:00Z,50,0,50,100,10.6,91,16.1,0.3
2024-06-10T13:00:00Z,67,0,67,100,10.6,87,16.3,0.1
2024-06-10T14:00:00Z,105,0,105,100,10.8,85,16.1,0
2024-06-10T15:00:00Z,136,4,132,100,11.3,82,15.4,0
2024-06-10T16:00:00Z,166,19,147,100,11.6,81,15.4,0
2024-06-10T17:00:00Z,146,9,137,100,12.1,80,15.6,0
2024-06-10T18:00:00Z,134,6,128,100,12.5,78,17.1,0
2024-06-10T19:00:00Z,220,26,194,100,12.5,78,17.8,0
2024-06-10T20:00:00Z,191,2,189,100,12.5,78,17.1,0
2024-06-10T21:00:00Z,155,5,150,100,12.5,77,14.8,0
2024-06-10T22:00:00Z,113,8,105,99,12.7,75,13,0
2024-06-10T23:00:00Z,53,0,53,100,12,76,14,0
2024-06-11T00:00:00Z,30,2,28,100,11.6,76,14.5,0
2024-06-11T01:00:00Z,5,0,5,100,11.1,77,13.2,0
2024-06-11T02:00:00Z,0,0,0,100,10.8,78,13.3,0
2024-06-11T03:00:00Z,0,0,0,100,10.5,79,12.1,0
2024-06-11T04:00:00Z,0,0,0,100,10.2,80,11,0
2024-06-11T05:00:00Z,0,0,0,100,9.9,82,9.7,0
2024-06-11T06:00:00Z,0,0,0,100,9.7,84,8.9,0
2024-06-11T07:00:00Z,0,0,0,100,9.6,85,7.9,0
2024-06-11T08:00:00Z,0,0,0,98,9.6,86,7.9,0
2024-06-11T09:00:00Z,0,0,0,93,9.7,87,7.7,0
2024-06-11T10:00:00Z,9,1,8,100,9.9,87,7.2,0
2024-06-11T11:00:00Z,58,12,46,100,10.2,87,6.6,0
2024-06-11T12:00:00Z,110,16,94,100,10.7,86,6.4,0
2024-06-11T13:00:00Z,232,89,143,100,11.3,84,4.8,0
2024-06-11T14:00:00Z,350,113,237,100,12.3,80,4.1,0
2024-06-11T15:00:00Z,418,151,267,100,13.5,76,3.8,0
2024-06-11T16:00:00Z,418,84,334,100,14,74,3.6,0
2024-06-11T17:00:00Z,451,123,328,100,14.9,70,3.9,0
2024-06-11T18:00:00Z,377,32,345,100,15.5,70,4,0
2024-06-11T19:00:00Z,334,51,283,100,16.1,68,3.7,0
2024-06-11T20:00:00Z,262,38,224,100,16.8,66,2.9,0
2024-06-11T21:00:00Z,270,53,217,100,16.9,67,3.3,0
2024-06-11T22:00:00Z,143,17,126,100,16.4,72,3.7,0
2024-06-11T23:00:00Z,74,1,73,96,15.9,73,4.2,0
2024-06-12T00:00:00Z,42,7,35,96,15.5,76,5.2,0
2024-06-12T01:00:00Z,9,3,6,90,14.7,80,6.2,0
2024-06-12T02:00:00Z,0,0,0,90,14.3,83,6.3,0
2024-06-12T03:00:00Z,0,0,0,92,13.6,85,6.5,0
2024-06-12T04:00:00Z,0,0,0,90,13.1,87,5.8,0
2024-06-12T05:00:00Z,0,0,0,80,12.8,88,5,0
2024-06-12T06:00:00Z,0,0,0,57,12.2,91,5.1,0
2024-06-12T07:00:00Z,0,0,0,83,11.8,91,5.8,0
2024-06-12T08:00:00Z,0,0,0,73,11.5,91,5.8,0
2024-06-12T09:00:00Z,0,0,0,83,11.4,92,6.1,0
2024-06-12T10:00:00Z,11,3,8,95,11.8,93,7,0
2024-06-12T11:00:00Z,49,6,43,97,12.5,92,6,0
2024-06-12T12:00:00Z,130,33,97,100,13.7,90,7.5,0
2024-06-12T13:00:00Z,202,47,155,100,14.7,86,7.7,0
2024-06-12T14:00:00Z,203,21,182,100,15.3,83,7.1,0
2024-06-12T15:00:00Z,279,47,232,100,16.7,77,6.8,0
2024-06-12T16:00:00Z,338,30,308,100,17.5,74,7.6,0
2024-06-12T17:00:00Z,451,115,336,100,18.5,68,8.9,0.1
2024-06-12T18:00:00Z,549,176,373,100,19.6,64,9.7,0
2024-06-12T19:00:00Z,381,52,329,100,19.8,62,10.9,0
2024-06-12T20:00:00Z,425,118,307,97,20.5,59,12.2,0.1
2024-06-12T21:00:00Z,339,88,251,89,21.1,56,10.9,0
2024-06-12T22:00:00Z,335,174,161,42,20.9,56,10.6,0
2024-06-12T23:00:00Z,273,198,75,8,20.9,57,9.7,0
2024-06-13T00:00:00Z,138,89,49,15,19.6,61,10.7,0
2024-06-13T01:00:00Z,25,13,12,15,17,72,11.9,0
2024-06-13T02:00:00Z,0,0,0,9,15.7,78,13,0
2024-06-13T03:00:00Z,0,0,0,8,14.6,82,12.3,0
2024-06-13T04:00:00Z,0,0,0,28,13.7,85,11.6,0
2024-06-13T05:00:00Z,0,0,0,1,13.2,87,10.3,0
2024-06-13T06:00:00Z,0,0,0,18,12.6,88,9.1,0
2024-06-13T07:00:00Z,0,0,0,16,12,89,8.7,0
2024-06-13T08:00:00Z,0,0,0,3,11.4,90,9.1,0
2024-06-13T09:00:00Z,0,0,0,14,11.3,90,9.4,0
2024-06-13T10:00:00Z,17,7,10,24,12.3,89,10.8,0
2024-06-13T11:00:00Z,124,77,47,38,14.3,82,11.5,0
2024-06-13T12:00:00Z,282,216,66,92,16.5,75,11.2,0.3
2024-06-13T13:00:00Z,344,227,117,55,18,73,12.2,0.3
2024-06-13T14:00:00Z,491,357,134,41,19.8,70,12.7,0
2024-06-13T15:00:00Z,691,557,134,55,22,65,14.2,0
2024-06-13T16:00:00Z,821,679,142,88,23.7,63,15.5,0
2024-06-13T17:00:00Z,855,678,177,84,24.4,63,15.3,0
2024-06-13T18:00:00Z,789,577,212,52,24.8,61,10.8,0.1
2024-06-13T19:00:00Z,616,376,240,34,24.6,62,14.5,0.1
2024-06-13T20:00:00Z,424,230,194,75,25,61,15.5,0.2
2024-06-13T21:00:00Z,334,148,186,49,24.2,65,15.4,0.3
2024-06-13T22:00:00Z,383,248,135,88,24.5,64,12.8,0
2024-06-13T23:00:00Z,164,67,97,98,23.9,67,12.8,0
2024-06-14T00:00:00Z,50,4,46,100,22.8,72,11.6,0.6
2024-06-14T01:00:00Z,10,0,10,100,22.4,71,15.2,0
2024-06-14T02:00:00Z,0,0,0,100,20.9,79,19.8,1.6
2024-06-14T03:00:00Z,0,0,0,100,18.8,89,19.8,2.5
2024-06-14T04:00:00Z,0,0,0,100,18,94,17.1,0.7
2024-06-14T05:00:00Z,0,0,0,26,17.7,97,18.2,0
2024-06-14T06:00:00Z,0,0,0,51,17.4,98,17.2,0
2024-06-14T07:00:00Z,0,0,0,58,17.4,96,15.6,0
2024-06-14T08:00:00Z,0,0,0,100,17,94,14.2,0
2024-06-14T09:00:00Z,0,0,0,100,16.7,93,14,0
2024-06-14T10:00:00Z,7,0,7,92,17.4,92,14.4,0
2024-06-14T11:00:00Z,69,22,47,63,17.7,89,14.2,0
2024-06-14T12:00:00Z,200,99,101,30,18.3,85,13.7,0
2024-06-14T13:00:00Z,371,220,151,28,19.3,79,13.6,0
2024-06-14T14:00:00Z,523,378,145,49,19.8,74,13.9,0.1
2024-06-14T15:00:00Z,589,428,161,40,20.7,68,14.2,0
2024-06-14T16:00:00Z,632,449,183,33,21.2,64,14.5,0.1
2024-06-14T17:00:00Z,679,492,187,43,21.5,59,14.3,0.1
2024-06-14T18:00:00Z,646,481,165,53,21.6,56,14,0
2024-06-14T19:00:00Z,666,478,188,59,21.6,55,14.5,0
2024-06-14T20:00:00Z,619,473,146,51,21.6,55,14.1,0
2024-06-14T21:00:00Z,528,412,116,41,21.2,55,13.3,0
2024-06-14T22:00:00Z,395,273,122,24,20.9,53,12,0
2024-06-14T23:00:00Z,256,178,78,22,20.3,54,10.2,0
2024-06-15T00:00:00Z,128,78,50,19,19.2,57,7.6,0
2024-06-15T01:00:00Z,25,12,13,17,16.5,69,5,0
2024-06-15T02:00:00Z,0,0,0,5,14.8,76,5.2,0
2024-06-15T03:00:00Z,0,0,0,1,13.3,79,6.1,0
2024-06-15T04:00:00Z,0,0,0,1,12.4,79,6,0
2024-06-15T05:00:00Z,0,0,0,4,11.5,76,7,0
