timestamp_utc,interval_start_utc,source_date,source_hour,row_split,solar_generation,shortwave_radiation,direct_radiation,diffuse_radiation,cloud_cover,temperature_2m,relative_humidity_2m,wind_speed_10m,precipitation,hour_sin,hour_cos,day_sin,day_cos,output_quality,generation_status,row_valid,invalid_reasons
2024-01-19T12:00:00Z,2024-01-19T11:00:00Z,2024-01-19,7,train,0,0,0,0,97.6,-11.22,77.6,14.84,0.08,1,6.123233996e-17,0.3041148323,0.9526353808,-1,flagged,False,generation_quality_flag_-1
2024-01-19T13:00:00Z,2024-01-19T12:00:00Z,2024-01-19,8,train,0,1.2,0.2,1,98.8,-11.78,77,15.48,0.1,0.9659258263,-0.2588190451,0.3041148323,0.9526353808,-1,flagged,False,generation_quality_flag_-1
2024-01-19T14:00:00Z,2024-01-19T13:00:00Z,2024-01-19,9,train,6,49,11.6,37.4,99,-11.64,74.8,15.78,0.08,0.8660254038,-0.5,0.3041148323,0.9526353808,-1,flagged,False,generation_quality_flag_-1
2024-01-19T15:00:00Z,2024-01-19T14:00:00Z,2024-01-19,10,train,35,135.4,41,94.4,95,-11.28,72.2,15.72,0.08,0.7071067812,-0.7071067812,0.3041148323,0.9526353808,-1,flagged,False,generation_quality_flag_-1
2024-03-26T17:00:00Z,2024-03-26T16:00:00Z,2024-03-26,12,train,177,417.6,165.4,252.2,100,9.24,60,19.96,0.06,0.2588190451,-0.9659258263,0.99378067,0.1113551969,-1,flagged,False,generation_quality_flag_-1
2024-03-26T18:00:00Z,2024-03-26T17:00:00Z,2024-03-26,13,train,187,389,123.4,265.6,100,9.76,60.8,20.66,0.12,1.224646799e-16,-1,0.99378067,0.1113551969,-1,flagged,False,generation_quality_flag_-1
2024-03-26T19:00:00Z,2024-03-26T18:00:00Z,2024-03-26,14,train,182,324.8,48.2,276.6,100,10.04,62.4,20.64,0.02,-0.2588190451,-0.9659258263,0.99378067,0.1113551969,-1,flagged,False,generation_quality_flag_-1
2024-03-26T20:00:00Z,2024-03-26T19:00:00Z,2024-03-26,15,train,111,273.4,38.8,234.6,100,10.1,64.4,20.34,0.06,-0.5,-0.8660254038,0.99378067,0.1113551969,-1,flagged,False,generation_quality_flag_-1
2024-03-26T21:00:00Z,2024-03-26T20:00:00Z,2024-03-26,16,train,72,168.6,9.2,159.4,100,9.8,66.8,22.5,0.18,-0.7071067812,-0.7071067812,0.99378067,0.1113551969,-1,flagged,False,generation_quality_flag_-1
2024-03-26T22:00:00Z,2024-03-26T21:00:00Z,2024-03-26,17,train,42,102.4,9.4,93,100,9.76,71,20.96,0.48,-0.8660254038,-0.5,0.99378067,0.1113551969,-1,flagged,False,generation_quality_flag_-1
2024-04-13T14:00:00Z,2024-04-13T13:00:00Z,2024-04-13,9,train,94,233.8,133.4,100.4,77.6,6.02,74.6,27.46,0.22,0.8660254038,-0.5,0.9805753941,-0.1961425414,-1,flagged,False,generation_quality_flag_-1
2024-04-13T15:00:00Z,2024-04-13T14:00:00Z,2024-04-13,10,train,141,349.2,194.4,154.8,76,6.6,71.8,27.34,0.22,0.7071067812,-0.7071067812,0.9805753941,-0.1961425414,-1,flagged,False,generation_quality_flag_-1
2024-04-13T16:00:00Z,2024-04-13T15:00:00Z,2024-04-13,11,train,164,459.4,264.8,194.6,72,7.24,69.8,26.7,0.18,0.5,-0.8660254038,0.9805753941,-0.1961425414,-1,flagged,False,generation_quality_flag_-1
2024-04-13T17:00:00Z,2024-04-13T16:00:00Z,2024-04-13,12,train,194,564,353.4,210.6,65.4,8.24,64.6,26.26,0.14,0.2588190451,-0.9659258263,0.9805753941,-0.1961425414,-1,flagged,False,generation_quality_flag_-1
2024-04-13T18:00:00Z,2024-04-13T17:00:00Z,2024-04-13,13,train,235,590.8,383.4,207.4,59,9.14,61.4,26.66,0.1,1.224646799e-16,-1,0.9805753941,-0.1961425414,-1,flagged,False,generation_quality_flag_-1
2024-04-13T19:00:00Z,2024-04-13T18:00:00Z,2024-04-13,14,train,239,549.6,358.8,190.8,53,9.9,58.2,26.24,0.08,-0.2588190451,-0.9659258263,0.9805753941,-0.1961425414,-1,flagged,False,generation_quality_flag_-1
2024-04-13T20:00:00Z,2024-04-13T19:00:00Z,2024-04-13,15,train,276,509,362.2,146.8,40.8,10.54,55.2,25.54,0.06,-0.5,-0.8660254038,0.9805753941,-0.1961425414,-1,flagged,False,generation_quality_flag_-1
2024-04-13T21:00:00Z,2024-04-13T20:00:00Z,2024-04-13,16,train,260,453,333,120,40,10.94,53.4,24.58,0.02,-0.7071067812,-0.7071067812,0.9805753941,-0.1961425414,-1,flagged,False,generation_quality_flag_-1
2024-04-13T22:00:00Z,2024-04-13T21:00:00Z,2024-04-13,17,train,174,328.8,229.6,99.2,39.8,10.98,51.4,21.52,0.02,-0.8660254038,-0.5,0.9805753941,-0.1961425414,-1,flagged,False,generation_quality_flag_-1
2024-04-13T23:00:00Z,2024-04-13T22:00:00Z,2024-04-13,18,train,79,181.4,117,64.4,38.6,10.72,52.2,17.34,0.02,-0.9659258263,-0.2588190451,0.9805753941,-0.1961425414,-1,flagged,False,generation_quality_flag_-1
2024-04-14T00:00:00Z,2024-04-13T23:00:00Z,2024-04-13,19,train,12,45.8,26.2,19.6,39.6,9.6,56.6,15.3,0,-1,-1.836970199e-16,0.9805753941,-0.1961425414,-1,flagged,False,generation_quality_flag_-1
2024-04-14T01:00:00Z,2024-04-14T00:00:00Z,2024-04-13,20,train,0,0.2,0,0.2,32.4,8.36,61.8,15.02,0,-0.9659258263,0.2588190451,0.9805753941,-0.1961425414,-1,flagged,False,generation_quality_flag_-1
2024-04-14T02:00:00Z,2024-04-14T01:00:00Z,2024-04-13,21,train,0,0,0,0,34.8,7.64,64.6,14.2,0,-0.8660254038,0.5,0.9805753941,-0.1961425414,-1,flagged,False,generation_quality_flag_-1
2024-04-14T03:00:00Z,2024-04-14T02:00:00Z,2024-04-13,22,train,0,0,0,0,44,7.14,66.4,13.26,0,-0.7071067812,0.7071067812,0.9805753941,-0.1961425414,-1,flagged,False,generation_quality_flag_-1
2024-04-14T04:00:00Z,2024-04-14T03:00:00Z,2024-04-13,23,train,0,0,0,0,42.4,6.74,68.2,12.8,0,-0.5,0.8660254038,0.9805753941,-0.1961425414,-1,flagged,False,generation_quality_flag_-1
2024-04-14T05:00:00Z,2024-04-14T04:00:00Z,2024-04-13,24,train,0,0,0,0,44.4,6.42,72.4,12.3,0.04,-0.2588190451,0.9659258263,0.9805753941,-0.1961425414,-1,flagged,False,generation_quality_flag_-1
2024-04-14T06:00:00Z,2024-04-14T05:00:00Z,2024-04-14,1,train,0,0,0,0,63,6.22,74.4,10.82,0,0,1,0.9770638565,-0.2129465199,-1,flagged,False,generation_quality_flag_-1
2024-06-30T12:00:00Z,2024-06-30T11:00:00Z,2024-06-30,7,train,38,143.6,63.8,79.8,47.2,18.94,81,19.08,0.12,1,6.123233996e-17,0.03432760051,-0.9994106342,-1,flagged,False,generation_quality_flag_-1
2024-08-18T16:00:00Z,2024-08-18T15:00:00Z,2024-08-18,11,train,217,340,143.6,196.4,86.4,23.22,83.4,12.74,0.16,0.5,-0.8660254038,-0.7221165966,-0.6917713646,-1,flagged,False,generation_quality_flag_-1
2024-09-21T21:00:00Z,2024-09-21T20:00:00Z,2024-09-21,16,train,178,353,252.8,100.2,35,25.54,57.8,8.28,0,-0.7071067812,-0.7071067812,-0.9837979516,-0.1792807588,-1,flagged,False,generation_quality_flag_-1
2024-09-21T22:00:00Z,2024-09-21T21:00:00Z,2024-09-21,17,train,99,218,144.8,73.2,32.2,24.38,62.6,8.2,0,-0.8660254038,-0.5,-0.9837979516,-0.1792807588,-1,flagged,False,generation_quality_flag_-1
2024-11-12T14:00:00Z,2024-11-12T13:00:00Z,2024-11-12,9,train,143,152.6,96.6,56,35.2,3.42,69.2,20.52,0,0.8660254038,-0.5,-0.7567706633,0.6536804748,-1,flagged,False,generation_quality_flag_-1
2024-11-12T15:00:00Z,2024-11-12T14:00:00Z,2024-11-12,10,train,261,303,235.2,67.8,31.2,4.56,64.6,20.24,0,0.7071067812,-0.7071067812,-0.7567706633,0.6536804748,-1,flagged,False,generation_quality_flag_-1
2024-11-12T16:00:00Z,2024-11-12T15:00:00Z,2024-11-12,11,train,315,410.8,334.6,76.2,34.2,5.82,58.2,19.58,0,0.5,-0.8660254038,-0.7567706633,0.6536804748,-1,flagged,False,generation_quality_flag_-1
2024-11-12T17:00:00Z,2024-11-12T16:00:00Z,2024-11-12,12,train,331,462.6,369,93.6,25.4,6.2,56,18.58,0,0.2588190451,-0.9659258263,-0.7567706633,0.6536804748,-1,flagged,False,generation_quality_flag_-1
2024-11-12T18:00:00Z,2024-11-12T17:00:00Z,2024-11-12,13,train,335,447.6,344.4,103.2,27.6,6.58,54,17.76,0,1.224646799e-16,-1,-0.7567706633,0.6536804748,-1,flagged,False,generation_quality_flag_-1
2024-11-12T19:00:00Z,2024-11-12T18:00:00Z,2024-11-12,14,train,314,379.4,268.2,111.2,33,6.74,51.8,17.1,0,-0.2588190451,-0.9659258263,-0.7567706633,0.6536804748,-1,flagged,False,generation_quality_flag_-1
2024-11-12T20:00:00Z,2024-11-12T19:00:00Z,2024-11-12,15,train,245,292.2,206.6,85.6,24,6.66,51,16.52,0,-0.5,-0.8660254038,-0.7567706633,0.6536804748,-1,flagged,False,generation_quality_flag_-1
2024-11-12T21:00:00Z,2024-11-12T20:00:00Z,2024-11-12,16,train,132,164.4,109.4,55,19,6.2,52,15.48,0,-0.7071067812,-0.7071067812,-0.7567706633,0.6536804748,-1,flagged,False,generation_quality_flag_-1
2024-11-12T22:00:00Z,2024-11-12T21:00:00Z,2024-11-12,17,train,21,39.4,23.2,16.2,3.4,4.46,59.8,10.1,0,-0.8660254038,-0.5,-0.7567706633,0.6536804748,-1,flagged,False,generation_quality_flag_-1
2024-11-12T23:00:00Z,2024-11-12T22:00:00Z,2024-11-12,18,train,0,0.2,0,0.2,0,3.36,64.8,10.28,0,-0.9659258263,-0.2588190451,-0.7567706633,0.6536804748,-1,flagged,False,generation_quality_flag_-1
2024-11-13T00:00:00Z,2024-11-12T23:00:00Z,2024-11-12,19,train,0,0,0,0,0,2.66,68.8,11.36,0,-1,-1.836970199e-16,-0.7567706633,0.6536804748,-1,flagged,False,generation_quality_flag_-1
2024-11-13T01:00:00Z,2024-11-13T00:00:00Z,2024-11-12,20,train,0,0,0,0,0,1.96,71.6,12.02,0,-0.9659258263,0.2588190451,-0.7567706633,0.6536804748,-1,flagged,False,generation_quality_flag_-1
2024-11-13T02:00:00Z,2024-11-13T01:00:00Z,2024-11-12,21,train,0,0,0,0,0,1.26,75.8,12.12,0,-0.8660254038,0.5,-0.7567706633,0.6536804748,-1,flagged,False,generation_quality_flag_-1
2024-11-13T03:00:00Z,2024-11-13T02:00:00Z,2024-11-12,22,train,0,0,0,0,0,0.8,77.6,12.26,0,-0.7071067812,0.7071067812,-0.7567706633,0.6536804748,-1,flagged,False,generation_quality_flag_-1
2024-11-13T04:00:00Z,2024-11-13T03:00:00Z,2024-11-12,23,train,0,0,0,0,0,0.54,78.8,12.16,0,-0.5,0.8660254038,-0.7567706633,0.6536804748,-1,flagged,False,generation_quality_flag_-1
2024-11-13T05:00:00Z,2024-11-13T04:00:00Z,2024-11-12,24,train,0,0,0,0,0,0.08,81,11.8,0,-0.2588190451,0.9659258263,-0.7567706633,0.6536804748,-1,flagged,False,generation_quality_flag_-1
2024-11-13T06:00:00Z,2024-11-13T05:00:00Z,2024-11-13,1,train,0,0,0,0,1,-0.04,82,11.74,0,0,1,-0.7454378569,0.6665751282,-1,flagged,False,generation_quality_flag_-1
2024-11-13T07:00:00Z,2024-11-13T06:00:00Z,2024-11-13,2,train,0,0,0,0,2.4,-0.36,84,11.82,0,0.2588190451,0.9659258263,-0.7454378569,0.6665751282,-1,flagged,False,generation_quality_flag_-1
2024-11-13T08:00:00Z,2024-11-13T07:00:00Z,2024-11-13,3,train,0,0,0,0,6,-0.54,85.4,11.96,0,0.5,0.8660254038,-0.7454378569,0.6665751282,-1,flagged,False,generation_quality_flag_-1
2024-11-13T09:00:00Z,2024-11-13T08:00:00Z,2024-11-13,4,train,0,0,0,0,12.6,-0.52,85.8,12.28,0,0.7071067812,0.7071067812,-0.7454378569,0.6665751282,-1,flagged,False,generation_quality_flag_-1
2024-11-13T10:00:00Z,2024-11-13T09:00:00Z,2024-11-13,5,train,0,0,0,0,35.8,-0.64,85.6,12.96,0,0.8660254038,0.5,-0.7454378569,0.6665751282,-1,flagged,False,generation_quality_flag_-1
2024-11-13T11:00:00Z,2024-11-13T10:00:00Z,2024-11-13,6,train,0,0,0,0,42.2,-0.56,85.8,13.24,0,0.9659258263,0.2588190451,-0.7454378569,0.6665751282,-1,flagged,False,generation_quality_flag_-1
2024-11-13T12:00:00Z,2024-11-13T11:00:00Z,2024-11-13,7,train,0,0,0,0,48.8,-0.34,85.8,13.64,0,1,6.123233996e-17,-0.7454378569,0.6665751282,-1,flagged,False,generation_quality_flag_-1
2024-11-13T13:00:00Z,2024-11-13T12:00:00Z,2024-11-13,8,train,17,30.6,16.2,14.4,63.8,0.56,83.6,14.16,0,0.9659258263,-0.2588190451,-0.7454378569,0.6665751282,-1,flagged,False,generation_quality_flag_-1
2024-11-13T14:00:00Z,2024-11-13T13:00:00Z,2024-11-13,9,train,116,155.4,98.8,56.6,62.8,2.56,76.2,15.26,0,0.8660254038,-0.5,-0.7454378569,0.6665751282,-1,flagged,False,generation_quality_flag_-1
2024-11-13T15:00:00Z,2024-11-13T14:00:00Z,2024-11-13,10,train,227,295.6,215.4,80.2,63.4,3.96,69.4,16.64,0,0.7071067812,-0.7071067812,-0.7454378569,0.6665751282,-1,flagged,False,generation_quality_flag_-1
2024-11-13T16:00:00Z,2024-11-13T15:00:00Z,2024-11-13,11,train,291,398.8,304.4,94.4,43.2,5.3,63,16.88,0,0.5,-0.8660254038,-0.7454378569,0.6665751282,-1,flagged,False,generation_quality_flag_-1
2024-11-13T17:00:00Z,2024-11-13T16:00:00Z,2024-11-13,12,train,328,452,350.8,101.2,43.6,5.9,59.6,16.96,0,0.2588190451,-0.9659258263,-0.7454378569,0.6665751282,-1,flagged,False,generation_quality_flag_-1
2024-11-13T18:00:00Z,2024-11-13T17:00:00Z,2024-11-13,13,train,331,450.8,339.4,111.4,58.2,6.52,56.8,17.18,0,1.224646799e-16,-1,-0.7454378569,0.6665751282,-1,flagged,False,generation_quality_flag_-1
2024-11-13T19:00:00Z,2024-11-13T18:00:00Z,2024-11-13,14,train,311,367.4,239,128.4,53.8,6.8,54.6,17.6,0,-0.2588190451,-0.9659258263,-0.7454378569,0.6665751282,-1,flagged,False,generation_quality_flag_-1
2024-11-13T20:00:00Z,2024-11-13T19:00:00Z,2024-11-13,15,train,193,273.4,168,105.4,43.8,6.78,54,17.8,0,-0.5,-0.8660254038,-0.7454378569,0.6665751282,-1,flagged,False,generation_quality_flag_-1
2024-11-13T21:00:00Z,2024-11-13T20:00:00Z,2024-11-13,16,train,81,144,73.4,70.6,55.6,6.44,54.8,16.98,0,-0.7071067812,-0.7071067812,-0.7454378569,0.6665751282,-1,flagged,False,generation_quality_flag_-1
2024-11-13T22:00:00Z,2024-11-13T21:00:00Z,2024-11-13,17,train,11,28.6,7.6,21,59.8,5.2,61.6,16.92,0,-0.8660254038,-0.5,-0.7454378569,0.6665751282,-1,flagged,False,generation_quality_flag_-1
2024-11-13T23:00:00Z,2024-11-13T22:00:00Z,2024-11-13,18,train,0,0,0,0,59.8,4.72,64,18.32,0,-0.9659258263,-0.2588190451,-0.7454378569,0.6665751282,-1,flagged,False,generation_quality_flag_-1
2024-11-14T00:00:00Z,2024-11-13T23:00:00Z,2024-11-13,19,train,0,0,0,0,60,4.66,65.2,18.96,0,-1,-1.836970199e-16,-0.7454378569,0.6665751282,-1,flagged,False,generation_quality_flag_-1
2024-11-14T01:00:00Z,2024-11-14T00:00:00Z,2024-11-13,20,train,0,0,0,0,60,4.58,65.8,19.24,0,-0.9659258263,0.2588190451,-0.7454378569,0.6665751282,-1,flagged,False,generation_quality_flag_-1
2024-11-14T02:00:00Z,2024-11-14T01:00:00Z,2024-11-13,21,train,0,0,0,0,60,4.5,66.4,19,0,-0.8660254038,0.5,-0.7454378569,0.6665751282,-1,flagged,False,generation_quality_flag_-1
2024-11-14T03:00:00Z,2024-11-14T02:00:00Z,2024-11-13,22,train,0,0,0,0,60.6,4.46,66.6,19.3,0,-0.7071067812,0.7071067812,-0.7454378569,0.6665751282,-1,flagged,False,generation_quality_flag_-1
2024-11-14T04:00:00Z,2024-11-14T03:00:00Z,2024-11-13,23,train,0,0,0,0,87,4.26,68.2,19,0,-0.5,0.8660254038,-0.7454378569,0.6665751282,-1,flagged,False,generation_quality_flag_-1
2024-11-14T05:00:00Z,2024-11-14T04:00:00Z,2024-11-13,24,train,0,0,0,0,94.8,3.98,69.4,18.08,0,-0.2588190451,0.9659258263,-0.7454378569,0.6665751282,-1,flagged,False,generation_quality_flag_-1
2024-11-14T06:00:00Z,2024-11-14T05:00:00Z,2024-11-14,1,train,0,0,0,0,80.6,3.98,69.2,18.08,0,0,1,-0.7338853664,0.6792733389,-1,flagged,False,generation_quality_flag_-1
2024-11-14T07:00:00Z,2024-11-14T06:00:00Z,2024-11-14,2,train,0,0,0,0,80,3.9,67.8,17.06,0,0.2588190451,0.9659258263,-0.7338853664,0.6792733389,-1,flagged,False,generation_quality_flag_-1
2024-11-14T08:00:00Z,2024-11-14T07:00:00Z,2024-11-14,3,train,0,0,0,0,100,3.88,67,17.16,0.04,0.5,0.8660254038,-0.7338853664,0.6792733389,-1,flagged,False,generation_quality_flag_-1
2024-11-14T09:00:00Z,2024-11-14T08:00:00Z,2024-11-14,4,train,0,0,0,0,100,3.94,67.2,17.66,0.14,0.7071067812,0.7071067812,-0.7338853664,0.6792733389,-1,flagged,False,generation_quality_flag_-1
2024-11-14T10:00:00Z,2024-11-14T09:00:00Z,2024-11-14,5,train,0,0,0,0,100,3.78,68.2,17.98,0.2,0.8660254038,0.5,-0.7338853664,0.6792733389,-1,flagged,False,generation_quality_flag_-1
2024-11-14T11:00:00Z,2024-11-14T10:00:00Z,2024-11-14,6,train,0,0,0,0,100,3.94,67.2,18.98,0.24,0.9659258263,0.2588190451,-0.7338853664,0.6792733389,-1,flagged,False,generation_quality_flag_-1
2024-11-14T12:00:00Z,2024-11-14T11:00:00Z,2024-11-14,7,train,0,0,0,0,100,4,67,19.56,0.24,1,6.123233996e-17,-0.7338853664,0.6792733389,-1,flagged,False,generation_quality_flag_-1
2024-11-14T13:00:00Z,2024-11-14T12:00:00Z,2024-11-14,8,train,3,13.6,1,12.6,100,3.98,68.8,19.3,0.36,0.9659258263,-0.2588190451,-0.7338853664,0.6792733389,-1,flagged,False,generation_quality_flag_-1
2024-11-14T14:00:00Z,2024-11-14T13:00:00Z,2024-11-14,9,train,25,61,6.2,54.8,100,4.36,68.8,18.72,0.54,0.8660254038,-0.5,-0.7338853664,0.6792733389,-1,flagged,False,generation_quality_flag_-1
2024-11-14T15:00:00Z,2024-11-14T14:00:00Z,2024-11-14,10,train,75,117.4,24.6,92.8,100,5.24,67.4,18.54,0.72,0.7071067812,-0.7071067812,-0.7338853664,0.6792733389,-1,flagged,False,generation_quality_flag_-1
2024-11-14T16:00:00Z,2024-11-14T15:00:00Z,2024-11-14,11,train,107,168.6,45.6,123,100,5.88,65.2,18.1,0.66,0.5,-0.8660254038,-0.7338853664,0.6792733389,-1,flagged,False,generation_quality_flag_-1
2024-11-14T17:00:00Z,2024-11-14T16:00:00Z,2024-11-14,12,train,84,173.4,36.4,137,100,6.08,65.2,16.76,0.54,0.2588190451,-0.9659258263,-0.7338853664,0.6792733389,-1,flagged,False,generation_quality_flag_-1
2024-11-14T18:00:00Z,2024-11-14T17:00:00Z,2024-11-14,13,train,61,156,20.2,135.8,100,6.42,65.2,16.08,0.46,1.224646799e-16,-1,-0.7338853664,0.6792733389,-1,flagged,False,generation_quality_flag_-1
2024-11-14T19:00:00Z,2024-11-14T18:00:00Z,2024-11-14,14,train,40,152.6,36.4,116.2,100,6.44,65.6,15.66,0.32,-0.2588190451,-0.9659258263,-0.7338853664,0.6792733389,-1,flagged,False,generation_quality_flag_-1
2024-11-14T20:00:00Z,2024-11-14T19:00:00Z,2024-11-14,15,train,32,79.4,2.2,77.2,100,6.52,67.6,14.5,0.36,-0.5,-0.8660254038,-0.7338853664,0.6792733389,-1,flagged,False,generation_quality_flag_-1
2024-11-14T21:00:00Z,2024-11-14T20:00:00Z,2024-11-14,16,train,18,38.4,1.4,37,99.8,6.58,67.4,13.94,0.14,-0.7071067812,-0.7071067812,-0.7338853664,0.6792733389,-1,flagged,False,generation_quality_flag_-1
2024-11-14T22:00:00Z,2024-11-14T21:00:00Z,2024-11-14,17,train,0,6.6,0,6.6,100,6.6,68.2,12.94,0.14,-0.8660254038,-0.5,-0.7338853664,0.6792733389,-1,flagged,False,generation_quality_flag_-1
2024-11-14T23:00:00Z,2024-11-14T22:00:00Z,2024-11-14,18,train,0,0,0,0,100,6.44,71,12.3,0.22,-0.9659258263,-0.2588190451,-0.7338853664,0.6792733389,-1,flagged,False,generation_quality_flag_-1
2024-11-15T00:00:00Z,2024-11-14T23:00:00Z,2024-11-14,19,train,0,0,0,0,100,6.3,73.2,11.5,0.32,-1,-1.836970199e-16,-0.7338853664,0.6792733389,-1,flagged,False,generation_quality_flag_-1
2024-11-15T01:00:00Z,2024-11-15T00:00:00Z,2024-11-14,20,train,0,0,0,0,100,6.1,76.2,10.62,0.28,-0.9659258263,0.2588190451,-0.7338853664,0.6792733389,-1,flagged,False,generation_quality_flag_-1
2024-11-15T02:00:00Z,2024-11-15T01:00:00Z,2024-11-14,21,train,0,0,0,0,100,5.84,78,9.86,0.24,-0.8660254038,0.5,-0.7338853664,0.6792733389,-1,flagged,False,generation_quality_flag_-1
2024-11-15T03:00:00Z,2024-11-15T02:00:00Z,2024-11-14,22,train,0,0,0,0,100,5.7,78.4,10,0.18,-0.7071067812,0.7071067812,-0.7338853664,0.6792733389,-1,flagged,False,generation_quality_flag_-1
2024-11-15T04:00:00Z,2024-11-15T03:00:00Z,2024-11-14,23,train,0,0,0,0,100,5.5,79.2,10.44,0.12,-0.5,0.8660254038,-0.7338853664,0.6792733389,-1,flagged,False,generation_quality_flag_-1
2024-11-15T05:00:00Z,2024-11-15T04:00:00Z,2024-11-14,24,train,0,0,0,0,100,5.28,80.6,11.26,0.06,-0.2588190451,0.9659258263,-0.7338853664,0.6792733389,-1,flagged,False,generation_quality_flag_-1
2024-11-15T06:00:00Z,2024-11-15T05:00:00Z,2024-11-15,1,train,0,0,0,0,100,5.22,80.2,11.1,0.02,0,1,-0.7221165966,0.6917713646,-1,flagged,False,generation_quality_flag_-1
2024-11-15T07:00:00Z,2024-11-15T06:00:00Z,2024-11-15,2,train,0,0,0,0,98.6,5,82,10.26,0,0.2588190451,0.9659258263,-0.7221165966,0.6917713646,-1,flagged,False,generation_quality_flag_-1
2024-11-15T08:00:00Z,2024-11-15T07:00:00Z,2024-11-15,3,train,0,0,0,0,88.6,4.74,83,9.6,0,0.5,0.8660254038,-0.7221165966,0.6917713646,-1,flagged,False,generation_quality_flag_-1
2024-11-15T09:00:00Z,2024-11-15T08:00:00Z,2024-11-15,4,train,0,0,0,0,82,4.74,83.8,9.84,0,0.7071067812,0.7071067812,-0.7221165966,0.6917713646,-1,flagged,False,generation_quality_flag_-1
2024-11-15T10:00:00Z,2024-11-15T09:00:00Z,2024-11-15,5,train,0,0,0,0,86.6,4.32,83.8,9.4,0,0.8660254038,0.5,-0.7221165966,0.6917713646,-1,flagged,False,generation_quality_flag_-1
2024-11-15T11:00:00Z,2024-11-15T10:00:00Z,2024-11-15,6,train,0,0,0,0,85.4,4.1,85,9.06,0,0.9659258263,0.2588190451,-0.7221165966,0.6917713646,-1,flagged,False,generation_quality_flag_-1
2024-11-15T12:00:00Z,2024-11-15T11:00:00Z,2024-11-15,7,train,0,0,0,0,85,4.02,85.2,8.84,0,1,6.123233996e-17,-0.7221165966,0.6917713646,-1,flagged,False,generation_quality_flag_-1
2024-11-15T13:00:00Z,2024-11-15T12:00:00Z,2024-11-15,8,train,7,18.2,6.2,12,91.4,4.42,84,9.04,0,0.9659258263,-0.2588190451,-0.7221165966,0.6917713646,-1,flagged,False,generation_quality_flag_-1
2024-11-15T14:00:00Z,2024-11-15T13:00:00Z,2024-11-15,9,train,34,90.2,36.4,53.8,95,5.18,81.2,9.46,0,0.8660254038,-0.5,-0.7221165966,0.6917713646,-1,flagged,False,generation_quality_flag_-1
2024-11-15T15:00:00Z,2024-11-15T14:00:00Z,2024-11-15,10,train,119,145.4,64,81.4,97,6.28,75.2,9.72,0,0.7071067812,-0.7071067812,-0.7221165966,0.6917713646,-1,flagged,False,generation_quality_flag_-1
2024-11-15T16:00:00Z,2024-11-15T15:00:00Z,2024-11-15,11,train,171,189.2,91.6,97.6,97.8,7.58,70,8.9,0,0.5,-0.8660254038,-0.7221165966,0.6917713646,-1,flagged,False,generation_quality_flag_-1
2025-03-19T16:00:00Z,2025-03-19T15:00:00Z,2025-03-19,11,train,344,559.8,346.2,213.6,71.6,14.1,43,17.16,0,0.5,-0.8660254038,0.9700639219,0.2428497221,-1,flagged,False,generation_quality_flag_-1
2025-03-19T17:00:00Z,2025-03-19T16:00:00Z,2025-03-19,12,train,364,668.2,468,200.2,57.8,15.84,40.8,17.9,0,0.2588190451,-0.9659258263,0.9700639219,0.2428497221,-1,flagged,False,generation_quality_flag_-1
2025-03-19T18:00:00Z,2025-03-19T17:00:00Z,2025-03-19,13,train,353,714.4,554,160.4,36.8,17.1,39.2,18.04,0,1.224646799e-16,-1,0.9700639219,0.2428497221,-1,flagged,False,generation_quality_flag_-1
2025-03-19T19:00:00Z,2025-03-19T18:00:00Z,2025-03-19,14,train,328,697,569.6,127.4,39.2,17.74,38.6,18.34,0,-0.2588190451,-0.9659258263,0.9700639219,0.2428497221,-1,flagged,False,generation_quality_flag_-1
2025-03-19T20:00:00Z,2025-03-19T19:00:00Z,2025-03-19,15,train,246,604.2,482.6,121.6,51,18.16,38,18.94,0,-0.5,-0.8660254038,0.9700639219,0.2428497221,-1,flagged,False,generation_quality_flag_-1
2025-03-19T21:00:00Z,2025-03-19T20:00:00Z,2025-03-19,16,train,171,454.2,332,122.2,53.2,18.3,36.8,17.72,0,-0.7071067812,-0.7071067812,0.9700639219,0.2428497221,-1,flagged,False,generation_quality_flag_-1
2025-03-19T22:00:00Z,2025-03-19T21:00:00Z,2025-03-19,17,train,146,278.6,185.4,93.2,59,17.28,40,15.58,0,-0.8660254038,-0.5,0.9700639219,0.2428497221,-1,flagged,False,generation_quality_flag_-1
2025-03-19T23:00:00Z,2025-03-19T22:00:00Z,2025-03-19,18,train,54,106.2,57.4,48.8,52.8,15.34,44.8,14.06,0,-0.9659258263,-0.2588190451,0.9700639219,0.2428497221,-1,flagged,False,generation_quality_flag_-1
2025-03-20T00:00:00Z,2025-03-19T23:00:00Z,2025-03-19,19,train,2,7.2,2,5.2,57,13.46,50.6,15.24,0.02,-1,-1.836970199e-16,0.9700639219,0.2428497221,-1,flagged,False,generation_quality_flag_-1
2025-04-08T21:00:00Z,2025-04-08T20:00:00Z,2025-04-08,16,train,119,427.6,223.2,204.4,88.8,-0.46,51.4,23.18,0,-0.7071067812,-0.7071067812,0.9951053111,-0.09882013873,-4,flagged,False,generation_quality_flag_-4
2025-04-16T10:00:00Z,2025-04-16T09:00:00Z,2025-04-16,5,train,0,0,0,0,91,1.2,72.2,18.7,0,0.8660254038,0.5,0.9721181966,-0.2344913896,-1,flagged,False,generation_quality_flag_-1
2025-04-16T11:00:00Z,2025-04-16T10:00:00Z,2025-04-16,6,train,0,6.8,2.2,4.6,91,1.18,71.2,19.56,0,0.9659258263,0.2588190451,0.9721181966,-0.2344913896,-1,flagged,False,generation_quality_flag_-1
2025-04-16T12:00:00Z,2025-04-16T11:00:00Z,2025-04-16,7,train,14,65,17,48,88,1.42,70.4,24.32,0.02,1,6.123233996e-17,0.9721181966,-0.2344913896,-1,flagged,False,generation_quality_flag_-1
2025-08-05T07:00:00Z,2025-08-05T06:00:00Z,2025-08-05,2,val,0,0,0,0,96.4,17.74,81,10.64,0,0.2588190451,0.9659258263,-0.5452404385,-0.8382797052,-1,flagged,False,generation_quality_flag_-1
2025-08-05T08:00:00Z,2025-08-05T07:00:00Z,2025-08-05,3,val,0,0,0,0,97.8,17.32,83.6,10.8,0,0.5,0.8660254038,-0.5452404385,-0.8382797052,-1,flagged,False,generation_quality_flag_-1
2025-08-05T09:00:00Z,2025-08-05T08:00:00Z,2025-08-05,4,val,0,0,0,0,95.6,17.16,84.6,11.18,0,0.7071067812,0.7071067812,-0.5452404385,-0.8382797052,-1,flagged,False,generation_quality_flag_-1
2025-08-05T10:00:00Z,2025-08-05T09:00:00Z,2025-08-05,5,val,0,0,0,0,95,17.4,85.6,11.4,0,0.8660254038,0.5,-0.5452404385,-0.8382797052,-1,flagged,False,generation_quality_flag_-1
2025-08-05T11:00:00Z,2025-08-05T10:00:00Z,2025-08-05,6,val,0,20.4,2.2,18.2,81.4,17.7,84.4,12.14,0,0.9659258263,0.2588190451,-0.5452404385,-0.8382797052,-1,flagged,False,generation_quality_flag_-1
2025-08-05T12:00:00Z,2025-08-05T11:00:00Z,2025-08-05,7,val,31,113.8,37.6,76.2,70.4,18.86,81.6,12.88,0,1,6.123233996e-17,-0.5452404385,-0.8382797052,-1,flagged,False,generation_quality_flag_-1
2025-09-04T14:00:00Z,2025-09-04T13:00:00Z,2025-09-04,9,test,94,254.8,154.6,100.2,92,16.12,78,18.12,0.86,0.8660254038,-0.5,-0.8880573226,-0.4597327395,-1,flagged,False,generation_quality_flag_-1
2025-09-04T15:00:00Z,2025-09-04T14:00:00Z,2025-09-04,10,test,109,353.6,223.4,130.2,97,16.46,74.6,17.3,0.94,0.7071067812,-0.7071067812,-0.8880573226,-0.4597327395,-1,flagged,False,generation_quality_flag_-1
2025-09-04T16:00:00Z,2025-09-04T15:00:00Z,2025-09-04,11,test,133,459.8,320.8,139,94.6,17.16,70.8,15.5,0.36,0.5,-0.8660254038,-0.8880573226,-0.4597327395,-1,flagged,False,generation_quality_flag_-1
2025-09-04T17:00:00Z,2025-09-04T16:00:00Z,2025-09-04,12,test,135,516.2,348.8,167.4,82,18.64,64.2,14.82,0.12,0.2588190451,-0.9659258263,-0.8880573226,-0.4597327395,-1,flagged,False,generation_quality_flag_-1
2025-09-04T18:00:00Z,2025-09-04T17:00:00Z,2025-09-04,13,test,176,608.6,427.2,181.4,74.2,19.04,62.2,14.16,0.22,1.224646799e-16,-1,-0.8880573226,-0.4597327395,-1,flagged,False,generation_quality_flag_-1
2025-09-04T19:00:00Z,2025-09-04T18:00:00Z,2025-09-04,14,test,171,448.4,256.6,191.8,76.6,17.98,68,14.8,1.26,-0.2588190451,-0.9659258263,-0.8880573226,-0.4597327395,-1,flagged,False,generation_quality_flag_-1
2025-09-04T20:00:00Z,2025-09-04T19:00:00Z,2025-09-04,15,test,133,335,187,148,71.4,18.16,66.6,14.06,0.88,-0.5,-0.8660254038,-0.8880573226,-0.4597327395,-1,flagged,False,generation_quality_flag_-1
2025-09-05T12:00:00Z,2025-09-05T11:00:00Z,2025-09-05,7,test,21,73.4,44,29.4,56.8,13.86,86.2,19.26,0,1,6.123233996e-17,-0.8958392907,-0.4443781781,-1,flagged,False,generation_quality_flag_-1
2025-09-05T13:00:00Z,2025-09-05T12:00:00Z,2025-09-05,8,test,72,210,143.4,66.6,59.8,15.38,80.2,20.74,0.1,0.9659258263,-0.2588190451,-0.8958392907,-0.4443781781,-1,flagged,False,generation_quality_flag_-1
2025-09-05T14:00:00Z,2025-09-05T13:00:00Z,2025-09-05,9,test,122,301,191.2,109.8,50.2,17.32,73.8,23.18,0.08,0.8660254038,-0.5,-0.8958392907,-0.4443781781,-1,flagged,False,generation_quality_flag_-1
2025-09-05T15:00:00Z,2025-09-05T14:00:00Z,2025-09-05,10,test,213,403.8,277.8,126,33.6,18.48,67.2,25.6,0,0.7071067812,-0.7071067812,-0.8958392907,-0.4443781781,-1,flagged,False,generation_quality_flag_-1
2025-09-05T16:00:00Z,2025-09-05T15:00:00Z,2025-09-05,11,test,306,491.4,343.2,148.2,24.4,19.52,61.6,26.8,0,0.5,-0.8660254038,-0.8958392907,-0.4443781781,-1,flagged,False,generation_quality_flag_-1
2025-09-05T17:00:00Z,2025-09-05T16:00:00Z,2025-09-05,12,test,284,543.8,392.4,151.4,24,20.9,56,28.52,0,0.2588190451,-0.9659258263,-0.8958392907,-0.4443781781,-1,flagged,False,generation_quality_flag_-1
2025-09-05T18:00:00Z,2025-09-05T17:00:00Z,2025-09-05,13,test,264,621,453,168,51,21.66,52.8,31.04,0.02,1.224646799e-16,-1,-0.8958392907,-0.4443781781,-1,flagged,False,generation_quality_flag_-1
2025-09-05T19:00:00Z,2025-09-05T18:00:00Z,2025-09-05,14,test,265,528.2,359.8,168.4,38,22.06,51.4,27.66,0.04,-0.2588190451,-0.9659258263,-0.8958392907,-0.4443781781,-1,flagged,False,generation_quality_flag_-1
2025-09-05T20:00:00Z,2025-09-05T19:00:00Z,2025-09-05,15,test,243,531,383.6,147.4,48,22.3,50.2,27.28,0,-0.5,-0.8660254038,-0.8958392907,-0.4443781781,-1,flagged,False,generation_quality_flag_-1
2025-09-05T21:00:00Z,2025-09-05T20:00:00Z,2025-09-05,16,test,213,401.2,287.2,114,56.8,21.92,51.4,24.1,0,-0.7071067812,-0.7071067812,-0.8958392907,-0.4443781781,-1,flagged,False,generation_quality_flag_-1
2025-09-05T22:00:00Z,2025-09-05T21:00:00Z,2025-09-05,17,test,172,264,179,85,59,20.8,55,22.54,0.06,-0.8660254038,-0.5,-0.8958392907,-0.4443781781,-1,flagged,False,generation_quality_flag_-1
2025-09-05T23:00:00Z,2025-09-05T22:00:00Z,2025-09-05,18,test,124,138,90.4,47.6,55.8,19.98,56,21.2,0,-0.9659258263,-0.2588190451,-0.8958392907,-0.4443781781,-1,flagged,False,generation_quality_flag_-1
2025-09-06T00:00:00Z,2025-09-05T23:00:00Z,2025-09-05,19,test,19,23,12.2,10.8,28.2,18.76,58.8,19.6,0,-1,-1.836970199e-16,-0.8958392907,-0.4443781781,-1,flagged,False,generation_quality_flag_-1
2025-09-06T01:00:00Z,2025-09-06T00:00:00Z,2025-09-05,20,test,2,0,0,0,19.2,17.56,63,17.2,0.02,-0.9659258263,0.2588190451,-0.8958392907,-0.4443781781,-1,flagged,False,generation_quality_flag_-1
2025-09-06T02:00:00Z,2025-09-06T01:00:00Z,2025-09-05,21,test,0,0,0,0,40,16.24,67,14.6,0,-0.8660254038,0.5,-0.8958392907,-0.4443781781,-1,flagged,False,generation_quality_flag_-1
2025-09-06T03:00:00Z,2025-09-06T02:00:00Z,2025-09-05,22,test,0,0,0,0,61.4,15.12,70.4,13.28,0,-0.7071067812,0.7071067812,-0.8958392907,-0.4443781781,-1,flagged,False,generation_quality_flag_-1
2025-09-06T04:00:00Z,2025-09-06T03:00:00Z,2025-09-05,23,test,0,0,0,0,64.4,13.98,72,12.34,0,-0.5,0.8660254038,-0.8958392907,-0.4443781781,-1,flagged,False,generation_quality_flag_-1
2025-09-06T05:00:00Z,2025-09-06T04:00:00Z,2025-09-05,24,test,0,0,0,0,81,13,74.8,10.12,0,-0.2588190451,0.9659258263,-0.8958392907,-0.4443781781,-1,flagged,False,generation_quality_flag_-1
2025-09-06T06:00:00Z,2025-09-06T05:00:00Z,2025-09-06,1,test,0,0,0,0,90.8,12.34,76.4,8.86,0,0,1,-0.9033558023,-0.4288919379,-1,flagged,False,generation_quality_flag_-1
2025-09-06T07:00:00Z,2025-09-06T06:00:00Z,2025-09-06,2,test,0,0,0,0,77,12.1,77.4,8.1,0,0.2588190451,0.9659258263,-0.9033558023,-0.4288919379,-1,flagged,False,generation_quality_flag_-1
2025-09-06T08:00:00Z,2025-09-06T07:00:00Z,2025-09-06,3,test,0,0,0,0,78.8,11.98,78.8,7.9,0,0.5,0.8660254038,-0.9033558023,-0.4288919379,-1,flagged,False,generation_quality_flag_-1
2025-09-06T09:00:00Z,2025-09-06T08:00:00Z,2025-09-06,4,test,0,0,0,0,94,12.06,79,8.42,0,0.7071067812,0.7071067812,-0.9033558023,-0.4288919379,-1,flagged,False,generation_quality_flag_-1
2025-09-06T10:00:00Z,2025-09-06T09:00:00Z,2025-09-06,5,test,0,0,0,0,90.8,11.96,80.8,9,0,0.8660254038,0.5,-0.9033558023,-0.4288919379,-1,flagged,False,generation_quality_flag_-1
2025-09-06T11:00:00Z,2025-09-06T10:00:00Z,2025-09-06,6,test,0,1.2,0,1.2,81.4,12.1,81,10.76,0,0.9659258263,0.2588190451,-0.9033558023,-0.4288919379,-1,flagged,False,generation_quality_flag_-1
2025-09-06T12:00:00Z,2025-09-06T11:00:00Z,2025-09-06,7,test,3,31.8,5.2,26.6,80.4,12.52,80.2,11.4,0,1,6.123233996e-17,-0.9033558023,-0.4288919379,-1,flagged,False,generation_quality_flag_-1
2025-09-06T13:00:00Z,2025-09-06T12:00:00Z,2025-09-06,8,test,28,114.2,36.8,77.4,84.4,13.4,76.8,10.62,0.02,0.9659258263,-0.2588190451,-0.9033558023,-0.4288919379,-1,flagged,False,generation_quality_flag_-1
2025-09-06T14:00:00Z,2025-09-06T13:00:00Z,2025-09-06,9,test,62,243.2,117.4,125.8,59.4,14.76,68.2,12.82,0.02,0.8660254038,-0.5,-0.9033558023,-0.4288919379,-1,flagged,False,generation_quality_flag_-1
2025-09-06T15:00:00Z,2025-09-06T14:00:00Z,2025-09-06,10,test,78,388.2,250.8,137.4,58.8,15.84,62.2,14.44,0.06,0.7071067812,-0.7071067812,-0.9033558023,-0.4288919379,-1,flagged,False,generation_quality_flag_-1
2025-09-06T16:00:00Z,2025-09-06T15:00:00Z,2025-09-06,11,test,126,467.8,308.2,159.6,74,16.44,58.6,16.4,0.08,0.5,-0.8660254038,-0.9033558023,-0.4288919379,-1,flagged,False,generation_quality_flag_-1
2025-09-06T17:00:00Z,2025-09-06T16:00:00Z,2025-09-06,12,test,188,558.8,341.6,217.2,84.4,17.42,52.6,18.58,0,0.2588190451,-0.9659258263,-0.9033558023,-0.4288919379,-1,flagged,False,generation_quality_flag_-1
2025-09-06T18:00:00Z,2025-09-06T17:00:00Z,2025-09-06,13,test,256,567.4,304.4,263,89,18.08,48.4,17.86,0,1.224646799e-16,-1,-0.9033558023,-0.4288919379,-1,flagged,False,generation_quality_flag_-1
2025-09-06T19:00:00Z,2025-09-06T18:00:00Z,2025-09-06,14,test,278,411.6,160.6,251,88,18.18,48.6,16.66,0,-0.2588190451,-0.9659258263,-0.9033558023,-0.4288919379,-1,flagged,False,generation_quality_flag_-1
2025-09-06T20:00:00Z,2025-09-06T19:00:00Z,2025-09-06,15,test,236,362.6,150.2,212.4,85,18.2,49.6,16.16,0,-0.5,-0.8660254038,-0.9033558023,-0.4288919379,-1,flagged,False,generation_quality_flag_-1
2025-09-06T21:00:00Z,2025-09-06T20:00:00Z,2025-09-06,16,test,261,266,103.2,162.8,71.2,17.82,52.4,15.98,0,-0.7071067812,-0.7071067812,-0.9033558023,-0.4288919379,-1,flagged,False,generation_quality_flag_-1
2025-09-06T22:00:00Z,2025-09-06T21:00:00Z,2025-09-06,17,test,131,185.6,66.2,119.4,69,17.28,56,13.48,0,-0.8660254038,-0.5,-0.9033558023,-0.4288919379,-1,flagged,False,generation_quality_flag_-1
2025-09-06T23:00:00Z,2025-09-06T22:00:00Z,2025-09-06,18,test,49,100.6,45.8,54.8,66.4,16.6,59,12.26,0,-0.9659258263,-0.2588190451,-0.9033558023,-0.4288919379,-1,flagged,False,generation_quality_flag_-1
2025-09-07T00:00:00Z,2025-09-06T23:00:00Z,2025-09-06,19,test,5,16,7.2,8.8,55.8,15.78,63,10.14,0,-1,-1.836970199e-16,-0.9033558023,-0.4288919379,-1,flagged,False,generation_quality_flag_-1
2025-09-07T01:00:00Z,2025-09-07T00:00:00Z,2025-09-06,20,test,0,0,0,0,56,14.98,67.8,8.9,0,-0.9659258263,0.2588190451,-0.9033558023,-0.4288919379,-1,flagged,False,generation_quality_flag_-1
2025-09-07T02:00:00Z,2025-09-07T01:00:00Z,2025-09-06,21,test,0,0,0,0,61.6,14.48,70.2,8.86,0,-0.8660254038,0.5,-0.9033558023,-0.4288919379,-1,flagged,False,generation_quality_flag_-1
2025-09-07T03:00:00Z,2025-09-07T02:00:00Z,2025-09-06,22,test,0,0,0,0,47.6,13.96,73,9.38,0,-0.7071067812,0.7071067812,-0.9033558023,-0.4288919379,-1,flagged,False,generation_quality_flag_-1
2025-09-07T04:00:00Z,2025-09-07T03:00:00Z,2025-09-06,23,test,0,0,0,0,43.4,13.3,76.6,9.72,0,-0.5,0.8660254038,-0.9033558023,-0.4288919379,-1,flagged,False,generation_quality_flag_-1
2025-09-07T05:00:00Z,2025-09-07T04:00:00Z,2025-09-06,24,test,0,0,0,0,35.6,12.72,79.6,9.42,0,-0.2588190451,0.9659258263,-0.9033558023,-0.4288919379,-1,flagged,False,generation_quality_flag_-1
2025-09-07T06:00:00Z,2025-09-07T05:00:00Z,2025-09-07,1,test,0,0,0,0,43.6,12.16,83,9.22,0,0,1,-0.9106046301,-0.4132786078,-1,flagged,False,generation_quality_flag_-1
2025-09-07T07:00:00Z,2025-09-07T06:00:00Z,2025-09-07,2,test,0,0,0,0,40,11.76,84.8,9.1,0,0.2588190451,0.9659258263,-0.9106046301,-0.4132786078,-1,flagged,False,generation_quality_flag_-1
2025-09-07T08:00:00Z,2025-09-07T07:00:00Z,2025-09-07,3,test,0,0,0,0,36.2,11.36,86.4,9.58,0,0.5,0.8660254038,-0.9106046301,-0.4132786078,-1,flagged,False,generation_quality_flag_-1
2025-09-07T09:00:00Z,2025-09-07T08:00:00Z,2025-09-07,4,test,0,0,0,0,32.8,11.12,87,10.56,0,0.7071067812,0.7071067812,-0.9106046301,-0.4132786078,-1,flagged,False,generation_quality_flag_-1
2025-09-07T10:00:00Z,2025-09-07T09:00:00Z,2025-09-07,5,test,0,0,0,0,31.6,10.82,86.8,10.4,0,0.8660254038,0.5,-0.9106046301,-0.4132786078,-1,flagged,False,generation_quality_flag_-1
2025-09-07T11:00:00Z,2025-09-07T10:00:00Z,2025-09-07,6,test,0,1.8,0.6,1.2,28.4,10.44,87.4,10.38,0,0.9659258263,0.2588190451,-0.9106046301,-0.4132786078,-1,flagged,False,generation_quality_flag_-1
2025-09-07T12:00:00Z,2025-09-07T11:00:00Z,2025-09-07,7,test,21,64.4,34.4,30,27.8,11.44,84.4,10.78,0,1,6.123233996e-17,-0.9106046301,-0.4132786078,-1,flagged,False,generation_quality_flag_-1
2025-09-07T13:00:00Z,2025-09-07T12:00:00Z,2025-09-07,8,test,93,207.2,133.4,73.8,24.8,12.92,76.4,10.94,0.06,0.9659258263,-0.2588190451,-0.9106046301,-0.4132786078,-1,flagged,False,generation_quality_flag_-1
2025-09-07T14:00:00Z,2025-09-07T13:00:00Z,2025-09-07,9,test,163,395,299.8,95.2,25.6,14.86,63.6,12.26,0.04,0.8660254038,-0.5,-0.9106046301,-0.4132786078,-1,flagged,False,generation_quality_flag_-1
2025-09-07T15:00:00Z,2025-09-07T14:00:00Z,2025-09-07,10,test,262,483.2,372.4,110.8,29,15.76,58.2,13.48,0.08,0.7071067812,-0.7071067812,-0.9106046301,-0.4132786078,-1,flagged,False,generation_quality_flag_-1
2025-09-07T16:00:00Z,2025-09-07T15:00:00Z,2025-09-07,11,test,296,605.4,466.2,139.2,34.8,16.54,52.4,14.62,0,0.5,-0.8660254038,-0.9106046301,-0.4132786078,-1,flagged,False,generation_quality_flag_-1
2025-09-07T17:00:00Z,2025-09-07T16:00:00Z,2025-09-07,12,test,300,719.8,572.6,147.2,54,17.62,47,16.02,0,0.2588190451,-0.9659258263,-0.9106046301,-0.4132786078,-1,flagged,False,generation_quality_flag_-1
2025-09-07T18:00:00Z,2025-09-07T17:00:00Z,2025-09-07,13,test,278,676.8,487,189.8,54.2,18,45.4,16.72,0,1.224646799e-16,-1,-0.9106046301,-0.4132786078,-1,flagged,False,generation_quality_flag_-1
2025-09-07T19:00:00Z,2025-09-07T18:00:00Z,2025-09-07,14,test,251,541.8,358.8,183,51.6,18.16,44.2,17.3,0,-0.2588190451,-0.9659258263,-0.9106046301,-0.4132786078,-1,flagged,False,generation_quality_flag_-1
2025-09-07T20:00:00Z,2025-09-07T19:00:00Z,2025-09-07,15,test,224,508.4,349.2,159.2,49.4,18.42,43.4,17.26,0.02,-0.5,-0.8660254038,-0.9106046301,-0.4132786078,-1,flagged,False,generation_quality_flag_-1
2025-09-07T21:00:00Z,2025-09-07T20:00:00Z,2025-09-07,16,test,187,401,273.4,127.6,48.2,18.52,43.4,17.54,0,-0.7071067812,-0.7071067812,-0.9106046301,-0.4132786078,-1,flagged,False,generation_quality_flag_-1
2025-09-07T22:00:00Z,2025-09-07T21:00:00Z,2025-09-07,17,test,104,280.8,192.4,88.4,59.2,17.5,48.2,14.74,0.02,-0.8660254038,-0.5,-0.9106046301,-0.4132786078,-1,flagged,False,generation_quality_flag_-1
2025-09-07T23:00:00Z,2025-09-07T22:00:00Z,2025-09-07,18,test,33,135.2,84.4,50.8,27.2,16.52,52.6,13.36,0,-0.9659258263,-0.2588190451,-0.9106046301,-0.4132786078,-1,flagged,False,generation_quality_flag_-1
2025-09-08T00:00:00Z,2025-09-07T23:00:00Z,2025-09-07,19,test,3,17,7.2,9.8,23.4,14.58,61.4,11.12,0,-1,-1.836970199e-16,-0.9106046301,-0.4132786078,-1,flagged,False,generation_quality_flag_-1
2025-09-08T01:00:00Z,2025-09-08T00:00:00Z,2025-09-07,20,test,0,0,0,0,12.6,13.48,66.4,9.88,0,-0.9659258263,0.2588190451,-0.9106046301,-0.4132786078,-1,flagged,False,generation_quality_flag_-1
2025-09-08T02:00:00Z,2025-09-08T01:00:00Z,2025-09-07,21,test,0,0,0,0,8.6,12.4,71.2,10.1,0,-0.8660254038,0.5,-0.9106046301,-0.4132786078,-1,flagged,False,generation_quality_flag_-1
2025-09-08T03:00:00Z,2025-09-08T02:00:00Z,2025-09-07,22,test,0,0,0,0,6.4,11.58,74.6,10.76,0,-0.7071067812,0.7071067812,-0.9106046301,-0.4132786078,-1,flagged,False,generation_quality_flag_-1
2025-09-08T04:00:00Z,2025-09-08T03:00:00Z,2025-09-07,23,test,0,0,0,0,3.2,11.12,77,10.36,0,-0.5,0.8660254038,-0.9106046301,-0.4132786078,-1,flagged,False,generation_quality_flag_-1
2025-09-08T05:00:00Z,2025-09-08T04:00:00Z,2025-09-07,24,test,0,0,0,0,1,10.06,81,10.02,0,-0.2588190451,0.9659258263,-0.9106046301,-0.4132786078,-1,flagged,False,generation_quality_flag_-1
2025-09-08T06:00:00Z,2025-09-08T05:00:00Z,2025-09-08,1,test,0,0,0,0,2.2,9.26,84,10.12,0,0,1,-0.9175836261,-0.3975428143,-1,flagged,False,generation_quality_flag_-1
2025-09-08T07:00:00Z,2025-09-08T06:00:00Z,2025-09-08,2,test,0,0,0,0,2.4,8.8,85.8,9.98,0,0.2588190451,0.9659258263,-0.9175836261,-0.3975428143,-1,flagged,False,generation_quality_flag_-1
2025-09-08T08:00:00Z,2025-09-08T07:00:00Z,2025-09-08,3,test,0,0,0,0,2.2,8.18,88.6,9.4,0,0.5,0.8660254038,-0.9175836261,-0.3975428143,-1,flagged,False,generation_quality_flag_-1
2025-09-08T09:00:00Z,2025-09-08T08:00:00Z,2025-09-08,4,test,0,0,0,0,3.4,7.74,89.8,8.8,0,0.7071067812,0.7071067812,-0.9175836261,-0.3975428143,-1,flagged,False,generation_quality_flag_-1
2025-09-08T10:00:00Z,2025-09-08T09:00:00Z,2025-09-08,5,test,0,0,0,0,3.2,7.48,91.6,8.22,0,0.8660254038,0.5,-0.9175836261,-0.3975428143,-1,flagged,False,generation_quality_flag_-1
2025-09-08T11:00:00Z,2025-09-08T10:00:00Z,2025-09-08,6,test,0,2,0.6,1.4,1.8,7.18,92.4,7.82,0,0.9659258263,0.2588190451,-0.9175836261,-0.3975428143,-1,flagged,False,generation_quality_flag_-1
2025-09-08T12:00:00Z,2025-09-08T11:00:00Z,2025-09-08,7,test,19,77.8,49.8,28,4.6,8.9,89,8.72,0,1,6.123233996e-17,-0.9175836261,-0.3975428143,-1,flagged,False,generation_quality_flag_-1
2025-09-08T13:00:00Z,2025-09-08T12:00:00Z,2025-09-08,8,test,77,250.8,189.6,61.2,4.4,11.54,81.6,8.14,0,0.9659258263,-0.2588190451,-0.9175836261,-0.3975428143,-1,flagged,False,generation_quality_flag_-1
2025-09-08T14:00:00Z,2025-09-08T13:00:00Z,2025-09-08,9,test,253,436.8,358.8,78,18.6,14.34,70,9.02,0,0.8660254038,-0.5,-0.9175836261,-0.3975428143,-1,flagged,False,generation_quality_flag_-1
2025-09-08T15:00:00Z,2025-09-08T14:00:00Z,2025-09-08,10,test,282,575.2,473,102.2,41,15.68,62,8.6,0,0.7071067812,-0.7071067812,-0.9175836261,-0.3975428143,-1,flagged,False,generation_quality_flag_-1
2025-09-08T16:00:00Z,2025-09-08T15:00:00Z,2025-09-08,11,test,298,657.6,504.4,153.2,58.2,16.46,56.6,7.3,0,0.5,-0.8660254038,-0.9175836261,-0.3975428143,-1,flagged,False,generation_quality_flag_-1
2025-09-08T17:00:00Z,2025-09-08T16:00:00Z,2025-09-08,12,test,292,695.8,507.2,188.6,74,17.3,52,6.68,0,0.2588190451,-0.9659258263,-0.9175836261,-0.3975428143,-1,flagged,False,generation_quality_flag_-1
2025-09-08T18:00:00Z,2025-09-08T17:00:00Z,2025-09-08,13,test,300,668.2,466.6,201.6,84,17.86,49.4,7.12,0,1.224646799e-16,-1,-0.9175836261,-0.3975428143,-1,flagged,False,generation_quality_flag_-1
2025-09-08T19:00:00Z,2025-09-08T18:00:00Z,2025-09-08,14,test,309,546.6,339.6,207,76,18.24,48.4,7.86,0,-0.2588190451,-0.9659258263,-0.9175836261,-0.3975428143,-1,flagged,False,generation_quality_flag_-1
2025-09-08T20:00:00Z,2025-09-08T19:00:00Z,2025-09-08,15,test,308,510.2,337.8,172.4,43.8,18.5,48.2,8.5,0,-0.5,-0.8660254038,-0.9175836261,-0.3975428143,-1,flagged,False,generation_quality_flag_-1
2025-09-08T21:00:00Z,2025-09-08T20:00:00Z,2025-09-08,16,test,249,425.2,278,147.2,30.8,18.44,49,8.88,0,-0.7071067812,-0.7071067812,-0.9175836261,-0.3975428143,-1,flagged,False,generation_quality_flag_-1
2025-09-08T22:00:00Z,2025-09-08T21:00:00Z,2025-09-08,17,test,148,306.8,214.6,92.2,10.4,17.7,53,8.18,0,-0.8660254038,-0.5,-0.9175836261,-0.3975428143,-1,flagged,False,generation_quality_flag_-1
2025-09-08T23:00:00Z,2025-09-08T22:00:00Z,2025-09-08,18,test,51,145.8,95.4,50.4,2,16.64,59.6,6.5,0,-0.9659258263,-0.2588190451,-0.9175836261,-0.3975428143,-1,flagged,False,generation_quality_flag_-1
2025-09-09T00:00:00Z,2025-09-08T23:00:00Z,2025-09-08,19,test,3,19.6,10,9.6,1.2,14.4,68.4,6.3,0,-1,-1.836970199e-16,-0.9175836261,-0.3975428143,-1,flagged,False,generation_quality_flag_-1
2025-09-09T01:00:00Z,2025-09-09T00:00:00Z,2025-09-08,20,test,0,0,0,0,1.6,13.24,75,6.24,0,-0.9659258263,0.2588190451,-0.9175836261,-0.3975428143,-1,flagged,False,generation_quality_flag_-1
2025-09-09T02:00:00Z,2025-09-09T01:00:00Z,2025-09-08,21,test,0,0,0,0,1.4,11.6,82,6.68,0,-0.8660254038,0.5,-0.9175836261,-0.3975428143,-1,flagged,False,generation_quality_flag_-1
2025-09-09T03:00:00Z,2025-09-09T02:00:00Z,2025-09-08,22,test,0,0,0,0,0.2,10.68,85.6,5.98,0,-0.7071067812,0.7071067812,-0.9175836261,-0.3975428143,-1,flagged,False,generation_quality_flag_-1
2025-09-09T04:00:00Z,2025-09-09T03:00:00Z,2025-09-08,23,test,0,0,0,0,0,10.48,86.8,7.02,0,-0.5,0.8660254038,-0.9175836261,-0.3975428143,-1,flagged,False,generation_quality_flag_-1
2025-09-09T05:00:00Z,2025-09-09T04:00:00Z,2025-09-08,24,test,0,0,0,0,0.4,9.42,89.8,7.1,0,-0.2588190451,0.9659258263,-0.9175836261,-0.3975428143,-1,flagged,False,generation_quality_flag_-1
2025-09-09T06:00:00Z,2025-09-09T05:00:00Z,2025-09-09,1,test,0,0,0,0,0,8.84,90.8,6.38,0,0,1,-0.9242907222,-0.3816892203,-1,flagged,False,generation_quality_flag_-1
2025-09-09T07:00:00Z,2025-09-09T06:00:00Z,2025-09-09,2,test,0,0,0,0,0,8.52,91.6,6.7,0,0.2588190451,0.9659258263,-0.9242907222,-0.3816892203,-1,flagged,False,generation_quality_flag_-1
2025-09-11T17:00:00Z,2025-09-11T16:00:00Z,2025-09-11,12,test,335,717,587,130,8.4,22.5,49.6,8,0,0.2588190451,-0.9659258263,-0.9368813463,-0.3496474553,-1,flagged,False,generation_quality_flag_-1
2025-09-11T18:00:00Z,2025-09-11T17:00:00Z,2025-09-11,13,test,282,734,604,130,6.4,22.86,48,7.7,0,1.224646799e-16,-1,-0.9368813463,-0.3496474553,-1,flagged,False,generation_quality_flag_-1
2025-09-11T19:00:00Z,2025-09-11T18:00:00Z,2025-09-11,14,test,266,725,623.4,101.6,4,23.26,46.2,7.82,0,-0.2588190451,-0.9659258263,-0.9368813463,-0.3496474553,-1,flagged,False,generation_quality_flag_-1
2025-09-11T20:00:00Z,2025-09-11T19:00:00Z,2025-09-11,15,test,257,588.2,473.4,114.8,12.8,23.32,46.4,8.48,0,-0.5,-0.8660254038,-0.9368813463,-0.3496474553,-1,flagged,False,generation_quality_flag_-1
2025-09-11T21:00:00Z,2025-09-11T20:00:00Z,2025-09-11,16,test,212,443.8,346.6,97.2,16.6,23.14,47,8.82,0,-0.7071067812,-0.7071067812,-0.9368813463,-0.3496474553,-1,flagged,False,generation_quality_flag_-1
2025-09-11T22:00:00Z,2025-09-11T21:00:00Z,2025-09-11,17,test,120,285.2,208.2,77,25,21.8,52,8,0,-0.8660254038,-0.5,-0.9368813463,-0.3496474553,-1,flagged,False,generation_quality_flag_-1
2025-09-11T23:00:00Z,2025-09-11T22:00:00Z,2025-09-11,18,test,43,123.6,78.8,44.8,19.6,20.56,58.6,8,0,-0.9659258263,-0.2588190451,-0.9368813463,-0.3496474553,-1,flagged,False,generation_quality_flag_-1
2025-09-12T00:00:00Z,2025-09-11T23:00:00Z,2025-09-11,19,test,3,12.4,5.4,7,23.6,18.52,64.6,9.3,0,-1,-1.836970199e-16,-0.9368813463,-0.3496474553,-1,flagged,False,generation_quality_flag_-1
2025-09-12T01:00:00Z,2025-09-12T00:00:00Z,2025-09-11,20,test,0,0,0,0,22.8,17.22,69.8,10.94,0,-0.9659258263,0.2588190451,-0.9368813463,-0.3496474553,-1,flagged,False,generation_quality_flag_-1
2025-09-12T02:00:00Z,2025-09-12T01:00:00Z,2025-09-11,21,test,0,0,0,0,25.2,15.98,75.2,11.38,0,-0.8660254038,0.5,-0.9368813463,-0.3496474553,-1,flagged,False,generation_quality_flag_-1
2025-09-12T23:00:00Z,2025-09-12T22:00:00Z,2025-09-12,18,test,42,99.6,45.8,53.8,61.8,19.78,65.8,4.84,0,-0.9659258263,-0.2588190451,-0.9427611434,-0.3334687789,-1,flagged,False,generation_quality_flag_-1
2025-09-13T00:00:00Z,2025-09-12T23:00:00Z,2025-09-12,19,test,2,10.4,4.8,5.6,37.8,17.58,75.8,4.98,0,-1,-1.836970199e-16,-0.9427611434,-0.3334687789,-1,flagged,False,generation_quality_flag_-1
2025-09-13T01:00:00Z,2025-09-13T00:00:00Z,2025-09-12,20,test,0,0,0,0,46.8,16.2,82,5.78,0,-0.9659258263,0.2588190451,-0.9427611434,-0.3334687789,-1,flagged,False,generation_quality_flag_-1
2025-09-13T02:00:00Z,2025-09-13T01:00:00Z,2025-09-12,21,test,0,0,0,0,45.8,15.3,85.4,5.7,0,-0.8660254038,0.5,-0.9427611434,-0.3334687789,-1,flagged,False,generation_quality_flag_-1
2025-09-13T03:00:00Z,2025-09-13T02:00:00Z,2025-09-12,22,test,0,0,0,0,38.2,14.64,87.6,5.64,0,-0.7071067812,0.7071067812,-0.9427611434,-0.3334687789,-1,flagged,False,generation_quality_flag_-1
2025-09-13T04:00:00Z,2025-09-13T03:00:00Z,2025-09-12,23,test,0,0,0,0,62.2,14.26,88.6,5.68,0,-0.5,0.8660254038,-0.9427611434,-0.3334687789,-1,flagged,False,generation_quality_flag_-1
2025-09-13T05:00:00Z,2025-09-13T04:00:00Z,2025-09-12,24,test,0,0,0,0,83.6,14.06,88.6,5.48,0,-0.2588190451,0.9659258263,-0.9427611434,-0.3334687789,-1,flagged,False,generation_quality_flag_-1
2025-09-13T06:00:00Z,2025-09-13T05:00:00Z,2025-09-13,1,test,0,0,0,0,86.2,13.92,89.8,5.76,0,0,1,-0.94836158,-0.3171912886,-1,flagged,False,generation_quality_flag_-1
2025-09-13T07:00:00Z,2025-09-13T06:00:00Z,2025-09-13,2,test,0,0,0,0,70.6,13.84,90.4,5.06,0,0.2588190451,0.9659258263,-0.94836158,-0.3171912886,-1,flagged,False,generation_quality_flag_-1
2025-09-13T08:00:00Z,2025-09-13T07:00:00Z,2025-09-13,3,test,0,0,0,0,54.2,13.88,91.4,4.74,0,0.5,0.8660254038,-0.94836158,-0.3171912886,-1,flagged,False,generation_quality_flag_-1
2025-09-24T18:00:00Z,2025-09-24T17:00:00Z,2025-09-24,13,test,240,449,251.8,197.2,96.8,21.42,78,12.16,0.52,1.224646799e-16,-1,-0.991114064,-0.1330147065,-1,flagged,False,generation_quality_flag_-1
2025-09-24T19:00:00Z,2025-09-24T18:00:00Z,2025-09-24,14,test,201,305.4,116.6,188.8,93,21.78,75.6,11.96,0.42,-0.2588190451,-0.9659258263,-0.991114064,-0.1330147065,-1,flagged,False,generation_quality_flag_-1
2025-09-24T20:00:00Z,2025-09-24T19:00:00Z,2025-09-24,15,test,187,301.2,140.2,161,88,21.92,75.4,12.16,0.26,-0.5,-0.8660254038,-0.991114064,-0.1330147065,-1,flagged,False,generation_quality_flag_-1
2025-09-24T21:00:00Z,2025-09-24T20:00:00Z,2025-09-24,16,test,122,212.4,85.2,127.2,90.4,21.76,74.4,12.28,0.42,-0.7071067812,-0.7071067812,-0.991114064,-0.1330147065,-1,flagged,False,generation_quality_flag_-1
2025-09-24T22:00:00Z,2025-09-24T21:00:00Z,2025-09-24,17,test,47,122.4,48.4,74,85.2,20.54,78.6,11.1,0.38,-0.8660254038,-0.5,-0.991114064,-0.1330147065,-1,flagged,False,generation_quality_flag_-1
2025-09-24T23:00:00Z,2025-09-24T22:00:00Z,2025-09-24,18,test,10,37.4,11.6,25.8,86.2,19.86,81.6,10.94,0.22,-0.9659258263,-0.2588190451,-0.991114064,-0.1330147065,-1,flagged,False,generation_quality_flag_-1
2025-09-25T00:00:00Z,2025-09-24T23:00:00Z,2025-09-24,19,test,0,0.8,0.2,0.6,85.6,19.28,84.6,10.92,0.14,-1,-1.836970199e-16,-0.991114064,-0.1330147065,-1,flagged,False,generation_quality_flag_-1
2025-09-25T01:00:00Z,2025-09-25T00:00:00Z,2025-09-24,20,test,0,0,0,0,83.8,18.9,85.8,11.5,0.14,-0.9659258263,0.2588190451,-0.991114064,-0.1330147065,-1,flagged,False,generation_quality_flag_-1
2025-09-25T02:00:00Z,2025-09-25T01:00:00Z,2025-09-24,21,test,0,0,0,0,82.2,18.5,88,11,0.16,-0.8660254038,0.5,-0.991114064,-0.1330147065,-1,flagged,False,generation_quality_flag_-1
2025-09-25T03:00:00Z,2025-09-25T02:00:00Z,2025-09-24,22,test,0,0,0,0,77.6,18.16,89.2,10.98,0.12,-0.7071067812,0.7071067812,-0.991114064,-0.1330147065,-1,flagged,False,generation_quality_flag_-1
2025-09-25T04:00:00Z,2025-09-25T03:00:00Z,2025-09-24,23,test,0,0,0,0,84,17.96,90.2,10.44,0.14,-0.5,0.8660254038,-0.991114064,-0.1330147065,-1,flagged,False,generation_quality_flag_-1
2025-09-25T05:00:00Z,2025-09-25T04:00:00Z,2025-09-24,24,test,0,0,0,0,92.8,17.64,90.6,10.76,0.2,-0.2588190451,0.9659258263,-0.991114064,-0.1330147065,-1,flagged,False,generation_quality_flag_-1
2025-09-25T06:00:00Z,2025-09-25T05:00:00Z,2025-09-25,1,test,0,0,0,0,99,17.38,92.4,10.32,0.34,0,1,-0.9932568493,-0.1159345996,-1,flagged,False,generation_quality_flag_-1
2025-09-25T07:00:00Z,2025-09-25T06:00:00Z,2025-09-25,2,test,0,0,0,0,100,17.16,94.2,10.42,0.42,0.2588190451,0.9659258263,-0.9932568493,-0.1159345996,-1,flagged,False,generation_quality_flag_-1
2025-09-25T08:00:00Z,2025-09-25T07:00:00Z,2025-09-25,3,test,0,0,0,0,100,17,95,9.92,0.46,0.5,0.8660254038,-0.9932568493,-0.1159345996,-1,flagged,False,generation_quality_flag_-1
2025-09-25T09:00:00Z,2025-09-25T08:00:00Z,2025-09-25,4,test,0,0,0,0,100,17,95.8,9.72,0.44,0.7071067812,0.7071067812,-0.9932568493,-0.1159345996,-1,flagged,False,generation_quality_flag_-1
2025-09-25T10:00:00Z,2025-09-25T09:00:00Z,2025-09-25,5,test,0,0,0,0,99.4,16.92,96.4,8.34,0.58,0.8660254038,0.5,-0.9932568493,-0.1159345996,-1,flagged,False,generation_quality_flag_-1
2025-09-25T11:00:00Z,2025-09-25T10:00:00Z,2025-09-25,6,test,0,0,0,0,99.6,16.96,96.8,8.9,0.54,0.9659258263,0.2588190451,-0.9932568493,-0.1159345996,-1,flagged,False,generation_quality_flag_-1
2025-09-25T12:00:00Z,2025-09-25T11:00:00Z,2025-09-25,7,test,1,6.2,0,6.2,99.6,17.08,97,8.96,0.4,1,6.123233996e-17,-0.9932568493,-0.1159345996,-1,flagged,False,generation_quality_flag_-1
2025-09-25T13:00:00Z,2025-09-25T12:00:00Z,2025-09-25,8,test,10,42.4,5,37.4,96.4,17.46,96,8.9,0.3,0.9659258263,-0.2588190451,-0.9932568493,-0.1159345996,-1,flagged,False,generation_quality_flag_-1
2025-09-25T14:00:00Z,2025-09-25T13:00:00Z,2025-09-25,9,test,46,105,31.8,73.2,90.6,18.12,94,10.66,0.54,0.8660254038,-0.5,-0.9932568493,-0.1159345996,-1,flagged,False,generation_quality_flag_-1
2025-09-25T15:00:00Z,2025-09-25T14:00:00Z,2025-09-25,10,test,63,161.4,46.2,115.2,88.8,18.78,90.2,10.64,0.24,0.7071067812,-0.7071067812,-0.9932568493,-0.1159345996,-1,flagged,False,generation_quality_flag_-1
2025-09-25T16:00:00Z,2025-09-25T15:00:00Z,2025-09-25,11,test,72,189.6,48.2,141.4,82.4,19.2,88.2,9.36,0.2,0.5,-0.8660254038,-0.9932568493,-0.1159345996,-1,flagged,False,generation_quality_flag_-1
2025-09-25T17:00:00Z,2025-09-25T16:00:00Z,2025-09-25,12,test,79,242.8,104,138.8,83.4,19.66,85.8,8.62,0.22,0.2588190451,-0.9659258263,-0.9932568493,-0.1159345996,-1,flagged,False,generation_quality_flag_-1
2025-09-25T18:00:00Z,2025-09-25T17:00:00Z,2025-09-25,13,test,85,298.4,159.6,138.8,92.6,20.08,83.8,8.56,0.28,1.224646799e-16,-1,-0.9932568493,-0.1159345996,-1,flagged,False,generation_quality_flag_-1
2025-09-25T19:00:00Z,2025-09-25T18:00:00Z,2025-09-25,14,test,133,290.2,161.6,128.6,95.6,20.24,83,8.38,0.32,-0.2588190451,-0.9659258263,-0.9932568493,-0.1159345996,-1,flagged,False,generation_quality_flag_-1
2025-09-25T20:00:00Z,2025-09-25T19:00:00Z,2025-09-25,15,test,138,244,131,113,84,20.46,80.4,8,0.22,-0.5,-0.8660254038,-0.9932568493,-0.1159345996,-1,flagged,False,generation_quality_flag_-1
2025-09-25T21:00:00Z,2025-09-25T20:00:00Z,2025-09-25,16,test,116,158.2,65.8,92.4,79.8,20.4,80.6,8.92,0.28,-0.7071067812,-0.7071067812,-0.9932568493,-0.1159345996,-1,flagged,False,generation_quality_flag_-1
2025-09-25T22:00:00Z,2025-09-25T21:00:00Z,2025-09-25,17,test,75,108.6,51,57.6,75.6,19.18,87.6,6.76,0.24,-0.8660254038,-0.5,-0.9932568493,-0.1159345996,-1,flagged,False,generation_quality_flag_-1
2025-09-25T23:00:00Z,2025-09-25T22:00:00Z,2025-09-25,18,test,23,42.6,20.8,21.8,76.8,18.56,89.8,6.88,0.1,-0.9659258263,-0.2588190451,-0.9932568493,-0.1159345996,-1,flagged,False,generation_quality_flag_-1
2025-09-26T00:00:00Z,2025-09-25T23:00:00Z,2025-09-25,19,test,0,0.8,0.2,0.6,72.6,17.9,92.4,7.64,0.1,-1,-1.836970199e-16,-0.9932568493,-0.1159345996,-1,flagged,False,generation_quality_flag_-1
2025-09-26T01:00:00Z,2025-09-26T00:00:00Z,2025-09-25,20,test,0,0,0,0,64.8,17.46,93.8,7.1,0.04,-0.9659258263,0.2588190451,-0.9932568493,-0.1159345996,-1,flagged,False,generation_quality_flag_-1
2025-09-26T02:00:00Z,2025-09-26T01:00:00Z,2025-09-25,21,test,0,0,0,0,56.6,17.04,94.6,6.3,0,-0.8660254038,0.5,-0.9932568493,-0.1159345996,-1,flagged,False,generation_quality_flag_-1
2025-09-26T03:00:00Z,2025-09-26T02:00:00Z,2025-09-25,22,test,0,0,0,0,55,16.68,94.8,6.34,0,-0.7071067812,0.7071067812,-0.9932568493,-0.1159345996,-1,flagged,False,generation_quality_flag_-1
2025-09-26T04:00:00Z,2025-09-26T03:00:00Z,2025-09-25,23,test,0,0,0,0,50.8,16.22,95.6,7.26,0,-0.5,0.8660254038,-0.9932568493,-0.1159345996,-1,flagged,False,generation_quality_flag_-1
2025-09-26T05:00:00Z,2025-09-26T04:00:00Z,2025-09-25,24,test,0,0,0,0,43.2,16.14,95,8.08,0,-0.2588190451,0.9659258263,-0.9932568493,-0.1159345996,-1,flagged,False,generation_quality_flag_-1
2025-09-26T06:00:00Z,2025-09-26T05:00:00Z,2025-09-26,1,test,0,0,0,0,36.4,15.9,95.2,8.02,0,0,1,-0.9951053111,-0.09882013873,-1,flagged,False,generation_quality_flag_-1
2025-09-26T07:00:00Z,2025-09-26T06:00:00Z,2025-09-26,2,test,0,0,0,0,24,15.7,94.8,8.26,0,0.2588190451,0.9659258263,-0.9951053111,-0.09882013873,-1,flagged,False,generation_quality_flag_-1
2025-09-26T08:00:00Z,2025-09-26T07:00:00Z,2025-09-26,3,test,0,0,0,0,28,15.6,94.4,8.76,0,0.5,0.8660254038,-0.9951053111,-0.09882013873,-1,flagged,False,generation_quality_flag_-1
2025-09-26T09:00:00Z,2025-09-26T08:00:00Z,2025-09-26,4,test,0,0,0,0,44,15.42,94.6,9.16,0,0.7071067812,0.7071067812,-0.9951053111,-0.09882013873,-1,flagged,False,generation_quality_flag_-1
2025-09-26T10:00:00Z,2025-09-26T09:00:00Z,2025-09-26,5,test,0,0,0,0,44.4,15.24,95.4,7.58,0,0.8660254038,0.5,-0.9951053111,-0.09882013873,-1,flagged,False,generation_quality_flag_-1
2025-09-26T11:00:00Z,2025-09-26T10:00:00Z,2025-09-26,6,test,0,0,0,0,52.2,15.1,95.6,6.64,0,0.9659258263,0.2588190451,-0.9951053111,-0.09882013873,-1,flagged,False,generation_quality_flag_-1
2025-09-26T12:00:00Z,2025-09-26T11:00:00Z,2025-09-26,7,test,6,24.6,11,13.6,53.6,15.44,95.4,7.66,0,1,6.123233996e-17,-0.9951053111,-0.09882013873,-1,flagged,False,generation_quality_flag_-1
2025-09-26T13:00:00Z,2025-09-26T12:00:00Z,2025-09-26,8,test,74,135.6,70.2,65.4,47.8,16.54,93,9.22,0,0.9659258263,-0.2588190451,-0.9951053111,-0.09882013873,-1,flagged,False,generation_quality_flag_-1
2025-09-26T14:00:00Z,2025-09-26T13:00:00Z,2025-09-26,9,test,186,282.2,168.2,114,62.8,18.2,85.8,9.78,0,0.8660254038,-0.5,-0.9951053111,-0.09882013873,-1,flagged,False,generation_quality_flag_-1
2025-09-26T15:00:00Z,2025-09-26T14:00:00Z,2025-09-26,10,test,222,396.2,233.4,162.8,57.8,19.58,78,9.36,0,0.7071067812,-0.7071067812,-0.9951053111,-0.09882013873,-1,flagged,False,generation_quality_flag_-1
2025-09-26T16:00:00Z,2025-09-26T15:00:00Z,2025-09-26,11,test,191,496.2,327.8,168.4,51.8,20.48,72.8,8.98,0.04,0.5,-0.8660254038,-0.9951053111,-0.09882013873,-1,flagged,False,generation_quality_flag_-1
2025-09-26T17:00:00Z,2025-09-26T16:00:00Z,2025-09-26,12,test,203,544.8,386.2,158.6,51.6,21.52,66.6,9.3,0.1,0.2588190451,-0.9659258263,-0.9951053111,-0.09882013873,-1,flagged,False,generation_quality_flag_-1
2025-09-26T18:00:00Z,2025-09-26T17:00:00Z,2025-09-26,13,test,243,575.4,424,151.4,43.6,22.16,63,9.52,0.04,1.224646799e-16,-1,-0.9951053111,-0.09882013873,-1,flagged,False,generation_quality_flag_-1
2025-09-26T19:00:00Z,2025-09-26T18:00:00Z,2025-09-26,14,test,287,507.8,371,136.8,34.2,22.72,60.2,9.42,0.02,-0.2588190451,-0.9659258263,-0.9951053111,-0.09882013873,-1,flagged,False,generation_quality_flag_-1
2025-09-26T20:00:00Z,2025-09-26T19:00:00Z,2025-09-26,15,test,287,449,333,116,29.4,22.82,59.8,9.32,0.02,-0.5,-0.8660254038,-0.9951053111,-0.09882013873,-1,flagged,False,generation_quality_flag_-1
2025-09-26T21:00:00Z,2025-09-26T20:00:00Z,2025-09-26,16,test,220,317.2,224.2,93,31,22.78,61.8,8.94,0,-0.7071067812,-0.7071067812,-0.9951053111,-0.09882013873,-1,flagged,False,generation_quality_flag_-1
2025-09-26T22:00:00Z,2025-09-26T21:00:00Z,2025-09-26,17,test,116,195.6,136.8,58.8,39,21.66,65.8,8.04,0,-0.8660254038,-0.5,-0.9951053111,-0.09882013873,-1,flagged,False,generation_quality_flag_-1
2025-09-26T23:00:00Z,2025-09-26T22:00:00Z,2025-09-26,18,test,26,60.2,36.8,23.4,32,20.28,71.8,6.96,0,-0.9659258263,-0.2588190451,-0.9951053111,-0.09882013873,-1,flagged,False,generation_quality_flag_-1
2025-09-27T00:00:00Z,2025-09-26T23:00:00Z,2025-09-26,19,test,0,0.8,0.2,0.6,30.2,18.6,80.4,6.82,0,-1,-1.836970199e-16,-0.9951053111,-0.09882013873,-1,flagged,False,generation_quality_flag_-1
2025-09-27T01:00:00Z,2025-09-27T00:00:00Z,2025-09-26,20,test,0,0,0,0,24,17.9,83.4,6.64,0,-0.9659258263,0.2588190451,-0.9951053111,-0.09882013873,-1,flagged,False,generation_quality_flag_-1
2025-09-29T12:00:00Z,2025-09-29T11:00:00Z,2025-09-29,7,test,13,30.8,18,12.8,0,11.18,88.8,6.24,0,1,6.123233996e-17,-0.9988797156,-0.04732138832,-1,flagged,False,generation_quality_flag_-1
2025-09-29T13:00:00Z,2025-09-29T12:00:00Z,2025-09-29,8,test,104,177.4,128.8,48.6,0,14.56,79.6,6.4,0,0.9659258263,-0.2588190451,-0.9988797156,-0.04732138832,-1,flagged,False,generation_quality_flag_-1
2025-09-29T15:00:00Z,2025-09-29T14:00:00Z,2025-09-29,10,test,307,509.6,430.2,79.4,0,20.48,56.6,5.84,0,0.7071067812,-0.7071067812,-0.9988797156,-0.04732138832,-1,flagged,False,generation_quality_flag_-1
2025-09-29T16:00:00Z,2025-09-29T15:00:00Z,2025-09-29,11,test,333,625.4,539.2,86.2,0,21.8,51.8,5.82,0,0.5,-0.8660254038,-0.9988797156,-0.04732138832,-1,flagged,False,generation_quality_flag_-1
2025-09-29T18:00:00Z,2025-09-29T17:00:00Z,2025-09-29,13,test,364,696.4,606.6,89.8,0,23.9,43.6,7.9,0,1.224646799e-16,-1,-0.9988797156,-0.04732138832,-1,flagged,False,generation_quality_flag_-1
2025-09-29T21:00:00Z,2025-09-29T20:00:00Z,2025-09-29,16,test,247,393,322,71,3,24.5,42.6,7.5,0,-0.7071067812,-0.7071067812,-0.9988797156,-0.04732138832,-1,flagged,False,generation_quality_flag_-1
2025-09-29T22:00:00Z,2025-09-29T21:00:00Z,2025-09-29,17,test,151,218.6,164.2,54.4,1.8,23.08,46,6.98,0,-0.8660254038,-0.5,-0.9988797156,-0.04732138832,-1,flagged,False,generation_quality_flag_-1
2025-09-29T23:00:00Z,2025-09-29T22:00:00Z,2025-09-29,18,test,66,56.6,35.6,21,1.4,20.28,58,7.62,0,-0.9659258263,-0.2588190451,-0.9988797156,-0.04732138832,-1,flagged,False,generation_quality_flag_-1
2025-10-08T18:00:00Z,2025-10-08T17:00:00Z,2025-10-08,13,test,245,598.4,482.2,116.2,30.2,14.22,53.6,19,0.02,1.224646799e-16,-1,-0.9942179069,0.1073813467,-1,flagged,False,generation_quality_flag_-1
2025-10-08T20:00:00Z,2025-10-08T19:00:00Z,2025-10-08,15,test,215,441.4,340,101.4,22.6,14.04,49.8,19.16,0,-0.5,-0.8660254038,-0.9942179069,0.1073813467,-1,flagged,False,generation_quality_flag_-1
2025-11-13T14:00:00Z,2025-11-13T13:00:00Z,2025-11-13,9,test,57,132.6,70.6,62,42.2,3.7,78.2,16.66,0.02,0.8660254038,-0.5,-0.7469720877,0.664855398,-1,flagged,False,generation_quality_flag_-1
2025-11-30T03:00:00Z,2025-11-30T02:00:00Z,2025-11-29,22,test,0,0,0,0,99.8,-1.58,77.6,14.82,0.3,-0.7071067812,0.7071067812,-0.5380051715,0.8429415374,-1,flagged,False,generation_quality_flag_-1
2025-11-30T04:00:00Z,2025-11-30T03:00:00Z,2025-11-29,23,test,0,0,0,0,99.8,-1.38,80,15.58,0.34,-0.5,0.8660254038,-0.5380051715,0.8429415374,-1,flagged,False,generation_quality_flag_-1
2025-11-30T05:00:00Z,2025-11-30T04:00:00Z,2025-11-29,24,test,0,0,0,0,100,-1.12,80.6,16.86,0.4,-0.2588190451,0.9659258263,-0.5380051715,0.8429415374,-1,flagged,False,generation_quality_flag_-1
2025-11-30T06:00:00Z,2025-11-30T05:00:00Z,2025-11-30,1,test,0,0,0,0,99.6,-0.96,83,17.6,0.4,0,1,-0.5234156074,0.8520775211,-1,flagged,False,generation_quality_flag_-1
2025-11-30T07:00:00Z,2025-11-30T06:00:00Z,2025-11-30,2,test,0,0,0,0,100,-0.86,85.6,18.34,0.42,0.2588190451,0.9659258263,-0.5234156074,0.8520775211,-1,flagged,False,generation_quality_flag_-1
2025-11-30T08:00:00Z,2025-11-30T07:00:00Z,2025-11-30,3,test,0,0,0,0,100,-0.68,88.6,19.34,0.46,0.5,0.8660254038,-0.5234156074,0.8520775211,-1,flagged,False,generation_quality_flag_-1
2025-11-30T09:00:00Z,2025-11-30T08:00:00Z,2025-11-30,4,test,0,0,0,0,100,-0.6,91.2,20.66,0.54,0.7071067812,0.7071067812,-0.5234156074,0.8520775211,-1,flagged,False,generation_quality_flag_-1
2025-11-30T10:00:00Z,2025-11-30T09:00:00Z,2025-11-30,5,test,0,0,0,0,99.8,-0.38,92.2,21.22,0.68,0.8660254038,0.5,-0.5234156074,0.8520775211,-1,flagged,False,generation_quality_flag_-1
2025-11-30T11:00:00Z,2025-11-30T10:00:00Z,2025-11-30,6,test,0,0,0,0,100,-0.26,93,22.58,0.58,0.9659258263,0.2588190451,-0.5234156074,0.8520775211,-1,flagged,False,generation_quality_flag_-1
2025-11-30T12:00:00Z,2025-11-30T11:00:00Z,2025-11-30,7,test,0,0,0,0,99.8,0.08,92.2,23.48,0.54,1,6.123233996e-17,-0.5234156074,0.8520775211,-1,flagged,False,generation_quality_flag_-1
2025-11-30T13:00:00Z,2025-11-30T12:00:00Z,2025-11-30,8,test,0,2.4,0,2.4,99,0.52,90.4,23.98,0.6,0.9659258263,-0.2588190451,-0.5234156074,0.8520775211,-1,flagged,False,generation_quality_flag_-1
2025-11-30T14:00:00Z,2025-11-30T13:00:00Z,2025-11-30,9,test,0,28.4,1.2,27.2,100,0.64,89.6,25.66,0.44,0.8660254038,-0.5,-0.5234156074,0.8520775211,-1,flagged,False,generation_quality_flag_-1
2025-12-03T08:00:00Z,2025-12-03T07:00:00Z,2025-12-03,3,test,0,0,0,0,65.8,-6.68,88.4,10.36,0,0.5,0.8660254038,-0.4787338401,0.8779600847,-1,flagged,False,generation_quality_flag_-1
2025-12-03T09:00:00Z,2025-12-03T08:00:00Z,2025-12-03,4,test,0,0,0,0,68.6,-6.04,88.4,10.7,0,0.7071067812,0.7071067812,-0.4787338401,0.8779600847,-1,flagged,False,generation_quality_flag_-1
2025-12-03T10:00:00Z,2025-12-03T09:00:00Z,2025-12-03,5,test,0,0,0,0,75,-6.62,89.4,11.3,0,0.8660254038,0.5,-0.4787338401,0.8779600847,-1,flagged,False,generation_quality_flag_-1
2025-12-03T11:00:00Z,2025-12-03T10:00:00Z,2025-12-03,6,test,0,0,0,0,80.8,-6.24,90.2,12.68,0,0.9659258263,0.2588190451,-0.4787338401,0.8779600847,-1,flagged,False,generation_quality_flag_-1
2025-12-03T12:00:00Z,2025-12-03T11:00:00Z,2025-12-03,7,test,0,0,0,0,86.8,-5.64,89.4,14.46,0,1,6.123233996e-17,-0.4787338401,0.8779600847,-1,flagged,False,generation_quality_flag_-1
2025-12-05T07:00:00Z,2025-12-05T06:00:00Z,2025-12-05,2,test,0,0,0,0,39.6,-13.62,72.2,6.92,0,0.2588190451,0.9659258263,-0.4482293417,0.8939185965,-1,flagged,False,generation_quality_flag_-1
2025-12-05T08:00:00Z,2025-12-05T07:00:00Z,2025-12-05,3,test,0,0,0,0,49.6,-12.96,73.4,7.02,0,0.5,0.8660254038,-0.4482293417,0.8939185965,-1,flagged,False,generation_quality_flag_-1
2025-12-05T09:00:00Z,2025-12-05T08:00:00Z,2025-12-05,4,test,0,0,0,0,45,-12.64,75,8.78,0,0.7071067812,0.7071067812,-0.4482293417,0.8939185965,-1,flagged,False,generation_quality_flag_-1
2025-12-05T10:00:00Z,2025-12-05T09:00:00Z,2025-12-05,5,test,0,0,0,0,70.2,-12.08,76.2,9.14,0,0.8660254038,0.5,-0.4482293417,0.8939185965,-1,flagged,False,generation_quality_flag_-1
2025-12-05T11:00:00Z,2025-12-05T10:00:00Z,2025-12-05,6,test,0,0,0,0,69.6,-11.4,76.8,10.22,0,0.9659258263,0.2588190451,-0.4482293417,0.8939185965,-1,flagged,False,generation_quality_flag_-1
2025-12-05T12:00:00Z,2025-12-05T11:00:00Z,2025-12-05,7,test,0,0,0,0,72.6,-10.96,79.8,11.7,0.02,1,6.123233996e-17,-0.4482293417,0.8939185965,-1,flagged,False,generation_quality_flag_-1
2025-12-05T13:00:00Z,2025-12-05T12:00:00Z,2025-12-05,8,test,0,3.6,0.4,3.2,77.4,-10.32,80,13.3,0.02,0.9659258263,-0.2588190451,-0.4482293417,0.8939185965,-1,flagged,False,generation_quality_flag_-1
2025-12-05T14:00:00Z,2025-12-05T13:00:00Z,2025-12-05,9,test,23,67.8,25.6,42.2,82.4,-8.42,75.8,14.66,0,0.8660254038,-0.5,-0.4482293417,0.8939185965,-1,flagged,False,generation_quality_flag_-1
