window_id,origin_index,target_index,origin_timestamp_utc,target_timestamp_utc,split,eligible,n_invalid_rows_touched,target_mwh,persistence_mwh,daily_persistence_mwh,target_month,target_hour_est,target_date_est,is_daylight_proxy,abs_ramp_mwh,is_large_ramp
8,7,8,2024-06-01T13:00:00Z,2024-06-01T14:00:00Z,train,True,0,275,180,,6,8,2024-06-01,True,95,True
9,8,9,2024-06-01T14:00:00Z,2024-06-01T15:00:00Z,train,True,0,332,275,,6,9,2024-06-01,True,57,False
10,9,10,2024-06-01T15:00:00Z,2024-06-01T16:00:00Z,train,True,0,377,332,,6,10,2024-06-01,True,45,False
11,10,11,2024-06-01T16:00:00Z,2024-06-01T17:00:00Z,train,True,0,387,377,,6,11,2024-06-01,True,10,False
12,11,12,2024-06-01T17:00:00Z,2024-06-01T18:00:00Z,train,True,0,396,387,,6,12,2024-06-01,True,9,False
13,12,13,2024-06-01T18:00:00Z,2024-06-01T19:00:00Z,train,True,0,375,396,,6,13,2024-06-01,True,21,False
14,13,14,2024-06-01T19:00:00Z,2024-06-01T20:00:00Z,train,True,0,342,375,,6,14,2024-06-01,True,33,False
15,14,15,2024-06-01T20:00:00Z,2024-06-01T21:00:00Z,train,True,0,224,342,,6,15,2024-06-01,True,118,True
16,15,16,2024-06-01T21:00:00Z,2024-06-01T22:00:00Z,train,True,0,176,224,,6,16,2024-06-01,True,48,False
17,16,17,2024-06-01T22:00:00Z,2024-06-01T23:00:00Z,train,True,0,95,176,,6,17,2024-06-01,True,81,True
18,17,18,2024-06-01T23:00:00Z,2024-06-02T00:00:00Z,train,True,0,37,95,,6,18,2024-06-01,True,58,False
19,18,19,2024-06-02T00:00:00Z,2024-06-02T01:00:00Z,train,True,0,2,37,,6,19,2024-06-01,False,35,False
20,19,20,2024-06-02T01:00:00Z,2024-06-02T02:00:00Z,train,True,0,0,2,,6,20,2024-06-01,False,2,False
21,20,21,2024-06-02T02:00:00Z,2024-06-02T03:00:00Z,train,True,0,0,0,,6,21,2024-06-01,False,0,False
22,21,22,2024-06-02T03:00:00Z,2024-06-02T04:00:00Z,train,True,0,0,0,,6,22,2024-06-01,False,0,False
23,22,23,2024-06-02T04:00:00Z,2024-06-02T05:00:00Z,train,True,0,0,0,,6,23,2024-06-01,False,0,False
24,23,24,2024-06-02T05:00:00Z,2024-06-02T06:00:00Z,train,True,0,0,0,0,6,0,2024-06-02,False,0,False
25,24,25,2024-06-02T06:00:00Z,2024-06-02T07:00:00Z,train,True,0,0,0,0,6,1,2024-06-02,False,0,False
26,25,26,2024-06-02T07:00:00Z,2024-06-02T08:00:00Z,train,True,0,0,0,0,6,2,2024-06-02,False,0,False
27,26,27,2024-06-02T08:00:00Z,2024-06-02T09:00:00Z,train,True,0,0,0,0,6,3,2024-06-02,False,0,False
28,27,28,2024-06-02T09:00:00Z,2024-06-02T10:00:00Z,train,True,0,1,0,0,6,4,2024-06-02,False,1,False
29,28,29,2024-06-02T10:00:00Z,2024-06-02T11:00:00Z,train,True,0,13,1,12,6,5,2024-06-02,True,12,False
30,29,30,2024-06-02T11:00:00Z,2024-06-02T12:00:00Z,train,True,0,41,13,70,6,6,2024-06-02,True,28,False
31,30,31,2024-06-02T12:00:00Z,2024-06-02T13:00:00Z,train,True,0,98,41,180,6,7,2024-06-02,True,57,False
32,31,32,2024-06-02T13:00:00Z,2024-06-02T14:00:00Z,train,True,0,144,98,275,6,8,2024-06-02,True,46,False
33,32,33,2024-06-02T14:00:00Z,2024-06-02T15:00:00Z,train,True,0,148,144,332,6,9,2024-06-02,True,4,False
34,33,34,2024-06-02T15:00:00Z,2024-06-02T16:00:00Z,train,True,0,162,148,377,6,10,2024-06-02,True,14,False
35,34,35,2024-06-02T16:00:00Z,2024-06-02T17:00:00Z,train,True,0,149,162,387,6,11,2024-06-02,True,13,False
36,35,36,2024-06-02T17:00:00Z,2024-06-02T18:00:00Z,train,True,0,152,149,396,6,12,2024-06-02,True,3,False
37,36,37,2024-06-02T18:00:00Z,2024-06-02T19:00:00Z,train,True,0,128,152,375,6,13,2024-06-02,True,24,False
38,37,38,2024-06-02T19:00:00Z,2024-06-02T20:00:00Z,train,True,0,131,128,342,6,14,2024-06-02,True,3,False
39,38,39,2024-06-02T20:00:00Z,2024-06-02T21:00:00Z,train,True,0,94,131,224,6,15,2024-06-02,True,37,False
40,39,40,2024-06-02T21:00:00Z,2024-06-02T22:00:00Z,train,True,0,73,94,176,6,16,2024-06-02,True,21,False
41,40,41,2024-06-02T22:00:00Z,2024-06-02T23:00:00Z,train,True,0,42,73,95,6,17,2024-06-02,True,31,False
42,41,42,2024-06-02T23:00:00Z,2024-06-03T00:00:00Z,train,True,0,19,42,37,6,18,2024-06-02,True,23,False
43,42,43,2024-06-03T00:00:00Z,2024-06-03T01:00:00Z,train,True,0,1,19,2,6,19,2024-06-02,False,18,False
44,43,44,2024-06-03T01:00:00Z,2024-06-03T02:00:00Z,train,True,0,0,1,0,6,20,2024-06-02,False,1,False
45,44,45,2024-06-03T02:00:00Z,2024-06-03T03:00:00Z,train,True,0,0,0,0,6,21,2024-06-02,False,0,False
46,45,46,2024-06-03T03:00:00Z,2024-06-03T04:00:00Z,train,True,0,0,0,0,6,22,2024-06-02,False,0,False
47,46,47,2024-06-03T04:00:00Z,2024-06-03T05:00:00Z,train,True,0,0,0,0,6,23,2024-06-02,False,0,False
48,47,48,2024-06-03T05:00:00Z,2024-06-03T06:00:00Z,train,True,0,0,0,0,6,0,2024-06-03,False,0,False
49,48,49,2024-06-03T06:00:00Z,2024-06-03T07:00:00Z,train,True,0,0,0,0,6,1,2024-06-03,False,0,False
50,49,50,2024-06-03T07:00:00Z,2024-06-03T08:00:00Z,train,True,0,0,0,0,6,2,2024-06-03,False,0,False
51,50,51,2024-06-03T08:00:00Z,2024-06-03T09:00:00Z,train,True,0,0,0,0,6,3,2024-06-03,False,0,False
52,51,52,2024-06-03T09:00:00Z,2024-06-03T10:00:00Z,train,True,0,0,0,1,6,4,2024-06-03,False,0,False
53,52,53,2024-06-03T10:00:00Z,2024-06-03T11:00:00Z,train,True,0,11,0,13,6,5,2024-06-03,True,11,False
54,53,54,2024-06-03T11:00:00Z,2024-06-03T12:00:00Z,train,True,0,48,11,41,6,6,2024-06-03,True,37,False
55,54,55,2024-06-03T12:00:00Z,2024-06-03T13:00:00Z,train,True,0,138,48,98,6,7,2024-06-03,True,90,True
56,55,56,2024-06-03T13:00:00Z,2024-06-03T14:00:00Z,train,True,0,202,138,144,6,8,2024-06-03,True,64,False
57,56,57,2024-06-03T14:00:00Z,2024-06-03T15:00:00Z,train,True,0,236,202,148,6,9,2024-06-03,True,34,False
58,57,58,2024-06-03T15:00:00Z,2024-06-03T16:00:00Z,train,True,0,293,236,162,6,10,2024-06-03,True,57,False
59,58,59,2024-06-03T16:00:00Z,2024-06-03T17:00:00Z,train,True,0,347,293,149,6,11,2024-06-03,True,54,False
60,59,60,2024-06-03T17:00:00Z,2024-06-03T18:00:00Z,train,True,0,310,347,152,6,12,2024-06-03,True,37,False
61,60,61,2024-06-03T18:00:00Z,2024-06-03T19:00:00Z,train,True,0,326,310,128,6,13,2024-06-03,True,16,False
62,61,62,2024-06-03T19:00:00Z,2024-06-03T20:00:00Z,train,True,0,350,326,131,6,14,2024-06-03,True,24,False
63,62,63,2024-06-03T20:00:00Z,2024-06-03T21:00:00Z,train,True,0,290,350,94,6,15,2024-06-03,True,60,False
64,63,64,2024-06-03T21:00:00Z,2024-06-03T22:00:00Z,train,True,0,207,290,73,6,16,2024-06-03,True,83,True
65,64,65,2024-06-03T22:00:00Z,2024-06-03T23:00:00Z,train,True,0,104,207,42,6,17,2024-06-03,True,103,True
66,65,66,2024-06-03T23:00:00Z,2024-06-04T00:00:00Z,train,True,0,31,104,19,6,18,2024-06-03,True,73,True
67,66,67,2024-06-04T00:00:00Z,2024-06-04T01:00:00Z,train,True,0,7,31,1,6,19,2024-06-03,True,24,False
68,67,68,2024-06-04T01:00:00Z,2024-06-04T02:00:00Z,train,True,0,0,7,0,6,20,2024-06-03,False,7,False
69,68,69,2024-06-04T02:00:00Z,2024-06-04T03:00:00Z,train,True,0,0,0,0,6,21,2024-06-03,False,0,False
70,69,70,2024-06-04T03:00:00Z,2024-06-04T04:00:00Z,train,True,0,0,0,0,6,22,2024-06-03,False,0,False
71,70,71,2024-06-04T04:00:00Z,2024-06-04T05:00:00Z,train,True,0,0,0,0,6,23,2024-06-03,False,0,False
72,71,72,2024-06-04T05:00:00Z,2024-06-04T06:00:00Z,train,True,0,0,0,0,6,0,2024-06-04,False,0,False
73,72,73,2024-06-04T06:00:00Z,2024-06-04T07:00:00Z,train,True,0,0,0,0,6,1,2024-06-04,False,0,False
74,73,74,2024-06-04T07:00:00Z,2024-06-04T08:00:00Z,train,True,0,0,0,0,6,2,2024-06-04,False,0,False
75,74,75,2024-06-04T08:00:00Z,2024-06-04T09:00:00Z,train,True,0,0,0,0,6,3,2024-06-04,False,0,False
76,75,76,2024-06-04T09:00:00Z,2024-06-04T10:00:00Z,train,True,0,0,0,0,6,4,2024-06-04,False,0,False
77,76,77,2024-06-04T10:00:00Z,2024-06-04T11:00:00Z,train,True,0,14,0,11,6,5,2024-06-04,True,14,False
78,77,78,2024-06-04T11:00:00Z,2024-06-04T12:00:00Z,train,True,0,70,14,48,6,6,2024-06-04,True,56,False
79,78,79,2024-06-04T12:00:00Z,2024-06-04T13:00:00Z,train,True,0,160,70,138,6,7,2024-06-04,True,90,True
80,79,80,2024-06-04T13:00:00Z,2024-06-04T14:00:00Z,train,True,0,263,160,202,6,8,2024-06-04,True,103,True
81,80,81,2024-06-04T14:00:00Z,2024-06-04T15:00:00Z,train,True,0,334,263,236,6,9,2024-06-04,True,71,False
82,81,82,2024-06-04T15:00:00Z,2024-06-04T16:00:00Z,train,True,0,341,334,293,6,10,2024-06-04,True,7,False
83,82,83,2024-06-04T16:00:00Z,2024-06-04T17:00:00Z,train,True,0,271,341,347,6,11,2024-06-04,True,70,False
84,83,84,2024-06-04T17:00:00Z,2024-06-04T18:00:00Z,train,True,0,246,271,310,6,12,2024-06-04,True,25,False
85,84,85,2024-06-04T18:00:00Z,2024-06-04T19:00:00Z,train,True,0,252,246,326,6,13,2024-06-04,True,6,False
86,85,86,2024-06-04T19:00:00Z,2024-06-04T20:00:00Z,train,True,0,258,252,350,6,14,2024-06-04,True,6,False
87,86,87,2024-06-04T20:00:00Z,2024-06-04T21:00:00Z,train,True,0,216,258,290,6,15,2024-06-04,True,42,False
88,87,88,2024-06-04T21:00:00Z,2024-06-04T22:00:00Z,train,True,0,168,216,207,6,16,2024-06-04,True,48,False
89,88,89,2024-06-04T22:00:00Z,2024-06-04T23:00:00Z,train,True,0,106,168,104,6,17,2024-06-04,True,62,False
90,89,90,2024-06-04T23:00:00Z,2024-06-05T00:00:00Z,train,True,0,34,106,31,6,18,2024-06-04,True,72,True
91,90,91,2024-06-05T00:00:00Z,2024-06-05T01:00:00Z,train,True,0,8,34,7,6,19,2024-06-04,True,26,False
92,91,92,2024-06-05T01:00:00Z,2024-06-05T02:00:00Z,train,True,0,0,8,0,6,20,2024-06-04,False,8,False
93,92,93,2024-06-05T02:00:00Z,2024-06-05T03:00:00Z,train,True,0,0,0,0,6,21,2024-06-04,False,0,False
94,93,94,2024-06-05T03:00:00Z,2024-06-05T04:00:00Z,train,True,0,0,0,0,6,22,2024-06-04,False,0,False
95,94,95,2024-06-05T04:00:00Z,2024-06-05T05:00:00Z,train,True,0,0,0,0,6,23,2024-06-04,False,0,False
96,95,96,2024-06-05T05:00:00Z,2024-06-05T06:00:00Z,train,True,0,0,0,0,6,0,2024-06-05,False,0,False
97,96,97,2024-06-05T06:00:00Z,2024-06-05T07:00:00Z,train,True,0,0,0,0,6,1,2024-06-05,False,0,False
98,97,98,2024-06-05T07:00:00Z,2024-06-05T08:00:00Z,train,True,0,0,0,0,6,2,2024-06-05,False,0,False
99,98,99,2024-06-05T08:00:00Z,2024-06-05T09:00:00Z,train,True,0,0,0,0,6,3,2024-06-05,False,0,False
100,99,100,2024-06-05T09:00:00Z,2024-06-05T10:00:00Z,train,True,0,0,0,0,6,4,2024-06-05,False,0,False
101,100,101,2024-06-05T10:00:00Z,2024-06-05T11:00:00Z,train,True,0,10,0,14,6,5,2024-06-05,True,10,False
102,101,102,2024-06-05T11:00:00Z,2024-06-05T12:00:00Z,train,True,0,64,10,70,6,6,2024-06-05,True,54,False
103,102,103,2024-06-05T12:00:00Z,2024-06-05T13:00:00Z,train,True,0,139,64,160,6,7,2024-06-05,True,75,True
104,103,104,2024-06-05T13:00:00Z,2024-06-05T14:00:00Z,train,True,0,198,139,263,6,8,2024-06-05,True,59,False
105,104,105,2024-06-05T14:00:00Z,2024-06-05T15:00:00Z,train,True,0,240,198,334,6,9,2024-06-05,True,42,False
106,105,106,2024-06-05T15:00:00Z,2024-06-05T16:00:00Z,train,True,0,275,240,341,6,10,2024-06-05,True,35,False
107,106,107,2024-06-05T16:00:00Z,2024-06-05T17:00:00Z,train,True,0,306,275,271,6,11,2024-06-05,True,31,False
108,107,108,2024-06-05T17:00:00Z,2024-06-05T18:00:00Z,train,True,0,341,306,246,6,12,2024-06-05,True,35,False
109,108,109,2024-06-05T18:00:00Z,2024-06-05T19:00:00Z,train,True,0,374,341,252,6,13,2024-06-05,True,33,False
110,109,110,2024-06-05T19:00:00Z,2024-06-05T20:00:00Z,train,True,0,313,374,258,6,14,2024-06-05,True,61,False
111,110,111,2024-06-05T20:00:00Z,2024-06-05T21:00:00Z,train,True,0,213,313,216,6,15,2024-06-05,True,100,True
112,111,112,2024-06-05T21:00:00Z,2024-06-05T22:00:00Z,train,True,0,141,213,168,6,16,2024-06-05,True,72,True
113,112,113,2024-06-05T22:00:00Z,2024-06-05T23:00:00Z,train,True,0,76,141,106,6,17,2024-06-05,True,65,False
114,113,114,2024-06-05T23:00:00Z,2024-06-06T00:00:00Z,train,True,0,24,76,34,6,18,2024-06-05,True,52,False
115,114,115,2024-06-06T00:00:00Z,2024-06-06T01:00:00Z,train,True,0,3,24,8,6,19,2024-06-05,False,21,False
116,115,116,2024-06-06T01:00:00Z,2024-06-06T02:00:00Z,train,True,0,0,3,0,6,20,2024-06-05,False,3,False
117,116,117,2024-06-06T02:00:00Z,2024-06-06T03:00:00Z,train,True,0,0,0,0,6,21,2024-06-05,False,0,False
118,117,118,2024-06-06T03:00:00Z,2024-06-06T04:00:00Z,train,True,0,0,0,0,6,22,2024-06-05,False,0,False
119,118,119,2024-06-06T04:00:00Z,2024-06-06T05:00:00Z,train,True,0,0,0,0,6,23,2024-06-05,False,0,False
120,119,120,2024-06-06T05:00:00Z,2024-06-06T06:00:00Z,train,True,0,0,0,0,6,0,2024-06-06,False,0,False
121,120,121,2024-06-06T06:00:00Z,2024-06-06T07:00:00Z,train,True,0,0,0,0,6,1,2024-06-06,False,0,False
122,121,122,2024-06-06T07:00:00Z,2024-06-06T08:00:00Z,train,True,0,0,0,0,6,2,2024-06-06,False,0,False
123,122,123,2024-06-06T08:00:00Z,2024-06-06T09:00:00Z,train,True,0,0,0,0,6,3,2024-06-06,False,0,False
124,123,124,2024-06-06T09:00:00Z,2024-06-06T10:00:00Z,train,True,0,0,0,0,6,4,2024-06-06,False,0,False
125,124,125,2024-06-06T10:00:00Z,2024-06-06T11:00:00Z,train,True,0,4,0,10,6,5,2024-06-06,True,4,False
126,125,126,2024-06-06T11:00:00Z,2024-06-06T12:00:00Z,train,True,0,37,4,64,6,6,2024-06-06,True,33,False
127,126,127,2024-06-06T12:00:00Z,2024-06-06T13:00:00Z,train,True,0,98,37,139,6,7,2024-06-06,True,61,False
128,127,128,2024-06-06T13:00:00Z,2024-06-06T14:00:00Z,train,True,0,178,98,198,6,8,2024-06-06,True,80,True
129,128,129,2024-06-06T14:00:00Z,2024-06-06T15:00:00Z,train,True,0,215,178,240,6,9,2024-06-06,True,37,False
130,129,130,2024-06-06T15:00:00Z,2024-06-06T16:00:00Z,train,True,0,211,215,275,6,10,2024-06-06,True,4,False
131,130,131,2024-06-06T16:00:00Z,2024-06-06T17:00:00Z,train,True,0,245,211,306,6,11,2024-06-06,True,34,False
132,131,132,2024-06-06T17:00:00Z,2024-06-06T18:00:00Z,train,True,0,284,245,341,6,12,2024-06-06,True,39,False
133,132,133,2024-06-06T18:00:00Z,2024-06-06T19:00:00Z,train,True,0,363,284,374,6,13,2024-06-06,True,79,True
134,133,134,2024-06-06T19:00:00Z,2024-06-06T20:00:00Z,train,True,0,367,363,313,6,14,2024-06-06,True,4,False
135,134,135,2024-06-06T20:00:00Z,2024-06-06T21:00:00Z,train,True,0,223,367,213,6,15,2024-06-06,True,144,True
136,135,136,2024-06-06T21:00:00Z,2024-06-06T22:00:00Z,train,True,0,149,223,141,6,16,2024-06-06,True,74,True
137,136,137,2024-06-06T22:00:00Z,2024-06-06T23:00:00Z,train,True,0,82,149,76,6,17,2024-06-06,True,67,False
138,137,138,2024-06-06T23:00:00Z,2024-06-07T00:00:00Z,train,True,0,29,82,24,6,18,2024-06-06,True,53,False
139,138,139,2024-06-07T00:00:00Z,2024-06-07T01:00:00Z,train,True,0,3,29,3,6,19,2024-06-06,True,26,False
140,139,140,2024-06-07T01:00:00Z,2024-06-07T02:00:00Z,train,True,0,0,3,0,6,20,2024-06-06,False,3,False
141,140,141,2024-06-07T02:00:00Z,2024-06-07T03:00:00Z,train,True,0,0,0,0,6,21,2024-06-06,False,0,False
142,141,142,2024-06-07T03:00:00Z,2024-06-07T04:00:00Z,train,True,0,0,0,0,6,22,2024-06-06,False,0,False
143,142,143,2024-06-07T04:00:00Z,2024-06-07T05:00:00Z,train,True,0,0,0,0,6,23,2024-06-06,False,0,False
144,143,144,2024-06-07T05:00:00Z,2024-06-07T06:00:00Z,train,True,0,0,0,0,6,0,2024-06-07,False,0,False
145,144,145,2024-06-07T06:00:00Z,2024-06-07T07:00:00Z,train,True,0,0,0,0,6,1,2024-06-07,False,0,False
146,145,146,2024-06-07T07:00:00Z,2024-06-07T08:00:00Z,train,True,0,0,0,0,6,2,2024-06-07,False,0,False
147,146,147,2024-06-07T08:00:00Z,2024-06-07T09:00:00Z,train,True,0,0,0,0,6,3,2024-06-07,False,0,False
148,147,148,2024-06-07T09:00:00Z,2024-06-07T10:00:00Z,train,True,0,1,0,0,6,4,2024-06-07,False,1,False
149,148,149,2024-06-07T10:00:00Z,2024-06-07T11:00:00Z,train,True,0,7,1,4,6,5,2024-06-07,True,6,False
150,149,150,2024-06-07T11:00:00Z,2024-06-07T12:00:00Z,train,True,0,34,7,37,6,6,2024-06-07,True,27,False
151,150,151,2024-06-07T12:00:00Z,2024-06-07T13:00:00Z,train,True,0,87,34,98,6,7,2024-06-07,True,53,False
152,151,152,2024-06-07T13:00:00Z,2024-06-07T14:00:00Z,train,True,0,136,87,178,6,8,2024-06-07,True,49,False
153,152,153,2024-06-07T14:00:00Z,2024-06-07T15:00:00Z,train,True,0,192,136,215,6,9,2024-06-07,True,56,False
154,153,154,2024-06-07T15:00:00Z,2024-06-07T16:00:00Z,train,True,0,202,192,211,6,10,2024-06-07,True,10,False
155,154,155,2024-06-07T16:00:00Z,2024-06-07T17:00:00Z,train,True,0,199,202,245,6,11,2024-06-07,True,3,False
156,155,156,2024-06-07T17:00:00Z,2024-06-07T18:00:00Z,train,True,0,251,199,284,6,12,2024-06-07,True,52,False
157,156,157,2024-06-07T18:00:00Z,2024-06-07T19:00:00Z,train,True,0,260,251,363,6,13,2024-06-07,True,9,False
158,157,158,2024-06-07T19:00:00Z,2024-06-07T20:00:00Z,train,True,0,173,260,367,6,14,2024-06-07,True,87,True
159,158,159,2024-06-07T20:00:00Z,2024-06-07T21:00:00Z,train,True,0,130,173,223,6,15,2024-06-07,True,43,False
160,159,160,2024-06-07T21:00:00Z,2024-06-07T22:00:00Z,train,True,0,92,130,149,6,16,2024-06-07,True,38,False
161,160,161,2024-06-07T22:00:00Z,2024-06-07T23:00:00Z,train,True,0,68,92,82,6,17,2024-06-07,True,24,False
162,161,162,2024-06-07T23:00:00Z,2024-06-08T00:00:00Z,train,True,0,33,68,29,6,18,2024-06-07,True,35,False
163,162,163,2024-06-08T00:00:00Z,2024-06-08T01:00:00Z,train,True,0,3,33,3,6,19,2024-06-07,True,30,False
164,163,164,2024-06-08T01:00:00Z,2024-06-08T02:00:00Z,train,True,0,0,3,0,6,20,2024-06-07,False,3,False
165,164,165,2024-06-08T02:00:00Z,2024-06-08T03:00:00Z,train,True,0,0,0,0,6,21,2024-06-07,False,0,False
166,165,166,2024-06-08T03:00:00Z,2024-06-08T04:00:00Z,train,True,0,0,0,0,6,22,2024-06-07,False,0,False
167,166,167,2024-06-08T04:00:00Z,2024-06-08T05:00:00Z,train,True,0,0,0,0,6,23,2024-06-07,False,0,False
168,167,168,2024-06-08T05:00:00Z,2024-06-08T06:00:00Z,train,True,0,0,0,0,6,0,2024-06-08,False,0,False
169,168,169,2024-06-08T06:00:00Z,2024-06-08T07:00:00Z,train,True,0,0,0,0,6,1,2024-06-08,False,0,False
170,169,170,2024-06-08T07:00:00Z,2024-06-08T08:00:00Z,train,True,0,0,0,0,6,2,2024-06-08,False,0,False
171,170,171,2024-06-08T08:00:00Z,2024-06-08T09:00:00Z,train,True,0,0,0,0,6,3,2024-06-08,False,0,False
172,171,172,2024-06-08T09:00:00Z,2024-06-08T10:00:00Z,train,True,0,0,0,1,6,4,2024-06-08,False,0,False
173,172,173,2024-06-08T10:00:00Z,2024-06-08T11:00:00Z,train,True,0,10,0,7,6,5,2024-06-08,True,10,False
174,173,174,2024-06-08T11:00:00Z,2024-06-08T12:00:00Z,train,True,0,60,10,34,6,6,2024-06-08,True,50,False
175,174,175,2024-06-08T12:00:00Z,2024-06-08T13:00:00Z,train,True,0,140,60,87,6,7,2024-06-08,True,80,True
176,175,176,2024-06-08T13:00:00Z,2024-06-08T14:00:00Z,train,True,0,188,140,136,6,8,2024-06-08,True,48,False
177,176,177,2024-06-08T14:00:00Z,2024-06-08T15:00:00Z,train,True,0,265,188,192,6,9,2024-06-08,True,77,True
178,177,178,2024-06-08T15:00:00Z,2024-06-08T16:00:00Z,train,True,0,292,265,202,6,10,2024-06-08,True,27,False
179,178,179,2024-06-08T16:00:00Z,2024-06-08T17:00:00Z,train,True,0,296,292,199,6,11,2024-06-08,True,4,False
180,179,180,2024-06-08T17:00:00Z,2024-06-08T18:00:00Z,train,True,0,286,296,251,6,12,2024-06-08,True,10,False
181,180,181,2024-06-08T18:00:00Z,2024-06-08T19:00:00Z,train,True,0,254,286,260,6,13,2024-06-08,True,32,False
182,181,182,2024-06-08T19:00:00Z,2024-06-08T20:00:00Z,train,True,0,212,254,173,6,14,2024-06-08,True,42,False
183,182,183,2024-06-08T20:00:00Z,2024-06-08T21:00:00Z,train,True,0,132,212,130,6,15,2024-06-08,True,80,True
184,183,184,2024-06-08T21:00:00Z,2024-06-08T22:00:00Z,train,True,0,83,132,92,6,16,2024-06-08,True,49,False
185,184,185,2024-06-08T22:00:00Z,2024-06-08T23:00:00Z,train,True,0,31,83,68,6,17,2024-06-08,True,52,False
186,185,186,2024-06-08T23:00:00Z,2024-06-09T00:00:00Z,train,True,0,12,31,33,6,18,2024-06-08,True,19,False
187,186,187,2024-06-09T00:00:00Z,2024-06-09T01:00:00Z,train,True,0,1,12,3,6,19,2024-06-08,False,11,False
188,187,188,2024-06-09T01:00:00Z,2024-06-09T02:00:00Z,train,True,0,0,1,0,6,20,2024-06-08,False,1,False
189,188,189,2024-06-09T02:00:00Z,2024-06-09T03:00:00Z,train,True,0,0,0,0,6,21,2024-06-08,False,0,False
190,189,190,2024-06-09T03:00:00Z,2024-06-09T04:00:00Z,train,True,0,0,0,0,6,22,2024-06-08,False,0,False
191,190,191,2024-06-09T04:00:00Z,2024-06-09T05:00:00Z,train,True,0,0,0,0,6,23,2024-06-08,False,0,False
192,191,192,2024-06-09T05:00:00Z,2024-06-09T06:00:00Z,train,True,0,0,0,0,6,0,2024-06-09,False,0,False
193,192,193,2024-06-09T06:00:00Z,2024-06-09T07:00:00Z,train,True,0,0,0,0,6,1,2024-06-09,False,0,False
194,193,194,2024-06-09T07:00:00Z,2024-06-09T08:00:00Z,train,True,0,0,0,0,6,2,2024-06-09,False,0,False
195,194,195,2024-06-09T08:00:00Z,2024-06-09T09:00:00Z,train,True,0,0,0,0,6,3,2024-06-09,False,0,False
196,195,196,2024-06-09T09:00:00Z,2024-06-09T10:00:00Z,train,True,0,0,0,0,6,4,2024-06-09,False,0,False
197,196,197,2024-06-09T10:00:00Z,2024-06-09T11:00:00Z,train,True,0,9,0,10,6,5,2024-06-09,True,9,False
198,197,198,2024-06-09T11:00:00Z,2024-06-09T12:00:00Z,train,True,0,54,9,60,6,6,2024-06-09,True,45,False
199,198,199,2024-06-09T12:00:00Z,2024-06-09T13:00:00Z,train,True,0,153,54,140,6,7,2024-06-09,True,99,True
200,199,200,2024-06-09T13:00:00Z,2024-06-09T14:00:00Z,train,True,0,222,153,188,6,8,2024-06-09,True,69,False
201,200,201,2024-06-09T14:00:00Z,2024-06-09T15:00:00Z,train,True,0,283,222,265,6,9,2024-06-09,True,61,False
202,201,202,2024-06-09T15:00:00Z,2024-06-09T16:00:00Z,train,True,0,278,283,292,6,10,2024-06-09,True,5,False
203,202,203,2024-06-09T16:00:00Z,2024-06-09T17:00:00Z,train,True,0,260,278,296,6,11,2024-06-09,True,18,False
204,203,204,2024-06-09T17:00:00Z,2024-06-09T18:00:00Z,train,True,0,306,260,286,6,12,2024-06-09,True,46,False
205,204,205,2024-06-09T18:00:00Z,2024-06-09T19:00:00Z,train,True,0,199,306,254,6,13,2024-06-09,True,107,True
206,205,206,2024-06-09T19:00:00Z,2024-06-09T20:00:00Z,train,True,0,216,199,212,6,14,2024-06-09,True,17,False
207,206,207,2024-06-09T20:00:00Z,2024-06-09T21:00:00Z,train,True,0,149,216,132,6,15,2024-06-09,True,67,False
208,207,208,2024-06-09T21:00:00Z,2024-06-09T22:00:00Z,train,True,0,117,149,83,6,16,2024-06-09,True,32,False
209,208,209,2024-06-09T22:00:00Z,2024-06-09T23:00:00Z,train,True,0,73,117,31,6,17,2024-06-09,True,44,False
210,209,210,2024-06-09T23:00:00Z,2024-06-10T00:00:00Z,train,True,0,30,73,12,6,18,2024-06-09,True,43,False
211,210,211,2024-06-10T00:00:00Z,2024-06-10T01:00:00Z,train,True,0,4,30,1,6,19,2024-06-09,True,26,False
212,211,212,2024-06-10T01:00:00Z,2024-06-10T02:00:00Z,train,True,0,0,4,0,6,20,2024-06-09,False,4,False
213,212,213,2024-06-10T02:00:00Z,2024-06-10T03:00:00Z,train,True,0,0,0,0,6,21,2024-06-09,False,0,False
214,213,214,2024-06-10T03:00:00Z,2024-06-10T04:00:00Z,train,True,0,0,0,0,6,22,2024-06-09,False,0,False
215,214,215,2024-06-10T04:00:00Z,2024-06-10T05:00:00Z,train,True,0,0,0,0,6,23,2024-06-09,False,0,False
216,215,216,2024-06-10T05:00:00Z,2024-06-10T06:00:00Z,train,True,0,0,0,0,6,0,2024-06-10,False,0,False
217,216,217,2024-06-10T06:00:00Z,2024-06-10T07:00:00Z,train,True,0,0,0,0,6,1,2024-06-10,False,0,False
218,217,218,2024-06-10T07:00:00Z,2024-06-10T08:00:00Z,train,True,0,0,0,0,6,2,2024-06-10,False,0,False
219,218,219,2024-06-10T08:00:00Z,2024-06-10T09:00:00Z,train,True,0,0,0,0,6,3,2024-06-10,False,0,False
220,219,220,2024-06-10T09:00:00Z,2024-06-10T10:00:00Z,train,True,0,0,0,0,6,4,2024-06-10,False,0,False
221,220,221,2024-06-10T10:00:00Z,2024-06-10T11:00:00Z,train,True,0,8,0,9,6,5,2024-06-10,True,8,False
222,221,222,2024-06-10T11:00:00Z,2024-06-10T12:00:00Z,train,True,0,33,8,54,6,6,2024-06-10,True,25,False
223,222,223,2024-06-10T12:00:00Z,2024-06-10T13:00:00Z,train,True,0,69,33,153,6,7,2024-06-10,True,36,False
224,223,224,2024-06-10T13:00:00Z,2024-06-10T14:00:00Z,train,True,0,127,69,222,6,8,2024-06-10,True,58,False
225,224,225,2024-06-10T14:00:00Z,2024-06-10T15:00:00Z,train,True,0,194,127,283,6,9,2024-06-10,True,67,False
226,225,226,2024-06-10T15:00:00Z,2024-06-10T16:00:00Z,train,True,0,208,194,278,6,10,2024-06-10,True,14,False
227,226,227,2024-06-10T16:00:00Z,2024-06-10T17:00:00Z,train,True,0,211,208,260,6,11,2024-06-10,True,3,False
228,227,228,2024-06-10T17:00:00Z,2024-06-10T18:00:00Z,train,True,0,216,211,306,6,12,2024-06-10,True,5,False
229,228,229,2024-06-10T18:00:00Z,2024-06-10T19:00:00Z,train,True,0,210,216,199,6,13,2024-06-10,True,6,False
230,229,230,2024-06-10T19:00:00Z,2024-06-10T20:00:00Z,train,True,0,169,210,216,6,14,2024-06-10,True,41,False
231,230,231,2024-06-10T20:00:00Z,2024-06-10T21:00:00Z,train,True,0,158,169,149,6,15,2024-06-10,True,11,False
232,231,232,2024-06-10T21:00:00Z,2024-06-10T22:00:00Z,train,True,0,127,158,117,6,16,2024-06-10,True,31,False
233,232,233,2024-06-10T22:00:00Z,2024-06-10T23:00:00Z,train,True,0,81,127,73,6,17,2024-06-10,True,46,False
234,233,234,2024-06-10T23:00:00Z,2024-06-11T00:00:00Z,train,True,0,37,81,30,6,18,2024-06-10,True,44,False
235,234,235,2024-06-11T00:00:00Z,2024-06-11T01:00:00Z,val,True,0,5,37,4,6,19,2024-06-10,True,32,False
236,235,236,2024-06-11T01:00:00Z,2024-06-11T02:00:00Z,val,True,0,0,5,0,6,20,2024-06-10,False,5,False
237,236,237,2024-06-11T02:00:00Z,2024-06-11T03:00:00Z,val,True,0,0,0,0,6,21,2024-06-10,False,0,False
238,237,238,2024-06-11T03:00:00Z,2024-06-11T04:00:00Z,val,True,0,0,0,0,6,22,2024-06-10,False,0,False
239,238,239,2024-06-11T04:00:00Z,2024-06-11T05:00:00Z,val,True,0,0,0,0,6,23,2024-06-10,False,0,False
240,239,240,2024-06-11T05:00:00Z,2024-06-11T06:00:00Z,val,True,0,0,0,0,6,0,2024-06-11,False,0,False
241,240,241,2024-06-11T06:00:00Z,2024-06-11T07:00:00Z,val,True,0,0,0,0,6,1,2024-06-11,False,0,False
242,241,242,2024-06-11T07:00:00Z,2024-06-11T08:00:00Z,val,True,0,0,0,0,6,2,2024-06-11,False,0,False
243,242,243,2024-06-11T08:00:00Z,2024-06-11T09:00:00Z,val,True,0,0,0,0,6,3,2024-06-11,False,0,False
244,243,244,2024-06-11T09:00:00Z,2024-06-11T10:00:00Z,val,True,0,0,0,0,6,4,2024-06-11,False,0,False
245,244,245,2024-06-11T10:00:00Z,2024-06-11T11:00:00Z,val,True,0,9,0,8,6,5,2024-06-11,True,9,False
246,245,246,2024-06-11T11:00:00Z,2024-06-11T12:00:00Z,val,True,0,46,9,33,6,6,2024-06-11,True,37,False
247,246,247,2024-06-11T12:00:00Z,2024-06-11T13:00:00Z,val,True,0,105,46,69,6,7,2024-06-11,True,59,False
248,247,248,2024-06-11T13:00:00Z,2024-06-11T14:00:00Z,val,True,0,185,105,127,6,8,2024-06-11,True,80,True
249,248,249,2024-06-11T14:00:00Z,2024-06-11T15:00:00Z,val,True,0,272,185,194,6,9,2024-06-11,True,87,True
250,249,250,2024-06-11T15:00:00Z,2024-06-11T16:00:00Z,val,True,0,248,272,208,6,10,2024-06-11,True,24,False
251,250,251,2024-06-11T16:00:00Z,2024-06-11T17:00:00Z,val,True,0,295,248,211,6,11,2024-06-11,True,47,False
252,251,252,2024-06-11T17:00:00Z,2024-06-11T18:00:00Z,val,True,0,283,295,216,6,12,2024-06-11,True,12,False
253,252,253,2024-06-11T18:00:00Z,2024-06-11T19:00:00Z,val,True,0,278,283,210,6,13,2024-06-11,True,5,False
254,253,254,2024-06-11T19:00:00Z,2024-06-11T20:00:00Z,val,True,0,230,278,169,6,14,2024-06-11,True,48,False
255,254,255,2024-06-11T20:00:00Z,2024-06-11T21:00:00Z,val,True,0,213,230,158,6,15,2024-06-11,True,17,False
256,255,256,2024-06-11T21:00:00Z,2024-06-11T22:00:00Z,val,True,0,187,213,127,6,16,2024-06-11,True,26,False
257,256,257,2024-06-11T22:00:00Z,2024-06-11T23:00:00Z,val,True,0,99,187,81,6,17,2024-06-11,True,88,True
258,257,258,2024-06-11T23:00:00Z,2024-06-12T00:00:00Z,val,True,0,27,99,37,6,18,2024-06-11,True,72,True
259,258,259,2024-06-12T00:00:00Z,2024-06-12T01:00:00Z,val,True,0,5,27,5,6,19,2024-06-11,True,22,False
260,259,260,2024-06-12T01:00:00Z,2024-06-12T02:00:00Z,val,True,0,0,5,0,6,20,2024-06-11,False,5,False
261,260,261,2024-06-12T02:00:00Z,2024-06-12T03:00:00Z,val,True,0,0,0,0,6,21,2024-06-11,False,0,False
262,261,262,2024-06-12T03:00:00Z,2024-06-12T04:00:00Z,val,True,0,0,0,0,6,22,2024-06-11,False,0,False
263,262,263,2024-06-12T04:00:00Z,2024-06-12T05:00:00Z,val,True,0,0,0,0,6,23,2024-06-11,False,0,False
264,263,264,2024-06-12T05:00:00Z,2024-06-12T06:00:00Z,val,True,0,0,0,0,6,0,2024-06-12,False,0,False
265,264,265,2024-06-12T06:00:00Z,2024-06-12T07:00:00Z,val,True,0,0,0,0,6,1,2024-06-12,False,0,False
266,265,266,2024-06-12T07:00:00Z,2024-06-12T08:00:00Z,val,True,0,0,0,0,6,2,2024-06-12,False,0,False
267,266,267,2024-06-12T08:00:00Z,2024-06-12T09:00:00Z,val,True,0,0,0,0,6,3,2024-06-12,False,0,False
268,267,268,2024-06-12T09:00:00Z,2024-06-12T10:00:00Z,test,True,0,0,0,0,6,4,2024-06-12,False,0,False
269,268,269,2024-06-12T10:00:00Z,2024-06-12T11:00:00Z,test,True,0,9,0,9,6,5,2024-06-12,True,9,False
270,269,270,2024-06-12T11:00:00Z,2024-06-12T12:00:00Z,test,True,0,46,9,46,6,6,2024-06-12,True,37,False
271,270,271,2024-06-12T12:00:00Z,2024-06-12T13:00:00Z,test,True,0,126,46,105,6,7,2024-06-12,True,80,True
272,271,272,2024-06-12T13:00:00Z,2024-06-12T14:00:00Z,test,True,0,205,126,185,6,8,2024-06-12,True,79,True
273,272,273,2024-06-12T14:00:00Z,2024-06-12T15:00:00Z,test,True,0,298,205,272,6,9,2024-06-12,True,93,True
274,273,274,2024-06-12T15:00:00Z,2024-06-12T16:00:00Z,test,True,0,353,298,248,6,10,2024-06-12,True,55,False
275,274,275,2024-06-12T16:00:00Z,2024-06-12T17:00:00Z,test,True,0,350,353,295,6,11,2024-06-12,True,3,False
276,275,276,2024-06-12T17:00:00Z,2024-06-12T18:00:00Z,test,True,0,356,350,283,6,12,2024-06-12,True,6,False
277,276,277,2024-06-12T18:00:00Z,2024-06-12T19:00:00Z,test,True,0,397,356,278,6,13,2024-06-12,True,41,False
278,277,278,2024-06-12T19:00:00Z,2024-06-12T20:00:00Z,test,True,0,382,397,230,6,14,2024-06-12,True,15,False
279,278,279,2024-06-12T20:00:00Z,2024-06-12T21:00:00Z,test,True,0,312,382,213,6,15,2024-06-12,True,70,False
280,279,280,2024-06-12T21:00:00Z,2024-06-12T22:00:00Z,test,True,0,229,312,187,6,16,2024-06-12,True,83,True
281,280,281,2024-06-12T22:00:00Z,2024-06-12T23:00:00Z,test,True,0,118,229,99,6,17,2024-06-12,True,111,True
282,281,282,2024-06-12T23:00:00Z,2024-06-13T00:00:00Z,test,True,0,32,118,27,6,18,2024-06-12,True,86,True
283,282,283,2024-06-13T00:00:00Z,2024-06-13T01:00:00Z,test,True,0,8,32,5,6,19,2024-06-12,True,24,False
284,283,284,2024-06-13T01:00:00Z,2024-06-13T02:00:00Z,test,True,0,0,8,0,6,20,2024-06-12,False,8,False
285,284,285,2024-06-13T02:00:00Z,2024-06-13T03:00:00Z,test,True,0,0,0,0,6,21,2024-06-12,False,0,False
286,285,286,2024-06-13T03:00:00Z,2024-06-13T04:00:00Z,test,True,0,0,0,0,6,22,2024-06-12,False,0,False
287,286,287,2024-06-13T04:00:00Z,2024-06-13T05:00:00Z,test,True,0,0,0,0,6,23,2024-06-12,False,0,False
288,287,288,2024-06-13T05:00:00Z,2024-06-13T06:00:00Z,test,True,0,0,0,0,6,0,2024-06-13,False,0,False
289,288,289,2024-06-13T06:00:00Z,2024-06-13T07:00:00Z,test,True,0,0,0,0,6,1,2024-06-13,False,0,False
290,289,290,2024-06-13T07:00:00Z,2024-06-13T08:00:00Z,test,True,0,0,0,0,6,2,2024-06-13,False,0,False
291,290,291,2024-06-13T08:00:00Z,2024-06-13T09:00:00Z,test,True,0,0,0,0,6,3,2024-06-13,False,0,False
292,291,292,2024-06-13T09:00:00Z,2024-06-13T10:00:00Z,test,True,0,1,0,0,6,4,2024-06-13,False,1,False
293,292,293,2024-06-13T10:00:00Z,2024-06-13T11:00:00Z,test,True,0,13,1,9,6,5,2024-06-13,True,12,False
294,293,294,2024-06-13T11:00:00Z,2024-06-13T12:00:00Z,test,True,0,44,13,46,6,6,2024-06-13,True,31,False
295,294,295,2024-06-13T12:00:00Z,2024-06-13T13:00:00Z,test,True,0,142,44,126,6,7,2024-06-13,True,98,True
296,295,296,2024-06-13T13:00:00Z,2024-06-13T14:00:00Z,test,True,0,216,142,205,6,8,2024-06-13,True,74,True
297,296,297,2024-06-13T14:00:00Z,2024-06-13T15:00:00Z,test,True,0,299,216,298,6,9,2024-06-13,True,83,True
298,297,298,2024-06-13T15:00:00Z,2024-06-13T16:00:00Z,test,True,0,290,299,353,6,10,2024-06-13,True,9,False
299,298,299,2024-06-13T16:00:00Z,2024-06-13T17:00:00Z,test,True,0,306,290,350,6,11,2024-06-13,True,16,False
300,299,300,2024-06-13T17:00:00Z,2024-06-13T18:00:00Z,test,True,0,311,306,356,6,12,2024-06-13,True,5,False
301,300,301,2024-06-13T18:00:00Z,2024-06-13T19:00:00Z,test,True,0,268,311,397,6,13,2024-06-13,True,43,False
302,301,302,2024-06-13T19:00:00Z,2024-06-13T20:00:00Z,test,True,0,311,268,382,6,14,2024-06-13,True,43,False
303,302,303,2024-06-13T20:00:00Z,2024-06-13T21:00:00Z,test,True,0,293,311,312,6,15,2024-06-13,True,18,False
304,303,304,2024-06-13T21:00:00Z,2024-06-13T22:00:00Z,test,True,0,201,293,229,6,16,2024-06-13,True,92,True
305,304,305,2024-06-13T22:00:00Z,2024-06-13T23:00:00Z,test,True,0,113,201,118,6,17,2024-06-13,True,88,True
306,305,306,2024-06-13T23:00:00Z,2024-06-14T00:00:00Z,test,True,0,88,113,32,6,18,2024-06-13,True,25,False
307,306,307,2024-06-14T00:00:00Z,2024-06-14T01:00:00Z,test,True,0,67,88,8,6,19,2024-06-13,False,21,False
308,307,308,2024-06-14T01:00:00Z,2024-06-14T02:00:00Z,test,True,0,60,67,0,6,20,2024-06-13,False,7,False
309,308,309,2024-06-14T02:00:00Z,2024-06-14T03:00:00Z,test,True,0,60,60,0,6,21,2024-06-13,False,0,False
310,309,310,2024-06-14T03:00:00Z,2024-06-14T04:00:00Z,test,True,0,60,60,0,6,22,2024-06-13,False,0,False
311,310,311,2024-06-14T04:00:00Z,2024-06-14T05:00:00Z,test,True,0,60,60,0,6,23,2024-06-13,False,0,False
312,311,312,2024-06-14T05:00:00Z,2024-06-14T06:00:00Z,test,True,0,60,60,0,6,0,2024-06-14,False,0,False
313,312,313,2024-06-14T06:00:00Z,2024-06-14T07:00:00Z,test,True,0,30,60,0,6,1,2024-06-14,False,30,False
314,313,314,2024-06-14T07:00:00Z,2024-06-14T08:00:00Z,test,True,0,0,30,0,6,2,2024-06-14,False,30,False
315,314,315,2024-06-14T08:00:00Z,2024-06-14T09:00:00Z,test,True,0,0,0,0,6,3,2024-06-14,False,0,False
316,315,316,2024-06-14T09:00:00Z,2024-06-14T10:00:00Z,test,True,0,0,0,1,6,4,2024-06-14,False,0,False
317,316,317,2024-06-14T10:00:00Z,2024-06-14T11:00:00Z,test,True,0,7,0,13,6,5,2024-06-14,True,7,False
318,317,318,2024-06-14T11:00:00Z,2024-06-14T12:00:00Z,test,True,0,46,7,44,6,6,2024-06-14,True,39,False
319,318,319,2024-06-14T12:00:00Z,2024-06-14T13:00:00Z,test,True,0,115,46,142,6,7,2024-06-14,True,69,False
320,319,320,2024-06-14T13:00:00Z,2024-06-14T14:00:00Z,test,True,0,182,115,216,6,8,2024-06-14,True,67,False
321,320,321,2024-06-14T14:00:00Z,2024-06-14T15:00:00Z,test,True,0,231,182,299,6,9,2024-06-14,True,49,False
322,321,322,2024-06-14T15:00:00Z,2024-06-14T16:00:00Z,test,True,0,285,231,290,6,10,2024-06-14,True,54,False
323,322,323,2024-06-14T16:00:00Z,2024-06-14T17:00:00Z,test,True,0,325,285,306,6,11,2024-06-14,True,40,False
324,323,324,2024-06-14T17:00:00Z,2024-06-14T18:00:00Z,test,True,0,336,325,311,6,12,2024-06-14,True,11,False
325,324,325,2024-06-14T18:00:00Z,2024-06-14T19:00:00Z,test,True,0,352,336,268,6,13,2024-06-14,True,16,False
326,325,326,2024-06-14T19:00:00Z,2024-06-14T20:00:00Z,test,True,0,256,352,311,6,14,2024-06-14,True,96,True
327,326,327,2024-06-14T20:00:00Z,2024-06-14T21:00:00Z,test,True,0,243,256,293,6,15,2024-06-14,True,13,False
328,327,328,2024-06-14T21:00:00Z,2024-06-14T22:00:00Z,test,True,0,181,243,201,6,16,2024-06-14,True,62,False
329,328,329,2024-06-14T22:00:00Z,2024-06-14T23:00:00Z,test,True,0,108,181,113,6,17,2024-06-14,True,73,True
330,329,330,2024-06-14T23:00:00Z,2024-06-15T00:00:00Z,test,True,0,36,108,88,6,18,2024-06-14,True,72,True
331,330,331,2024-06-15T00:00:00Z,2024-06-15T01:00:00Z,test,True,0,7,36,67,6,19,2024-06-14,True,29,False
332,331,332,2024-06-15T01:00:00Z,2024-06-15T02:00:00Z,test,True,0,0,7,60,6,20,2024-06-14,False,7,False
333,332,333,2024-06-15T02:00:00Z,2024-06-15T03:00:00Z,test,True,0,0,0,60,6,21,2024-06-14,False,0,False
334,333,334,2024-06-15T03:00:00Z,2024-06-15T04:00:00Z,test,True,0,0,0,60,6,22,2024-06-14,False,0,False
335,334,335,2024-06-15T04:00:00Z,2024-06-15T05:00:00Z,test,True,0,0,0,60,6,23,2024-06-14,False,0,False
