epoch,train_mse_scaled,val_mse_scaled,train_mse_mwh2,val_mse_mwh2,grad_norm_mean,grad_norm_max,clipped_batches,n_batches,clip_fraction,n_train_windows,epoch_order_sha256,epoch_seconds,is_best
1,0.25504102993440125,0.03596150229403496,3369.908257727286,475.1665391726088,0.310145341061257,1.0323477983474731,0,185,0.0,11809,03260daf7db1ed2f8c6b71769b909774533688724ee2b72603242293a29b609f,3512.3827618749347,True
2,0.03567874547321555,0.026577988890068575,471.4304166136106,351.18029541153885,0.22361738375715307,0.6218888163566589,0,185,0.0,11809,3dc1f5c20b00f9886458bf5cc41fc2925180b4feb97d09181f508daae41e69a1,3441.6063642080408,True
3,0.031456311091147215,0.030369061158712896,415.63854463323327,401.2724933101727,0.21752475850485467,0.5711705684661865,0,185,0.0,11809,5c9a5056c7031539c4aaeb532192662f90f6dda9895f80a9a8c91d676558b4d8,4387.535692917183,False
4,0.02949693964257835,0.023915426913013137,389.7489768794267,315.9993302331218,0.21031983361856357,0.6226201057434082,0,185,0.0,11809,78d8f1102384aee4f8076e17efdd3235c6af262b292d272a1176dd6e5bcc3b0e,4693.299427875085,True
5,0.028125780448538352,0.029295104599721084,371.63157556622406,387.0820899953893,0.215605983097811,0.8912283778190613,0,185,0.0,11809,1dcbbd0c42ab777d7bffdb39dfd791209697cf41c13cf17663286fcb75583e3e,4670.720507708844,False
6,0.027865357847169935,0.030461910511076832,368.19055952627167,402.49933041687797,0.22617181309977094,0.6773755550384521,0,185,0.0,11809,7e441b2d61813133d2d370adec35c2aae1cdc0bb7fe0391d4cd0b25acc869d0b,4651.483801041031,False
7,0.025891952088389927,0.02311728638691755,342.115553618125,305.45333945505706,0.2016933019902255,0.6943545341491699,0,185,0.0,11809,63a585b8ff3891d55da88fd041fe639bad333732387126e83179f0e00d2a6edb,4672.239552666899,True
8,0.026047249751991863,0.021123698685290026,344.1675327805073,279.1116654901027,0.20887700840830803,0.83891361951828,0,185,0.0,11809,b95f9b57fc282d5a3941bffed2fd291df50caefed9fbe5c85615d6d331d4a95c,4683.178795291111,True
9,0.025435348310208068,0.022194607631370086,336.0823563596278,293.2618000845147,0.20969299462598723,0.6894146800041199,0,185,0.0,11809,a8f312b87d1382461e6701aef3c16d34eaaa31103ba4086da9ea6670a038b229,4714.047945666127,False
10,0.024233923636951628,0.021937052107995934,320.2076912969689,289.8586673208763,0.18898018447531237,0.6878294944763184,0,185,0.0,11809,58e58795aae44f673e7401a01f86d59c7fe5ba6b5b779b0e8673a023f7df3a28,4704.82694262499,False
11,0.024536693061270796,0.026687417845428857,324.2082443980246,352.6262021364213,0.21055039624507363,0.7881078720092773,0,185,0.0,11809,4e030d429fb36103a4fd7aede7a9bb9d80aa25fc5b16fcab7f28f4c18ea48281,4697.100345166866,False
12,0.02480945562902333,0.023451344905791063,327.812310887658,309.86732163512255,0.21851242063818752,0.5975344777107239,0,185,0.0,11809,781ff54d87d9a4992f2acb52bbc395fa1de1224df8487726a95fa1507b45fed6,4714.048001791816,False
13,0.02366291022831832,0.023029032632508942,312.66277665511177,304.2872249054354,0.19723511269769153,1.0531893968582153,0,185,0.0,11809,d64ee0e0db8d631c4e91b3506e267ab2757990f2675c55a17aed1f68d6ff0609,4710.222431750037,False
14,0.023805805106964905,0.03201839943993001,314.55087533343783,423.0655306700394,0.20481559448951,0.5650879144668579,0,185,0.0,11809,7786e32b686d7f6b7b66130fb42e4a8c3774631f3f2168ad2ebc78ce4324c4b3,4723.987939750077,False
15,0.02425249630296823,0.02139905263465299,320.4530956563908,282.7499724244605,0.20449158074082555,0.5509281158447266,0,185,0.0,11809,a2b3d681c44e2e9b5756c7c1c40319e097fc6967020394a3115e53273cbc8a3d,7627.9251554580405,False
