timestep,mse,mae
0,,
1,,
2,,
3,,
4,0.1209381026230686,0.28602963835699485
5,0.1910517940270663,0.35033246268380025
6,0.23833040497417954,0.40256031750002874
7,0.2897004489051703,0.4493978694360703
8,0.2580959734290753,0.42884307606262156
9,0.271064913023634,0.43723501762375233
10,0.2860778790067102,0.43227590701077134
11,0.2247693294173619,0.38270704582333565
12,0.24158371127045716,0.40668160726345376
13,0.2596300106823746,0.42243663081200794
14,0.24771435166841826,0.4207484409376048
15,0.22984974711750175,0.39271429997868834
16,0.21679285740470747,0.3826421244745143
17,0.23655950511146326,0.4035599705250934
18,0.21631780844198675,0.3860735134035349
19,0.2460577516052043,0.4181892027659342
20,0.2281091837622343,0.4002325789397582
21,0.21033986831393528,0.3908594793500379
22,0.22781895215794962,0.4028352310881019
23,0.24585522395994558,0.41527759650489315
24,0.2844689146483561,0.4533090161997825
25,0.2620057517475584,0.4257592163374648
26,0.2756915421702345,0.43877350427908823
27,0.2634831163848396,0.4326176267745905
28,0.21820781556958457,0.38899341637792534
29,0.22928732426701934,0.4047814033017494
30,0.27222489251569765,0.43242616003146395
31,0.24591457913318973,0.42065755620365963
32,0.27863192643734414,0.44069519080221653
33,0.2537185531244364,0.41186670508235695
34,0.20465289177263288,0.3830762770306319
35,0.23331939054924306,0.4023432051949203
36,0.2417465551577368,0.41783572828862814
37,0.23261234029848216,0.40716408415231853
38,0.2355368221836488,0.4034005489916308
39,0.24965471702984804,0.4080466023145709
40,0.2151640042119552,0.39255383613868616
41,0.2363762528599168,0.3965181921003386
42,0.2723216202806539,0.43545381432952124
43,0.23348920650489136,0.40758192583569325
44,0.27455407253628134,0.44013235459104183
45,0.23667820908956663,0.4126205265370663
46,0.2224112021263756,0.38713523934595284
47,0.23966425274086892,0.4096454150648788
48,0.2454806739925987,0.40413716325798305
49,0.270618316943554,0.44648800385184584
50,0.2752357514651994,0.4262137612514198
51,0.2692771492320405,0.4377163857268169
52,0.25764415388233686,0.4096197821467649
53,0.2152516470463277,0.3852147457376123
54,0.22097180312570086,0.39176507788710296
55,0.22015200629489445,0.3866408506676089
56,0.24833218866973739,0.42836236752802503
57,0.2507926004661681,0.41884192820871247
58,0.24633784102221867,0.4085262186998807
59,0.231360674130562,0.397168433345214
60,0.24599639900043668,0.40682392072863877
61,0.24336334333135412,0.40330366857815536
62,0.24980657514597737,0.415977223670925
63,0.2373092963404601,0.4189464325387962
64,0.24192476961542403,0.4122264694509795
65,0.22775222093118352,0.38860527641838416
66,0.28519703061674423,0.4538481616228819
67,0.24585368982678812,0.4119412139407359
68,0.21368644046809698,0.37777098312042656
69,0.2187377372083965,0.38584778353979343
70,0.23116086973333932,0.4012295423145406
71,0.22908731682087427,0.40420008537825197
72,0.26100332363421713,0.429041772314813
73,0.24832429178727403,0.40450071906205265
74,0.2420600509977933,0.41132903561228884
75,0.2229275788824632,0.39047659080533775
76,0.23731734910494784,0.4054762400465552
77,0.22014087826793396,0.39327867305510156
78,0.2689529859931035,0.4413520579668693
79,0.22609675791236555,0.4013966899208026
80,0.23181801908656802,0.39715412029530855
81,0.25559128805178055,0.4135859152302146
82,0.23899739593079927,0.39969168703770264
83,0.26462045797319705,0.4315552050131373
84,0.2429778525853542,0.404556376747787
85,0.24215231425146,0.4181509123346768
86,0.2499321386712529,0.4174591495585628
87,0.2304004448481544,0.39443945840699596
88,0.2215696060203884,0.3868632581224665
89,0.23816673483492315,0.40165834621235263
90,0.24248327980182066,0.4066043611662462
91,0.24405562255104818,0.4107620497513562
92,0.2507437200035429,0.4302728242578451
93,0.2612167274325834,0.43174793701153247
94,0.228252686330673,0.3931952959811315
95,0.24678207548797343,0.41367451632628216
96,0.2408128270590226,0.40085325765423474
97,0.28146124372171105,0.4348364255297929
98,0.22555846538318555,0.38509935838286763
99,0.23730345586865995,0.3997531981451903
100,0.24716522763728066,0.40822768391866704
101,0.2193271123987774,0.38687812321120874
102,0.23364792505048526,0.3954133500129683
103,0.25437238358102593,0.4228356302389875
104,0.21827333096804588,0.38442314514890313
105,0.24213122763844475,0.41834489749977366
106,0.2435172286991948,0.421800594367669
107,0.2521469010101415,0.4199495779874269
108,0.27633609778397344,0.44272558936383577
109,0.22285579675446016,0.3938004226842895
110,0.2670931776809963,0.43185010813176633
111,0.24434027302970157,0.4222837537608575
112,0.23420514529361605,0.3929588945675641
113,0.2706492798317736,0.43835258931387217
114,0.2397188142636,0.4030032172141364
115,0.25647962498820365,0.42796337286476044
116,0.24459292329878476,0.41648177614668386
117,0.2214618617926304,0.38809742107521744
118,0.23586557169965708,0.4039453793488792
119,0.24784066781995925,0.4159716287627816
120,0.22872885605858329,0.40674719847505914
121,0.2807830177452043,0.43191222750698216
122,0.2737280279467267,0.4402037491323426
123,0.2178480749916664,0.38575317430193534
124,0.2436178162583267,0.4200462828227319
125,0.2640119596330555,0.433260289169848
126,0.20900378585685644,0.37380671318620445
127,0.23623298741462365,0.40155297207878904
128,0.24443028175468043,0.41099537830334154
129,0.2715699770641099,0.44009292831644414
130,0.26073142569390517,0.41969401152106
131,0.262530851901276,0.4292529120861582
132,0.23694615130320926,0.4074805297568673
133,0.24486000525056903,0.41651595030445604
134,0.2500867402261602,0.41844454254722224
135,0.2437742009415489,0.4090736496029422
136,0.22908162087129635,0.39149453544989227
137,0.25247058681665285,0.4201547229522839
138,0.2357505000086432,0.3975341422506608
139,0.21625427551988408,0.3718096433230676
140,0.28917962160923394,0.4561365092720371
141,0.2723589444493968,0.44917562542133965
142,0.19693561910532842,0.37560633827699347
143,0.22952270320147958,0.39998642686288804
144,0.24975980225136196,0.40041225594934077
145,0.23735414868860644,0.41132410208578224
146,0.26863697855964963,0.43657374943402827
147,0.2474206134282608,0.4081543509755284
148,0.2702434031463305,0.4335061564669013
149,0.2619848771117351,0.42615292763803153
150,0.29764748216588655,0.45535227216780183
151,0.2679560191221135,0.43067436071578413
152,0.23264591748057284,0.40768697516759855
153,0.25254655153012806,0.41823448188602924
154,0.2638742347970393,0.423079509770032
155,0.21753163668165995,0.39822710807435213
156,0.23892260884043615,0.4052835688079358
157,0.27589705128706676,0.4337425443693064
158,0.27542973447576774,0.43928490722319113
159,0.2773282460886074,0.4505177930998616
160,0.23839585756446113,0.4153713388880715
161,0.2628295336744977,0.42998838478699325
162,0.21545886626404476,0.39090667317272165
163,0.25923402172897825,0.4263526877621189
164,0.21641241142175985,0.38068988677579907
165,0.25783287628593554,0.4366426766989753
166,0.23862824191491627,0.4144301557680592
167,0.2234468781475576,0.39232969854143446
168,0.2541849038456246,0.419641945353942
169,0.2722608744281321,0.44649794169701634
170,0.2761171691210001,0.4285652067337651
171,0.2095886665275687,0.38341591962845994
172,0.24074630680138,0.40145196156343443
173,0.20909781292743276,0.3756463728286326
174,0.23287109507474915,0.4035712482430972
175,0.24053014348877588,0.39436047964642057
176,0.22382358973683375,0.3884718215779867
177,0.25057505427972615,0.413117128550075
178,0.2173353083161158,0.3906934174930211
179,0.23032923975631447,0.40045677369344046
180,0.21120454160465976,0.3825595198664814
181,0.22154606592497672,0.3871576192905195
182,0.24652914572211174,0.4150244472024497
183,0.23673206835241514,0.39627116509247573
184,0.2478367126281541,0.41690539800561965
185,0.23783128042097623,0.40231299577513707
186,0.2242104541997471,0.38953174544305513
187,0.2601757063219549,0.43460246589151214
188,0.25018032689067277,0.4219265059148893
189,0.2539109690689786,0.4149312413157895
190,0.2666080004366013,0.4368460406723898
191,0.2782855457912891,0.441028078829404
192,0.23209260383552177,0.39663411972578616
193,0.23593355730246915,0.3963688387675211
194,0.2241226299816681,0.3946925549674779
195,0.2298242328252369,0.3937575982318958
196,0.22275880823596594,0.3942671456118114
197,0.2813055766388122,0.4446370192943141
198,0.20329831936087658,0.3663750313629862
199,0.28038797718300335,0.4452398932585493
200,0.2731229577774585,0.43630116995656865
201,0.2621667379446266,0.414288505143486
202,0.2522673304890676,0.4134680337901227
203,0.23816490098785106,0.39622029062360525
204,0.2286921607229091,0.39268764906795695
205,0.2269297936339218,0.3979765967768617
206,0.2244659854670782,0.39476302184164525
207,0.24128516066379457,0.4077961840108037
208,0.22962373821516202,0.3961642685858533
209,0.260751701010354,0.42620866362703963
210,0.24983317752572592,0.42312176160980014
211,0.25178592389798066,0.4155134806816932
212,0.250873669806441,0.41538039294071494
213,0.25863087517188643,0.433493808892672
214,0.23439821400701974,0.4052759219799191
215,0.24294057525566315,0.4141874793870375
216,0.24543890920352937,0.41145099922752704
217,0.25133248263209584,0.4372359942237381
218,0.25008501496254715,0.4117468855716288
219,0.24596811855549877,0.41542333046905694
220,0.23152247206655854,0.3999702065065503
221,0.2791115216962426,0.4369268446438946
222,0.23524918124268943,0.40127939693862574
223,0.23841042622129593,0.3982167192437919
224,0.2502739589402042,0.41043144645169377
225,0.2544505473698295,0.41230307892896234
226,0.24824978143944876,0.42004179130788544
227,0.2656740929262347,0.4288342169090174
228,0.25080890328351507,0.42133913045749066
229,0.26755905782201284,0.4298229941958562
230,0.25782141455799673,0.43326062511943747
231,0.2032173671381049,0.38053427226142955
232,0.20895522013833412,0.38140950379893185
233,0.256802441662493,0.4267518218635814
234,0.24317096245197792,0.41128107154974713
235,0.223077679185687,0.3916847327517462
236,0.2439457245650576,0.41412802730686965
237,0.27037417839927225,0.4419113524846034
238,0.2579609579041802,0.42309897124883716
239,0.27756347477307447,0.43944180101621894
240,0.21560498933851632,0.38534822144545616
241,0.24306120538878292,0.4055539227942063
242,0.2566632013815141,0.4237219050958083
243,0.2490514981818583,0.4141128516092431
244,0.26719601197853554,0.43085531646051095
245,0.18396843865895762,0.3464757920475677
246,0.2505446009750854,0.4251552399529464
247,0.25020769976441787,0.41081809531897306
248,0.27285876766523354,0.4340128302038647
249,0.2534617644042114,0.41707904180046174
250,0.23232681428686347,0.40316705700592137
251,0.23858056490143695,0.40448157250182704
252,0.21883545946458846,0.38685439684173617
253,0.26833314912310424,0.43745904919924217
254,0.24466649434085577,0.4193519447231665
255,0.26216905790497896,0.4312262109259609
