model,bin,mean,sd,gap,n_seeds,steps_per_seed
qlstm,"(-2.001, -1.0]",-0.0010708696458475852,0.00027334513431347097,-1.5966789346185368,20,9888.7
qlstm,"(-1.0, -0.5]",-0.0008003711346191145,0.00044556600111824953,-0.746399116214406,20,3426.75
qlstm,"(-0.5, -0.2]",-0.0008718396358999783,0.00048215528574488474,-0.3426999963505316,20,2516.75
qlstm,"(-0.2, -0.1]",-0.0011055734611717211,0.0009280911229879033,-0.14810803626915273,20,1089.05
qlstm,"(-0.1, -0.05]",-0.0009000431638439895,0.0009900265512915163,-0.07405771382783215,20,688.4
qlstm,"(-0.05, -0.02]",0.014464463358072,0.0018400215511332027,-0.034909333295061726,20,3319.4
qlstm,"(-0.02, 0.0]",0.0012841259959048548,0.00216028246301587,-0.00864487019797525,20,268.85
qlstm,"(0.0, 0.02]",0.009754219964265436,0.003701391520633116,0.007766492313587213,20,194.55
qlstm,"(0.02, 0.05]",0.02298648817209597,0.0038222521249650586,0.032752679077238715,20,243.75
qlstm,"(0.05, 0.1]",0.022281914772443078,0.0037476546772411395,0.07094604041619575,20,172.95
qlstm,"(0.1, 0.2]",0.02136205918043641,0.005171098487944833,0.13982374843408052,20,118.0
qlstm,"(0.2, 0.5]",0.019040182372438264,0.004276513550356383,0.2963447967533601,20,64.15
qlstm,"(0.5, 2.0]",0.02262720013625952,0.01710913320722207,0.6671349531925553,20,8.7
qslstm,"(-2.001, -1.0]",-0.0008126864093092045,0.0005054407208493995,-1.5966789346185368,20,9888.7
qslstm,"(-1.0, -0.5]",-0.000751623545193034,0.0005724060384197771,-0.746399116214406,20,3426.75
qslstm,"(-0.5, -0.2]",-0.0007368766487262783,0.000705581808028369,-0.3426999963505316,20,2516.75
qslstm,"(-0.2, -0.1]",-0.0008086545403955672,0.0009464270129212217,-0.14810803626915273,20,1089.05
qslstm,"(-0.1, -0.05]",-0.0003235558668329786,0.0009868434817790056,-0.07405771382783215,20,688.4
qslstm,"(-0.05, -0.02]",0.012975045990982545,0.0032183738991216192,-0.034909333295061726,20,3319.4
qslstm,"(-0.02, 0.0]",0.0011434829505712317,0.0017286148634050797,-0.00864487019797525,20,268.85
qslstm,"(0.0, 0.02]",0.007833719312712675,0.002783318314097136,0.007766492313587213,20,194.55
qslstm,"(0.02, 0.05]",0.014490883450347167,0.0032714980622442847,0.032752679077238715,20,243.75
qslstm,"(0.05, 0.1]",0.01452412126587153,0.004867503820859342,0.07094604041619575,20,172.95
qslstm,"(0.1, 0.2]",0.015669844838690626,0.00419147527920785,0.13982374843408052,20,118.0
qslstm,"(0.2, 0.5]",0.016861222263190027,0.005395793116500096,0.2963447967533601,20,64.15
qslstm,"(0.5, 2.0]",0.02467765503900306,0.016679623154059346,0.6671349531925553,20,8.7
qslstm_log,"(-2.001, -1.0]",-0.0006613970499781123,0.00042444805995686696,-1.5966789346185368,20,9888.7
qslstm_log,"(-1.0, -0.5]",-0.0004606501463719978,0.0002947453711674034,-0.746399116214406,20,3426.75
qslstm_log,"(-0.5, -0.2]",-0.0005143427341814958,0.00032343518723924864,-0.3426999963505316,20,2516.75
qslstm_log,"(-0.2, -0.1]",-0.0007513687345131212,0.0006955467657940368,-0.14810803626915273,20,1089.05
qslstm_log,"(-0.1, -0.05]",-0.0004423223267899898,0.0008306434530934842,-0.07405771382783215,20,688.4
qslstm_log,"(-0.05, -0.02]",0.011026483982860127,0.0018998608456814935,-0.034909333295061726,20,3319.4
qslstm_log,"(-0.02, 0.0]",0.0005942048076092361,0.0011416314413812967,-0.00864487019797525,20,268.85
qslstm_log,"(0.0, 0.02]",0.006318800440680348,0.00295045849957847,0.007766492313587213,20,194.55
qslstm_log,"(0.02, 0.05]",0.013135021289192311,0.004525152938920949,0.032752679077238715,20,243.75
qslstm_log,"(0.05, 0.1]",0.012940839183403016,0.004979339457300172,0.07094604041619575,20,172.95
qslstm_log,"(0.1, 0.2]",0.013807718776862165,0.004271262037495214,0.13982374843408052,20,118.0
qslstm_log,"(0.2, 0.5]",0.015047147382793436,0.005248073976836607,0.2963447967533601,20,64.15
qslstm_log,"(0.5, 2.0]",0.023317531452260235,0.010410287081143693,0.6671349531925553,20,8.7
