run_seed,model,split,kind,n_steps,pull,write_k
83453494,qlstm,extrapolation,event,691,0.03899752770249992,0.13022656295952553
83453494,qlstm,extrapolation,near_best_distractor,2271,0.025555597087561114,0.11193731767404724
83453494,qlstm,extrapolation,other_distractor,12288,0.03041494880017126,0.1215618323336519
83453494,qlstm,test,event,2111,0.0388029578284368,0.13397973854677156
83453494,qlstm,test,near_best_distractor,4334,0.026582528560679795,0.11130122937148683
83453494,qlstm,test,other_distractor,22555,0.03057920813058385,0.1228850538668281
83453494,qslstm,extrapolation,event,691,0.04562157321338543,0.15433341800932784
83453494,qslstm,extrapolation,near_best_distractor,2271,0.01262868389664427,0.054832539055269684
83453494,qslstm,extrapolation,other_distractor,12288,0.016364800752247294,0.06607776839089638
83453494,qslstm,test,event,2111,0.05205996755964098,0.17933356139319545
83453494,qslstm,test,near_best_distractor,4334,0.020317702027691856,0.0851708064460469
83453494,qslstm,test,other_distractor,22555,0.02368356667820722,0.0957129384266332
88159254,qlstm,extrapolation,event,700,0.03507662726300103,0.11910698874333239
88159254,qlstm,extrapolation,near_best_distractor,2293,0.024353313006743354,0.11077677459206761
88159254,qlstm,extrapolation,other_distractor,12257,0.030364588395392047,0.11954712787635079
88159254,qlstm,test,event,2115,0.03531684097668803,0.11992970200980567
88159254,qlstm,test,near_best_distractor,4339,0.026171196122465115,0.11150553687915253
88159254,qlstm,test,other_distractor,22546,0.030156159056202708,0.11863583911567195
88159254,qslstm,extrapolation,event,700,0.04939034364053181,0.1669640985414437
88159254,qslstm,extrapolation,near_best_distractor,2293,0.015294067733837848,0.07198259518083297
88159254,qslstm,extrapolation,other_distractor,12257,0.017580933335788917,0.07017241217749759
88159254,qslstm,test,event,2115,0.05935651851602198,0.19612194621284224
88159254,qslstm,test,near_best_distractor,4339,0.024990384755636804,0.11102593447861434
88159254,qslstm,test,other_distractor,22546,0.025466660249627685,0.10064573521476915
266064982,qlstm,extrapolation,event,664,0.036749257829534004,0.12729722791199824
266064982,qlstm,extrapolation,near_best_distractor,2329,0.02076089469185711,0.0945743606650244
266064982,qlstm,extrapolation,other_distractor,12257,0.028807327064981937,0.11486006842134124
266064982,qlstm,test,event,2036,0.03977958206636264,0.13182796386514614
266064982,qlstm,test,near_best_distractor,4383,0.02515075508927527,0.10457578498563966
266064982,qlstm,test,other_distractor,22581,0.029868775836063927,0.1188593761735014
266064982,qslstm,extrapolation,event,664,0.045465123850897134,0.15483624781494282
266064982,qslstm,extrapolation,near_best_distractor,2329,0.015353643725285871,0.07374685348459326
266064982,qslstm,extrapolation,other_distractor,12257,0.01618474899161511,0.06342417165002423
266064982,qslstm,test,event,2036,0.051831369096146114,0.16821500350987253
266064982,qslstm,test,near_best_distractor,4383,0.022202948171636053,0.09539997264545533
266064982,qslstm,test,other_distractor,22581,0.022909952153148477,0.08999197057643489
435874469,qlstm,extrapolation,event,685,0.040436815345374334,0.13566425124060189
435874469,qlstm,extrapolation,near_best_distractor,2302,0.02541640233879603,0.10990179526112108
435874469,qlstm,extrapolation,other_distractor,12263,0.030568030273157073,0.12138208539753319
435874469,qlstm,test,event,2071,0.04233143379698624,0.1374165510869997
435874469,qlstm,test,near_best_distractor,4292,0.02659563678564141,0.11454307335175216
435874469,qlstm,test,other_distractor,22637,0.03132518335229628,0.12436651481046046
435874469,qslstm,extrapolation,event,685,0.047002789378166196,0.16098240112616471
435874469,qslstm,extrapolation,near_best_distractor,2302,0.01593720068836295,0.06843085487647008
435874469,qslstm,extrapolation,other_distractor,12263,0.018500413215540464,0.0756622362384298
435874469,qslstm,test,event,2071,0.058698246547820083,0.18760307709429863
435874469,qslstm,test,near_best_distractor,4292,0.02397762112256976,0.10780704627884181
435874469,qslstm,test,other_distractor,22637,0.024494704434579614,0.09847411733112899
484324222,qlstm,extrapolation,event,672,0.0364900084123725,0.12288577134307263
484324222,qlstm,extrapolation,near_best_distractor,2288,0.023129920247238832,0.10132615034247959
484324222,qlstm,extrapolation,other_distractor,12290,0.027684871991831082,0.11054114168263318
484324222,qlstm,test,event,2091,0.03842728586073756,0.12783868465863676
484324222,qlstm,test,near_best_distractor,4366,0.025460000506137632,0.10409629434405863
484324222,qlstm,test,other_distractor,22543,0.028870497201797633,0.11407843011750958
484324222,qslstm,extrapolation,event,672,0.043373364955186844,0.14341366860973975
484324222,qslstm,extrapolation,near_best_distractor,2288,0.015135479947695365,0.06520854321503189
484324222,qslstm,extrapolation,other_distractor,12290,0.016755777854469366,0.06775326350902963
484324222,qslstm,test,event,2091,0.05108455979385084,0.16709898228711223
484324222,qslstm,test,near_best_distractor,4366,0.02179249174008935,0.09350932712740594
484324222,qslstm,test,other_distractor,22543,0.022768439593582913,0.09031945081597734
867702092,qlstm,extrapolation,event,674,0.03989574215886147,0.13732045553381952
867702092,qlstm,extrapolation,near_best_distractor,2308,0.019291083878826228,0.08789955607854902
867702092,qlstm,extrapolation,other_distractor,12268,0.023474278082123087,0.09710454321254039
867702092,qlstm,test,event,2044,0.043682140409363225,0.14689047216331655
867702092,qlstm,test,near_best_distractor,4352,0.024041994509068045,0.10208488940443128
867702092,qlstm,test,other_distractor,22604,0.02581715309826637,0.10514919267188219
867702092,qslstm,extrapolation,event,674,0.051759858425010206,0.17175798132252973
867702092,qslstm,extrapolation,near_best_distractor,2308,0.016863156697572414,0.07876677016196451
867702092,qslstm,extrapolation,other_distractor,12268,0.01389757151717583,0.05517050278007046
867702092,qslstm,test,event,2044,0.0639225061683972,0.20396860206278758
867702092,qslstm,test,near_best_distractor,4352,0.030069998068296733,0.1369879875005404
867702092,qslstm,test,other_distractor,22604,0.022558219511990756,0.08827288856410678
975428833,qlstm,extrapolation,event,716,0.038611432443783934,0.13060521099296843
975428833,qlstm,extrapolation,near_best_distractor,2243,0.02449307424970041,0.10662723169553175
975428833,qlstm,extrapolation,other_distractor,12291,0.02900278077503031,0.11515446816269233
975428833,qlstm,test,event,2059,0.040682015878127115,0.13550022534621814
975428833,qlstm,test,near_best_distractor,4349,0.025434919213886836,0.10919204358680855
975428833,qlstm,test,other_distractor,22592,0.029760377306132325,0.11881041416952744
975428833,qslstm,extrapolation,event,716,0.052089400339725964,0.17695770166501518
975428833,qslstm,extrapolation,near_best_distractor,2243,0.022644573484634216,0.10332958221254686
975428833,qslstm,extrapolation,other_distractor,12291,0.0245033294003699,0.09827667845716498
975428833,qslstm,test,event,2059,0.0624950652043758,0.20433837835011434
975428833,qslstm,test,near_best_distractor,4349,0.03026571765689363,0.13587162447064258
975428833,qslstm,test,other_distractor,22592,0.031386161878673366,0.12515361396155422
1023290587,qlstm,extrapolation,event,680,0.035563136593383914,0.12018047355773868
1023290587,qlstm,extrapolation,near_best_distractor,2269,0.02129326327985055,0.09028035179483457
1023290587,qlstm,extrapolation,other_distractor,12301,0.025420852344061884,0.10229211681842658
1023290587,qlstm,test,event,2076,0.03511188545323521,0.11936014089429657
1023290587,qlstm,test,near_best_distractor,4279,0.022500280222064788,0.09505527036139026
1023290587,qlstm,test,other_distractor,22645,0.02625783345219736,0.10660987401479707
1023290587,qslstm,extrapolation,event,680,0.0564631387591362,0.18316747538933473
1023290587,qslstm,extrapolation,near_best_distractor,2269,0.015019893869527798,0.06799195355253641
1023290587,qslstm,extrapolation,other_distractor,12301,0.01363479537010658,0.05474010152442514
1023290587,qslstm,test,event,2076,0.06653660301815338,0.21349544686649732
1023290587,qslstm,test,near_best_distractor,4279,0.02499568669225992,0.11763052619796399
1023290587,qslstm,test,other_distractor,22645,0.022358762925101264,0.08782468387397382
1106723791,qlstm,extrapolation,event,679,0.032609080925956914,0.10851166291879746
1106723791,qlstm,extrapolation,near_best_distractor,2246,0.017696730799156964,0.08166952403765325
1106723791,qlstm,extrapolation,other_distractor,12325,0.02297787217774691,0.09196696396005986
1106723791,qlstm,test,event,2072,0.03477854924600097,0.115569284150183
1106723791,qlstm,test,near_best_distractor,4332,0.020923920622437725,0.09016012009043264
1106723791,qlstm,test,other_distractor,22596,0.023974483420224627,0.095844520871889
1106723791,qslstm,extrapolation,event,679,0.05129573793755364,0.17081282000391282
1106723791,qslstm,extrapolation,near_best_distractor,2246,0.012017067385802604,0.05904226746118042
1106723791,qslstm,extrapolation,other_distractor,12325,0.011949272606725866,0.047971410060300375
1106723791,qslstm,test,event,2072,0.06511845564807704,0.20864707602611748
1106723791,qslstm,test,near_best_distractor,4332,0.020678736984949913,0.09259269108837996
1106723791,qslstm,test,other_distractor,22596,0.019360120891786126,0.0765859256455728
1148376891,qlstm,extrapolation,event,637,0.035924631020337855,0.1204650762255276
1148376891,qlstm,extrapolation,near_best_distractor,2280,0.016894129598349857,0.0779785807159398
1148376891,qlstm,extrapolation,other_distractor,12333,0.020111637376505585,0.08456954391269303
1148376891,qlstm,test,event,2123,0.039029453632352044,0.13114158388406838
1148376891,qlstm,test,near_best_distractor,4330,0.02115387012859415,0.09175233282760982
1148376891,qlstm,test,other_distractor,22547,0.022486607384807535,0.09303213926649621
1148376891,qslstm,extrapolation,event,637,0.06679318164543978,0.21150224951056715
1148376891,qslstm,extrapolation,near_best_distractor,2280,0.018428663726438557,0.09437780332082901
1148376891,qslstm,extrapolation,other_distractor,12333,0.015705466458931425,0.060316585690277605
1148376891,qslstm,test,event,2123,0.07925298421157176,0.24418525322604273
1148376891,qslstm,test,near_best_distractor,4330,0.029151147700347196,0.1361311161276406
1148376891,qslstm,test,other_distractor,22547,0.022429702542026635,0.08454703325344223
1211904294,qlstm,extrapolation,event,669,0.03723855069399949,0.1269729611384184
1211904294,qlstm,extrapolation,near_best_distractor,2290,0.021920501196748824,0.09566578689999528
1211904294,qlstm,extrapolation,other_distractor,12291,0.02761512270257739,0.11034034375438882
1211904294,qlstm,test,event,2140,0.0401914475398643,0.13648464149418496
1211904294,qlstm,test,near_best_distractor,4299,0.02413837478920093,0.10229843697540823
1211904294,qlstm,test,other_distractor,22561,0.02826531774122386,0.11338158424171539
1211904294,qslstm,extrapolation,event,669,0.04713644330098846,0.15778315355060324
1211904294,qslstm,extrapolation,near_best_distractor,2290,0.012571399219692013,0.05759725354571046
1211904294,qslstm,extrapolation,other_distractor,12291,0.015277086958603149,0.06091962082780348
1211904294,qslstm,test,event,2140,0.05738050904229423,0.192514361439562
1211904294,qslstm,test,near_best_distractor,4299,0.021607461399077037,0.09493538439633116
1211904294,qslstm,test,other_distractor,22561,0.02189630188632744,0.08694459207509013
1212609727,qlstm,extrapolation,event,694,0.03591787484434221,0.11943353226812621
1212609727,qlstm,extrapolation,near_best_distractor,2238,0.023599410744199165,0.09877593656755701
1212609727,qlstm,extrapolation,other_distractor,12318,0.02909505114450453,0.11516745910801528
1212609727,qlstm,test,event,2063,0.03729321740809657,0.1229181629973311
1212609727,qlstm,test,near_best_distractor,4313,0.02562813119133194,0.10587522896992897
1212609727,qlstm,test,other_distractor,22624,0.029752853363383524,0.11823514866548003
1212609727,qslstm,extrapolation,event,694,0.04853016165452835,0.16302755934174887
1212609727,qslstm,extrapolation,near_best_distractor,2238,0.014748432774219906,0.06507308037158578
1212609727,qslstm,extrapolation,other_distractor,12318,0.01795130017053086,0.07223859019864803
1212609727,qslstm,test,event,2063,0.05709187115099727,0.1883459893593588
1212609727,qslstm,test,near_best_distractor,4313,0.021349242880833334,0.09243830613813496
1212609727,qslstm,test,other_distractor,22624,0.02456517258324414,0.09900050610508176
1668868548,qlstm,extrapolation,event,706,0.03814857497431402,0.1263436095178652
1668868548,qlstm,extrapolation,near_best_distractor,2259,0.024259010911146166,0.10259079833394666
1668868548,qlstm,extrapolation,other_distractor,12285,0.030727563379351376,0.12103232306978115
1668868548,qlstm,test,event,2142,0.038144186556506234,0.1290266043381721
1668868548,qlstm,test,near_best_distractor,4254,0.025874422359589852,0.10787875375497016
1668868548,qlstm,test,other_distractor,22604,0.030713626735507017,0.1219668720043338
1668868548,qslstm,extrapolation,event,706,0.04164010052049464,0.13868555882932343
1668868548,qslstm,extrapolation,near_best_distractor,2259,0.01004705528286296,0.044431452559266976
1668868548,qslstm,extrapolation,other_distractor,12285,0.012952600875592689,0.051738446406279566
1668868548,qslstm,test,event,2142,0.05089019122772635,0.16974788325090387
1668868548,qslstm,test,near_best_distractor,4254,0.01809416409734274,0.07820170942332831
1668868548,qslstm,test,other_distractor,22604,0.020355839597055014,0.0812563322902242
1710807515,qlstm,extrapolation,event,670,0.03299912014114324,0.1096735369876645
1710807515,qlstm,extrapolation,near_best_distractor,2270,0.020093683996914767,0.08735284020078414
1710807515,qlstm,extrapolation,other_distractor,12310,0.024592623785198654,0.09928671814684235
1710807515,qlstm,test,event,2051,0.0339262878412389,0.11594428044331205
1710807515,qlstm,test,near_best_distractor,4342,0.021874078362836974,0.09415196817005474
1710807515,qlstm,test,other_distractor,22607,0.02525416764042592,0.10257042813543636
1710807515,qslstm,extrapolation,event,670,0.043571123992329215,0.14711488196278377
1710807515,qslstm,extrapolation,near_best_distractor,2270,0.011639269936977505,0.050372292975759
1710807515,qslstm,extrapolation,other_distractor,12310,0.014463708213826296,0.057816283783556556
1710807515,qslstm,test,event,2051,0.05102170968218468,0.16974032145425658
1710807515,qslstm,test,near_best_distractor,4342,0.01875478928743118,0.08218342987800692
1710807515,qslstm,test,other_distractor,22607,0.021174548704562902,0.08458080255994978
1716202887,qlstm,extrapolation,event,703,0.04563277527414379,0.1465924268668384
1716202887,qlstm,extrapolation,near_best_distractor,2250,0.027088033636411032,0.1195192470139135
1716202887,qlstm,extrapolation,other_distractor,12297,0.03375475078935089,0.13306351086126256
1716202887,qlstm,test,event,2052,0.04484149723606035,0.14931199736679268
1716202887,qlstm,test,near_best_distractor,4357,0.02908463773717567,0.12299248408782558
1716202887,qlstm,test,other_distractor,22591,0.03408771407149881,0.13485657292354447
1716202887,qslstm,extrapolation,event,703,0.05714082654305915,0.1829370611439649
1716202887,qslstm,extrapolation,near_best_distractor,2250,0.011119054304228888,0.051267273254701214
1716202887,qslstm,extrapolation,other_distractor,12297,0.01500016102618664,0.060479750846950446
1716202887,qslstm,test,event,2052,0.063800217986804,0.2038717110962103
1716202887,qslstm,test,near_best_distractor,4357,0.022248403862416267,0.09805943298781909
1716202887,qslstm,test,other_distractor,22591,0.02286842149185536,0.08904564627634333
1806016308,qlstm,extrapolation,event,658,0.04373092188480054,0.147582251199728
1806016308,qlstm,extrapolation,near_best_distractor,2293,0.029266078933274126,0.12430726453540951
1806016308,qlstm,extrapolation,other_distractor,12299,0.03616474912567675,0.1438306155057267
1806016308,qlstm,test,event,2073,0.04337092542556306,0.1465641313530026
1806016308,qlstm,test,near_best_distractor,4344,0.030270250750839382,0.12488523982511228
1806016308,qlstm,test,other_distractor,22583,0.03624601796700292,0.14503287128725612
1806016308,qslstm,extrapolation,event,658,0.042544312027812364,0.1455269789985063
1806016308,qslstm,extrapolation,near_best_distractor,2293,0.012452348735308575,0.0505325221981866
1806016308,qslstm,extrapolation,other_distractor,12299,0.013463018887779057,0.055386366647647914
1806016308,qslstm,test,event,2073,0.05265238776163266,0.1737263587490147
1806016308,qslstm,test,near_best_distractor,4344,0.02064647851426079,0.082406499774061
1806016308,qslstm,test,other_distractor,22583,0.021482728054487255,0.08710628757654167
1885117419,qlstm,extrapolation,event,700,0.03164442241191864,0.11182507913715865
1885117419,qlstm,extrapolation,near_best_distractor,2304,0.018376158058850303,0.07982532225286408
1885117419,qlstm,extrapolation,other_distractor,12246,0.021743881861582975,0.09004490633139131
1885117419,qlstm,test,event,2107,0.03562427721263449,0.11974871434660572
1885117419,qlstm,test,near_best_distractor,4269,0.021134302128280012,0.08998318755452235
1885117419,qlstm,test,other_distractor,22624,0.023352608989655466,0.0945757670144047
1885117419,qslstm,extrapolation,event,700,0.057725480241434916,0.19631668336058303
1885117419,qslstm,extrapolation,near_best_distractor,2304,0.01647655197626187,0.07273843765775294
1885117419,qslstm,extrapolation,other_distractor,12246,0.015326201550695374,0.061591175581409564
1885117419,qslstm,test,event,2107,0.06957474360830364,0.2226972397836206
1885117419,qslstm,test,near_best_distractor,4269,0.024430376985196515,0.10585351986984462
1885117419,qslstm,test,other_distractor,22624,0.021266170311060536,0.084414851120181
1952804984,qlstm,extrapolation,event,691,0.03891242382840379,0.12701492485265775
1952804984,qlstm,extrapolation,near_best_distractor,2298,0.02227460789462605,0.10009821272538476
1952804984,qlstm,extrapolation,other_distractor,12261,0.026425675329420407,0.10553723948557697
1952804984,qlstm,test,event,2099,0.040586207567821976,0.13187583225155258
1952804984,qlstm,test,near_best_distractor,4305,0.02520956752192268,0.10570109641596884
1952804984,qlstm,test,other_distractor,22596,0.027439994904019598,0.10970842216694007
1952804984,qslstm,extrapolation,event,691,0.05301256363540241,0.17384875316121717
1952804984,qslstm,extrapolation,near_best_distractor,2298,0.018594181101876203,0.08462478482470076
1952804984,qslstm,extrapolation,other_distractor,12261,0.018564222991374158,0.07495945255627441
1952804984,qslstm,test,event,2099,0.05919978895773485,0.18969028529469842
1952804984,qslstm,test,near_best_distractor,4305,0.02667746487117949,0.10966786074993842
1952804984,qslstm,test,other_distractor,22596,0.024749140894334914,0.09900399768762369
1992756749,qlstm,extrapolation,event,701,0.03623506720157901,0.1203771065859868
1992756749,qlstm,extrapolation,near_best_distractor,2305,0.02559785355456222,0.11173816205084448
1992756749,qlstm,extrapolation,other_distractor,12244,0.02932972874040894,0.11431108778617248
1992756749,qlstm,test,event,2097,0.03676304486915505,0.1231123353384969
1992756749,qlstm,test,near_best_distractor,4301,0.026894968114767315,0.11589451096436419
1992756749,qlstm,test,other_distractor,22602,0.0295615615269619,0.11557282951674736
1992756749,qslstm,extrapolation,event,701,0.04484567114187885,0.14856461945064078
1992756749,qslstm,extrapolation,near_best_distractor,2305,0.01605669319500375,0.07304021492447324
1992756749,qslstm,extrapolation,other_distractor,12244,0.01293493468498179,0.05243199856362595
1992756749,qslstm,test,event,2097,0.056608417387172386,0.18269243320383266
1992756749,qslstm,test,near_best_distractor,4301,0.027487607348439195,0.12514236527040268
1992756749,qslstm,test,other_distractor,22602,0.019446758331371487,0.07727237826035951
2036585866,qlstm,extrapolation,event,733,0.03536454229367869,0.11957163949336572
2036585866,qlstm,extrapolation,near_best_distractor,2278,0.022976943518217455,0.10195148762176616
2036585866,qlstm,extrapolation,other_distractor,12239,0.028352208124460456,0.11197445464143266
2036585866,qlstm,test,event,2111,0.037937989030500996,0.12491985618512169
2036585866,qlstm,test,near_best_distractor,4302,0.024613804225032686,0.10276181257422178
2036585866,qlstm,test,other_distractor,22587,0.02888769141077209,0.11435044586970247
2036585866,qslstm,extrapolation,event,733,0.06324501748299696,0.20590902570293715
2036585866,qslstm,extrapolation,near_best_distractor,2278,0.029510573926361326,0.1476305317509998
2036585866,qslstm,extrapolation,other_distractor,12239,0.01943869047358161,0.07580117668084786
2036585866,qslstm,test,event,2111,0.07504754812442992,0.2330103467814784
2036585866,qslstm,test,near_best_distractor,4302,0.04176052211191088,0.20136361083096896
2036585866,qslstm,test,other_distractor,22587,0.027211118170362907,0.1045613058939963
