run_seed,model,split,event,near_best_distractor,other_distractor,selectivity_vs_near_best_distractor,selectivity_vs_other_distractor
83453494,qlstm,extrapolation,0.13022656295952553,0.11193731767404724,0.1215618323336519,0.01828924528547829,0.008664730625873626
83453494,qlstm,test,0.13397973854677156,0.11130122937148683,0.1228850538668281,0.02267850917528473,0.011094684679943456
83453494,qslstm,extrapolation,0.15433341800932784,0.054832539055269684,0.06607776839089638,0.09950087895405815,0.08825564961843146
83453494,qslstm,test,0.17933356139319545,0.0851708064460469,0.0957129384266332,0.09416275494714856,0.08362062296656225
88159254,qlstm,extrapolation,0.11910698874333239,0.11077677459206761,0.11954712787635079,0.008330214151264781,-0.000440139133018394
88159254,qlstm,test,0.11992970200980567,0.11150553687915253,0.11863583911567195,0.008424165130653138,0.0012938628941337182
88159254,qslstm,extrapolation,0.1669640985414437,0.07198259518083297,0.07017241217749759,0.09498150336061073,0.09679168636394611
88159254,qslstm,test,0.19612194621284224,0.11102593447861434,0.10064573521476915,0.0850960117342279,0.09547621099807309
266064982,qlstm,extrapolation,0.12729722791199824,0.0945743606650244,0.11486006842134124,0.03272286724697383,0.012437159490657004
266064982,qlstm,test,0.13182796386514614,0.10457578498563966,0.1188593761735014,0.027252178879506483,0.012968587691644745
266064982,qslstm,extrapolation,0.15483624781494282,0.07374685348459326,0.06342417165002423,0.08108939433034956,0.09141207616491859
266064982,qslstm,test,0.16821500350987253,0.09539997264545533,0.08999197057643489,0.07281503086441721,0.07822303293343764
435874469,qlstm,extrapolation,0.13566425124060189,0.10990179526112108,0.12138208539753319,0.025762455979480806,0.014282165843068698
435874469,qlstm,test,0.1374165510869997,0.11454307335175216,0.12436651481046046,0.022873477735247547,0.01305003627653925
435874469,qslstm,extrapolation,0.16098240112616471,0.06843085487647008,0.0756622362384298,0.09255154624969464,0.08532016488773492
435874469,qslstm,test,0.18760307709429863,0.10780704627884181,0.09847411733112899,0.07979603081545682,0.08912895976316965
484324222,qlstm,extrapolation,0.12288577134307263,0.10132615034247959,0.11054114168263318,0.02155962100059304,0.012344629660439449
484324222,qlstm,test,0.12783868465863676,0.10409629434405863,0.11407843011750958,0.02374239031457813,0.013760254541127184
484324222,qslstm,extrapolation,0.14341366860973975,0.06520854321503189,0.06775326350902963,0.07820512539470786,0.07566040510071012
484324222,qslstm,test,0.16709898228711223,0.09350932712740594,0.09031945081597734,0.0735896551597063,0.0767795314711349
867702092,qlstm,extrapolation,0.13732045553381952,0.08789955607854902,0.09710454321254039,0.049420899455270506,0.040215912321279135
867702092,qlstm,test,0.14689047216331655,0.10208488940443128,0.10514919267188219,0.04480558275888527,0.04174127949143436
867702092,qslstm,extrapolation,0.17175798132252973,0.07876677016196451,0.05517050278007046,0.09299121116056522,0.11658747854245927
867702092,qslstm,test,0.20396860206278758,0.1369879875005404,0.08827288856410678,0.06698061456224719,0.1156957134986808
975428833,qlstm,extrapolation,0.13060521099296843,0.10662723169553175,0.11515446816269233,0.023977979297436683,0.015450742830276101
975428833,qlstm,test,0.13550022534621814,0.10919204358680855,0.11881041416952744,0.02630818175940959,0.016689811176690703
975428833,qslstm,extrapolation,0.17695770166501518,0.10332958221254686,0.09827667845716498,0.07362811945246832,0.0786810232078502
975428833,qslstm,test,0.20433837835011434,0.13587162447064258,0.12515361396155422,0.06846675387947176,0.07918476438856012
1023290587,qlstm,extrapolation,0.12018047355773868,0.09028035179483457,0.10229211681842658,0.029900121762904117,0.017888356739312106
1023290587,qlstm,test,0.11936014089429657,0.09505527036139026,0.10660987401479707,0.02430487053290631,0.012750266879499497
1023290587,qslstm,extrapolation,0.18316747538933473,0.06799195355253641,0.05474010152442514,0.11517552183679831,0.1284273738649096
1023290587,qslstm,test,0.21349544686649732,0.11763052619796399,0.08782468387397382,0.09586492066853333,0.1256707629925235
1106723791,qlstm,extrapolation,0.10851166291879746,0.08166952403765325,0.09196696396005986,0.026842138881144215,0.0165446989587376
1106723791,qlstm,test,0.115569284150183,0.09016012009043264,0.095844520871889,0.025409164059750355,0.019724763278294005
1106723791,qslstm,extrapolation,0.17081282000391282,0.05904226746118042,0.047971410060300375,0.1117705525427324,0.12284140994361245
1106723791,qslstm,test,0.20864707602611748,0.09259269108837996,0.0765859256455728,0.11605438493773752,0.13206115038054467
1148376891,qlstm,extrapolation,0.1204650762255276,0.0779785807159398,0.08456954391269303,0.0424864955095878,0.03589553231283457
1148376891,qlstm,test,0.13114158388406838,0.09175233282760982,0.09303213926649621,0.03938925105645856,0.038109444617572166
1148376891,qslstm,extrapolation,0.21150224951056715,0.09437780332082901,0.060316585690277605,0.11712444618973814,0.15118566382028953
1148376891,qslstm,test,0.24418525322604273,0.1361311161276406,0.08454703325344223,0.10805413709840214,0.1596382199726005
1211904294,qlstm,extrapolation,0.1269729611384184,0.09566578689999528,0.11034034375438882,0.031307174238423136,0.016632617384029588
1211904294,qlstm,test,0.13648464149418496,0.10229843697540823,0.11338158424171539,0.03418620451877673,0.02310305725246957
1211904294,qslstm,extrapolation,0.15778315355060324,0.05759725354571046,0.06091962082780348,0.10018590000489278,0.09686353272279977
1211904294,qslstm,test,0.192514361439562,0.09493538439633116,0.08694459207509013,0.09757897704323083,0.10556976936447186
1212609727,qlstm,extrapolation,0.11943353226812621,0.09877593656755701,0.11516745910801528,0.0206575957005692,0.004266073160110934
1212609727,qlstm,test,0.1229181629973311,0.10587522896992897,0.11823514866548003,0.017042934027402132,0.004683014331851074
1212609727,qslstm,extrapolation,0.16302755934174887,0.06507308037158578,0.07223859019864803,0.09795447897016309,0.09078896914310083
1212609727,qslstm,test,0.1883459893593588,0.09243830613813496,0.09900050610508176,0.09590768322122385,0.08934548325427705
1668868548,qlstm,extrapolation,0.1263436095178652,0.10259079833394666,0.12103232306978115,0.023752811183918532,0.0053112864480840405
1668868548,qlstm,test,0.1290266043381721,0.10787875375497016,0.1219668720043338,0.021147850583201927,0.0070597323338382895
1668868548,qslstm,extrapolation,0.13868555882932343,0.044431452559266976,0.051738446406279566,0.09425410627005645,0.08694711242304387
1668868548,qslstm,test,0.16974788325090387,0.07820170942332831,0.0812563322902242,0.09154617382757556,0.08849155096067966
1710807515,qlstm,extrapolation,0.1096735369876645,0.08735284020078414,0.09928671814684235,0.022320696786880354,0.01038681884082214
1710807515,qlstm,test,0.11594428044331205,0.09415196817005474,0.10257042813543636,0.021792312273257314,0.013373852307875689
1710807515,qslstm,extrapolation,0.14711488196278377,0.050372292975759,0.057816283783556556,0.09674258898702477,0.08929859817922722
1710807515,qslstm,test,0.16974032145425658,0.08218342987800692,0.08458080255994978,0.08755689157624966,0.0851595188943068
1716202887,qlstm,extrapolation,0.1465924268668384,0.1195192470139135,0.13306351086126256,0.0270731798529249,0.013528916005575847
1716202887,qlstm,test,0.14931199736679268,0.12299248408782558,0.13485657292354447,0.026319513278967102,0.01445542444324821
1716202887,qslstm,extrapolation,0.1829370611439649,0.051267273254701214,0.060479750846950446,0.1316697878892637,0.12245731029701445
1716202887,qslstm,test,0.2038717110962103,0.09805943298781909,0.08904564627634333,0.10581227810839121,0.11482606481986697
1806016308,qlstm,extrapolation,0.147582251199728,0.12430726453540951,0.1438306155057267,0.0232749866643185,0.003751635694001304
1806016308,qlstm,test,0.1465641313530026,0.12488523982511228,0.14503287128725612,0.021678891527890334,0.001531260065746498
1806016308,qslstm,extrapolation,0.1455269789985063,0.0505325221981866,0.055386366647647914,0.0949944568003197,0.09014061235085839
1806016308,qslstm,test,0.1737263587490147,0.082406499774061,0.08710628757654167,0.0913198589749537,0.08662007117247304
1885117419,qlstm,extrapolation,0.11182507913715865,0.07982532225286408,0.09004490633139131,0.03199975688429457,0.021780172805767342
1885117419,qlstm,test,0.11974871434660572,0.08998318755452235,0.0945757670144047,0.02976552679208337,0.025172947332201018
1885117419,qslstm,extrapolation,0.19631668336058303,0.07273843765775294,0.061591175581409564,0.12357824570283009,0.13472550777917347
1885117419,qslstm,test,0.2226972397836206,0.10585351986984462,0.084414851120181,0.11684371991377598,0.13828238866343961
1952804984,qlstm,extrapolation,0.12701492485265775,0.10009821272538476,0.10553723948557697,0.026916712127272993,0.02147768536708078
1952804984,qlstm,test,0.13187583225155258,0.10570109641596884,0.10970842216694007,0.026174735835583746,0.02216741008461251
1952804984,qslstm,extrapolation,0.17384875316121717,0.08462478482470076,0.07495945255627441,0.08922396833651641,0.09888930060494276
1952804984,qslstm,test,0.18969028529469842,0.10966786074993842,0.09900399768762369,0.08002242454476,0.09068628760707473
1992756749,qlstm,extrapolation,0.1203771065859868,0.11173816205084448,0.11431108778617248,0.008638944535142315,0.006066018799814318
1992756749,qlstm,test,0.1231123353384969,0.11589451096436419,0.11557282951674736,0.007217824374132709,0.007539505821749545
1992756749,qslstm,extrapolation,0.14856461945064078,0.07304021492447324,0.05243199856362595,0.07552440452616754,0.09613262088701482
1992756749,qslstm,test,0.18269243320383266,0.12514236527040268,0.07727237826035951,0.05755006793342998,0.10542005494347315
2036585866,qlstm,extrapolation,0.11957163949336572,0.10195148762176616,0.11197445464143266,0.017620151871599557,0.007597184851933059
2036585866,qlstm,test,0.12491985618512169,0.10276181257422178,0.11435044586970247,0.022158043610899916,0.01056941031541922
2036585866,qslstm,extrapolation,0.20590902570293715,0.1476305317509998,0.07580117668084786,0.05827849395193735,0.13010784902208927
2036585866,qslstm,test,0.2330103467814784,0.20136361083096896,0.1045613058939963,0.03164673595050943,0.1284490408874821
